入力値,銘柄,名称,採用モード,上場日代理,底打ち候補日,経過日数,判定前最高値日,判定前最高値,高値からの下落率,底位置指数,実底前最高値日,実底前最高値,実底前上昇率,現在日,現在価格,現在まで保有リターン,年利換算,保有営業日,保有暦日,遅延買付営業日,遅延買付日,遅延買付価格,遅延買付リターン,遅延買付年利換算,遅延後保有営業日,遅延後保有暦日,下落待ち買付率,下落待ち目標価格,下落待ち買付日,下落待ち買付価格,下落待ちリターン,下落待ち年利換算,下落待ち保有営業日,下落待ち保有暦日,候補後最安値日,候補後最安値,候補後下落率,実底まで営業日,実底まで暦日,成否,判定,底検知買い順位,遅延買い順位,下落待ち順位,オルカン相当購入日,オルカン相当リターン,オルカン相当順位,エラー,エラー分類,現在時価総額(億円),底打ち時時価総額(億円),,50,75,100,,2-103,104-203,204-304,305-406,407-508
5136.T,5136.T,"tripla Co., Ltd.",汎用,2022/11/25,2026/6/22,1305,2023/3/8,3225,-42.95,0.0779,2026/6/22,1859,1.03,2026/6/24,1760,-4.35,-99.97,2,2,10,,,,,,,-5,1748,2026/6/22,1748,0.69,248.84,2,2,2026/6/22,1723,-6.36,0,0,許容,検出,3,,1,2026/6/22,-2.13,2,,,116.43,121.73,,-0.101564266,-0.033331742,-0.021476297,,-12.565,-11.22,4.6,65.78,159.22
5136,5136.T,"tripla Co., Ltd.",汎用,2022/11/25,2026/6/22,1305,2023/3/8,3225,-42.95,0.0779,2026/6/22,1859,1.03,2026/6/24,1760,-4.35,-99.97,2,2,10,,,,,,,-5,1748,2026/6/22,1748,0.69,248.84,2,2,2026/6/22,1723,-6.36,0,0,許容,検出,3,,1,2026/6/22,-2.13,2,,,116.43,121.73,,-0.082121301,-0.029644656,-0.03384955,,,,,,
7083,7083.T,AHC Group Inc.,汎用,2020/2/25,2026/6/17,2304,2024/6/27,5999.551,-84.92,0.0031,2026/6/17,905,0,2026/6/24,980,8.29,6270.95,5,7,10,,,,,,,-5,859.75,,,,,,,2026/6/17,889,-1.77,0,0,成功,検出,1,,,2026/6/17,-1.01,2,,,20.25,18.7,,-0.054799338,-0.031599677,-0.036868388,オルカン,7.94,27.37,65.13,81.48,133.45
7090,7090.T,Ligua Inc.,汎用,2020/3/13,2026/6/9,2279,2020/10/12,6130,-82.89,0.0565,2026/6/9,1049,0,2026/6/24,750,-28.5,-99.97,11,15,10,2026/6/23,813,-7.75,-100,1,1,-5,996.55,2026/6/9,996.55,-24.74,-99.9,11,15,2026/6/24,745,-28.98,11,15,早すぎ,検出,4,2,3,2026/6/9,0.41,1,,,11.8,16.51,,-0.022270188,-0.032488329,-0.033626924,,,,,,
4378,4378.T,CINC Corp.,汎用,2021/10/26,2026/6/8,1686,2021/10/27,4120,-81.72,0.0595,2026/6/10,1610,113.81,2026/6/24,550,-26.96,-99.92,12,16,10,2026/6/22,570,-3.51,-99.85,2,2,-5,715.35,2026/6/15,715.35,-23.11,-100,7,9,2026/6/24,540,-28.29,12,16,早すぎ,検出,4,2,3,2026/6/8,0.2,1,,,15.72,21.53,,-0.033694716,-0.036277367,-0.03162976,比,-1.582493703,-0.409937888,0.070627975,0.807314678,1.193106032
4270,4270.T,BeeX Inc.,汎用,2022/2/24,2026/6/5,1562,2022/3/1,5809.361,-61.79,0.1048,2026/6/5,2396,7.93,2026/6/24,1800,-18.92,-98.23,13,19,10,2026/6/19,1851,-2.76,-87.01,3,5,-5,2109,2026/6/8,2109,-14.65,-97.31,12,16,2026/6/24,1800,-18.92,13,19,早すぎ,検出,4,2,3,2026/6/5,0.55,1,,,42.01,51.82,,-0.045182392,-0.003356898,-0.032583088,,,,,,
7351,7351.T,"Goodpatch, Inc.",汎用,2020/7/1,2026/6/2,2162,2020/10/20,4391.7917,-88.3,0.016,2026/6/2,535,4.09,2026/6/24,454,-11.67,-87.26,16,22,10,2026/6/16,459,-1.09,-39.35,6,8,-5,488.3,2026/6/3,488.3,-7.02,-71.83,15,21,2026/6/10,451,-12.26,6,8,許容,検出,4,1,3,2026/6/2,-2.96,2,,,40.26,45.58,,-0.07029383,0.026467214,-0.033729881,,,,,,
9331,9331.T,Caster Co.Ltd.,汎用,2023/10/5,2026/6/2,971,2023/10/10,2426,-58.82,0.1481,2026/6/3,1149,15.02,2026/6/24,855,-14.41,-92.45,16,22,10,2026/6/16,1041,-17.87,-99.99,6,8,-5,949.05,2026/6/2,949.05,-9.91,-82.32,16,22,2026/6/8,751,-24.82,4,6,早すぎ,検出,3,4,2,2026/6/2,-2.96,1,,,14.82,17.32,,-0.089303621,0.02406711,-0.03156377,,,,,,
ADBE,ADBE,Adobe Inc.,汎用,1986/8/13,2026/6/2,14538,2021/11/22,699.54,-62.53,0.1413,2026/6/2,272.03,3.78,2026/6/23,197.43,-24.68,-99.28,14,21,10,2026/6/16,207.32,-4.77,-92.2,4,7,-5,249.0045,2026/6/8,249.0045,-20.71,-99.65,10,15,2026/6/18,190.12,-27.47,12,16,早すぎ,検出,4,2,3,2026/6/2,-2.96,1,,,,,,-0.099301132,0.030219839,-0.032668366,,,,,,
CRM,CRM,"Salesforce, Inc.",汎用,2004/6/23,2026/6/2,8014,2024/12/4,364.3349,-45.02,0.2477,2026/6/2,203.8638,1.77,2026/6/23,153.42,-23.41,-99.03,14,21,10,2026/6/16,161.71,-5.13,-93.58,4,7,-5,190.3068,2026/6/3,190.3068,-19.38,-98.05,13,20,2026/6/22,146.32,-26.96,13,20,早すぎ,検出,4,2,3,2026/6/2,-2.96,1,,,,,,-0.094331096,0.028080182,-0.03172965,,,,,,
9204.T,9204.T,Skymark Airlines Inc.,汎用,2001/1/4,2026/5/27,9274,2005/2/14,1654.1041,-75.45,0.0134,2026/6/1,433,6.65,2026/6/24,415,2.22,33.11,20,28,10,2026/6/10,403,2.98,115.01,10,14,-5,385.7,,,,,,,2026/6/3,389,-4.19,5,7,成功,検出,2,1,,2026/5/27,-1.53,3,,,258.07,252.47,,-0.094331096,0.032337076,-0.031028784,,,,,,
5256,5256.T,"Fusic Co., Ltd.",汎用,2023/4/3,2026/5/27,1150,2023/4/5,6760,-60.8,0.0887,2026/5/27,2899,9.4,2026/6/24,2327,-12.19,-81.65,20,28,10,2026/6/10,2362,-1.48,-32.26,10,14,-5,2517.5,2026/6/1,2517.5,-7.57,-71.34,17,23,2026/6/2,2250,-15.09,4,6,早すぎ,検出,4,1,3,2026/5/27,-1.53,2,,,29.31,33.38,,-0.10329246,0.024329487,-0.030499122,,,,,,
6191,6191.T,AirTrip Corp.,汎用,2016/3/31,2026/5/20,3702,2021/10/4,4475.0064,-81.92,0.0174,2026/5/26,890,10.01,2026/6/24,750,-7.29,-54.63,25,35,10,2026/6/3,802,-6.48,-68.84,15,21,-5,768.55,2026/6/11,768.55,-2.41,-49.66,9,13,2026/6/24,744,-8.03,25,35,許容,検出,4,3,2,2026/5/20,0.09,1,,,180.37,194.55,,-0.103374783,0.014917361,-0.035333698,,,,,,
6579,6579.T,"logly,Inc.",汎用,2018/6/21,2026/5/20,2890,2020/10/2,5900,-94.03,0.0061,2026/5/20,388,10.23,2026/6/24,335,-4.83,-40.34,25,35,10,2026/6/3,345,-2.9,-40.05,15,21,-5,334.4,2026/5/21,334.4,0.18,1.94,24,34,2026/5/21,318,-9.66,1,1,許容,検出,4,3,1,2026/5/20,0.09,2,,,13.39,14.07,,-0.079265795,0.012518349,-0.039690506,,,,,,
366A,366A.T,WELLNESS COMMUNICATIONS CORPORA,汎用,2025/6/23,2026/5/19,330,2025/6/24,1985.2489,-43.33,0.1224,2026/5/21,1154,2.58,2026/6/24,1036,-7.91,-56.66,26,36,10,2026/6/2,1082,-4.25,-51.39,16,22,-5,1068.75,2026/5/25,1068.75,-3.06,-31.54,22,30,2026/6/19,1005,-10.67,23,31,許容,検出,4,3,2,2026/5/19,1.36,1,,,135.48,147.11,,-0.076699787,0.018032436,-0.040397663,,,,,,
4420,4420.T,"eSOL Co.,Ltd.",汎用,2018/10/15,2026/5/18,2772,2020/1/29,2551.5568,-72.29,0.045,2026/5/18,718,1.56,2026/6/24,812,14.85,292.32,27,37,10,2026/6/1,790,2.78,54.68,17,23,-5,671.65,2026/5/18,671.65,20.9,550.95,27,37,2026/5/18,620,-12.31,0,0,許容,検出,2,3,1,2026/5/18,0.57,4,,,157.8,137.4,,-0.07610506,0.020324331,-0.036272102,,,,,,
269A,269A.T,SAPEET INC,汎用,2024/10/29,2026/5/12,560,2024/11/8,8460,-68.31,0.1022,2026/5/15,2878,7.35,2026/6/24,2334,-12.94,-69.19,31,43,10,2026/5/26,2525,-7.56,-62.87,21,29,-5,2546.95,2026/5/13,2546.95,-8.36,-53.2,30,42,2026/6/11,2023,-24.54,22,30,早すぎ,検出,4,2,3,2026/5/12,0.38,1,,,36.61,42.05,,-0.023256427,0.024870148,-0.032906394,,,,,,
6594.T,6594.T,Nidec Corporation,汎用,2001/1/4,2026/5/11,9258,2021/2/16,7270.6064,-62.18,0.0852,2026/5/12,2914,5.96,2026/6/25,2654,-3.49,-25.05,33,45,10,2026/5/25,2821,-5.92,-51.28,23,31,-5,2612.5,2026/5/13,2612.5,1.59,14.32,31,43,2026/5/13,2329,-15.31,2,2,早すぎ,検出,3,4,1,2026/5/11,-0.19,2,,,31947.66,33102.95,,-0.104288248,0.030378564,-0.03415159,,,,,,
6594,6594.T,Nidec Corporation,汎用,2001/1/4,2026/5/11,9258,2021/2/16,7270.6064,-62.18,0.0852,2026/5/12,2914,5.96,2026/6/25,2654,-3.49,-25.05,33,45,10,2026/5/25,2821,-5.92,-51.28,23,31,-5,2612.5,2026/5/13,2612.5,1.59,14.32,31,43,2026/5/13,2329,-15.31,2,2,早すぎ,検出,3,4,1,2026/5/11,-0.19,2,,,31947.66,33102.95,,-0.1095119,0.041628905,-0.030820246,,,,,,
6096,6096.T,RareJob Inc.,汎用,2014/6/30,2026/5/7,4329,2019/12/23,2902.609,-86.91,0.0217,2026/5/8,383,0.79,2026/6/24,389,2.37,19.5,34,48,10,2026/5/21,376,3.46,44.07,24,34,-5,361,2026/5/7,361,7.76,76.55,34,48,2026/5/15,324,-14.74,6,8,許容,検出,3,2,1,2026/5/7,0.85,4,,,37.28,36.42,,-0.113687141,0.060376899,-0.025819413,,,,,,
323A,323A.T,FLIER INC,汎用,2025/2/20,2026/4/30,434,2025/2/20,1185,-55.7,0.1892,2026/4/30,568,8.19,2026/6/24,382,-27.24,-87.9,36,55,10,2026/5/19,444,-13.96,-78.26,26,36,-5,498.75,2026/5/1,498.75,-23.41,-83.53,35,54,2026/6/11,371,-29.33,27,42,早すぎ,検出,4,2,3,2026/4/30,2.44,1,,,13.85,19.03,,-0.092812041,0.044156363,-0.024201232,,,,,,
5592,5592.T,"Kusurinomadoguchi, Inc.",汎用,2023/10/4,2026/4/28,937,2025/9/29,4615.0199,-33.69,0.297,2026/5/19,3100,1.31,2026/6/24,2562,-16.27,-67.96,37,57,10,2026/5/18,2879,-11.01,-68.39,27,37,-5,2907,2026/4/30,2907,-11.87,-56.78,36,55,2026/6/4,2403,-21.47,23,37,早すぎ,検出,4,2,3,2026/4/28,3.75,1,,,269.3,321.63,,-0.079863809,0.046935861,-0.023710492,,,,,,
SIRI,SIRI,Sirius XM Holdings Inc.,汎用,1994/9/13,2026/4/22,11544,2000/3/1,546.1608,-94.91,0.0056,2026/4/23,28.4834,2.53,2026/6/25,28.01,0.83,4.81,44,64,10,2026/5/6,26.4142,6.04,53.5,34,50,-5,26.3914,2026/4/22,26.3914,6.13,40.45,44,64,2026/4/30,24.84,-10.58,6,8,許容,検出,4,2,1,2026/4/22,3.37,3,,,,,,-0.076200034,0.047137289,-0.025186256,,,,,,
205A,205A.T,LOGOS HOLDINGS INC.,汎用,2024/6/28,2026/4/20,661,2024/7/23,3145.0694,-38.59,0.2401,2026/4/30,2030.216,5.11,2026/6/24,1600,-17.16,-65.29,43,65,10,2026/5/8,1982.7991,-19.31,-81.12,33,47,-5,1834.9359,2026/5/22,1834.9359,-12.8,-78.05,23,33,2026/6/23,1548,-19.86,42,64,早すぎ,検出,3,4,2,2026/4/20,3.21,1,,,65.33,78.87,,-0.076200034,0.050193651,-0.025406954,,,,,,
177A,177A.T,KOHJIN BIO CO LTD,汎用,2024/4/25,2026/4/17,722,2024/7/18,2998.6458,-54.58,0.1968,2026/5/15,1882,38.18,2026/6/24,963,-29.3,-84.46,44,68,10,2026/5/7,1508,-36.14,-96.7,34,48,-5,1293.9,2026/5/15,1293.9,-25.57,-93.26,28,40,2026/6/1,961,-29.44,27,45,早すぎ,検出,3,4,2,2026/4/17,2.87,1,,,44.37,62.76,,-0.079831373,-0.009686521,-0.027117581,,,,,,
5575,5575.T,Globee Inc.,汎用,2023/6/14,2026/4/17,1038,2023/6/22,4495,-83.76,0.0326,2026/4/22,980,34.25,2026/6/24,620,-15.07,-58.41,44,68,10,2026/5/7,759,-18.31,-78.55,34,48,-5,693.5,2026/4/17,693.5,-10.6,-45.22,44,68,2026/6/23,603,-17.4,43,67,早すぎ,検出,3,4,2,2026/4/17,2.87,1,,,32.16,37.86,,-0.08008737,-0.044432209,-0.032239078,,,,,,
6552,6552.T,GameWith Inc.,汎用,2017/7/3,2026/4/10,3203,2018/1/15,2450,-89.18,0.0383,2026/4/10,295,11.32,2026/6/24,181,-31.7,-84.38,49,75,10,2026/4/24,216,-16.2,-65.3,39,61,-5,251.75,2026/4/10,251.75,-28.1,-79.95,49,75,2026/6/23,178,-32.83,48,74,早すぎ,検出,4,2,3,2026/4/10,7.03,1,,,31.61,46.28,,-0.076041273,-0.060990976,-0.036363037,,,,,,
5129,5129.T,FIXER Inc.,汎用,2022/10/6,2026/4/8,1280,2023/1/16,3095,-85.78,0.0723,2026/4/9,520,18.18,2026/6/24,253,-42.5,-92.76,51,77,10,2026/4/22,404,-37.38,-93.37,41,63,-5,418,2026/4/8,418,-39.47,-90.76,51,77,2026/6/19,233,-47.05,48,72,早すぎ,検出,4,2,3,2026/4/8,7.34,1,,,38.67,67.25,,-0.087874594,-0.067550892,-0.042832545,,,,,,
4884,4884.T,"Kringle Pharma, Inc.",汎用,2020/12/28,2026/4/3,1922,2020/12/28,1780,-71.29,0.15,2026/4/3,601,17.61,2026/6/24,305,-40.31,-89.96,54,82,10,2026/4/17,486,-37.24,-91.81,44,68,-5,485.45,2026/4/6,485.45,-37.17,-88.34,53,79,2026/6/15,287,-43.84,47,73,早すぎ,検出,4,3,2,2026/4/6,10.76,1,,,27.38,45.88,,-0.102799779,-0.068185744,-0.047710952,,,,,,
9213.T,9213.T,Seyfert Ltd.,汎用,2022/2/4,2026/4/3,1519,2025/9/10,2276.8341,-60.47,0.0464,2026/4/3,924,2.67,2026/6/24,1040,15.56,90.41,54,82,10,2026/4/17,993,4.73,28.2,44,68,-5,855,2026/4/3,855,21.64,139.28,54,82,2026/4/3,833,-7.44,0,0,許容,検出,2,4,1,2026/4/6,10.76,3,,,14.26,12.34,,-0.114148925,-0.066661435,-0.05126244,,,,,,
9213,9213.T,Seyfert Ltd.,汎用,2022/2/4,2026/4/3,1519,2025/9/10,2276.8341,-60.47,0.0464,2026/4/3,924,2.67,2026/6/24,1040,15.56,90.41,54,82,10,2026/4/17,993,4.73,28.2,44,68,-5,855,2026/4/3,855,21.64,139.28,54,82,2026/4/3,833,-7.44,0,0,許容,検出,2,4,1,2026/4/6,10.76,3,,,14.26,12.34,,-0.065650041,-0.063854038,-0.050581973,,,,,,
6522,6522.T,Asterisk Inc.,汎用,2021/9/30,2026/3/24,1636,2021/11/16,6685,-85.04,0.0528,2026/3/27,1699,69.9,2026/6/24,1136,13.6,65.9,62,92,10,2026/4/7,1058,7.37,39.53,52,78,-5,950,2026/4/15,950,19.58,154.21,46,70,2026/6/12,683,-31.7,54,80,早すぎ,検出,2,4,1,2026/3/24,12.45,3,,,156.76,137.99,,-0.023927402,-0.062094994,-0.050258017,,,,,,
254A,254A.T,Ai Fusion Capital Group Corp.,汎用,2002/3/19,2026/3/19,8766,2016/1/12,3624.1384,-68.16,0.1156,2026/3/19,1161,0.61,2026/6/24,993,-13.95,-43.21,64,97,10,2026/4/3,1070,-7.2,-28.3,54,82,-5,1096.3,2026/3/23,1096.3,-9.42,-32.2,63,93,2026/5/18,831,-27.99,37,60,早すぎ,検出,4,2,3,2026/3/19,11.37,1,,,88.07,102.35,,-0.0253701,-0.056875879,-0.027021484,,,,,,
192A,192A.T,INTEGROUP INC,汎用,2024/6/18,2026/3/9,629,2024/6/24,8390.3523,-74.34,0.1336,2026/3/11,2302,6.92,2026/6/24,1208,-43.89,-86.09,72,107,10,2026/3/24,1793,-32.63,-79.15,62,92,-5,2045.35,2026/3/9,2045.35,-40.94,-83.43,72,107,2026/6/22,1191,-44.68,70,105,早すぎ,検出,4,2,3,2026/3/9,8.52,1,,,26.51,47.25,,-0.013851195,-0.058239375,-0.010324093,,,,,,
6965.T,6965.T,Hamamatsu Photonics K.K.,汎用,2001/1/1,2026/2/25,9186,2023/5/8,3582.4821,-43.59,0.1535,2026/3/3,2360.6576,16.81,2026/6/25,2739.5,35.55,152.4,81,120,10,2026/3/11,2078.448,31.81,158.97,71,106,-5,1919.9651,2026/3/4,1919.9651,42.68,215.5,76,113,2026/3/23,1737.8163,-14.01,17,26,許容,検出,2,3,1,2026/2/25,4.43,4,,,7732.91,5704.84,,-0.031421763,-0.061717123,-0.01440876,,,,,,
6965,6965.T,Hamamatsu Photonics K.K.,汎用,2001/1/1,2026/2/25,9186,2023/5/8,3582.4821,-43.59,0.1535,2026/3/3,2360.6576,16.81,2026/6/25,2739.5,35.55,152.4,81,120,10,2026/3/11,2078.448,31.81,158.97,71,106,-5,1919.9651,2026/3/4,1919.9651,42.68,215.5,76,113,2026/3/23,1737.8163,-14.01,17,26,許容,検出,2,3,1,2026/2/25,4.43,4,,,7732.91,5704.84,,-0.020596169,-0.060117214,-0.014500299,,,,,,
4264,4264.T,"Secure, Inc.",汎用,2021/12/28,2026/2/24,1519,2023/6/21,3990,-53.91,0.1565,2026/3/11,1989,8.16,2026/6/24,1508,-18,-45.34,81,120,10,2026/3/10,1939,-22.23,-57.95,71,106,-5,1747.05,2026/2/24,1747.05,-13.68,-36.1,81,120,2026/6/11,1440,-21.7,72,107,早すぎ,検出,3,4,2,2026/2/24,5.36,1,,,96.82,118.07,,-0.032151496,-0.058634941,-0.010065231,,,,,,
WEAT|ETF,WEAT,Teucrium Wheat Fund,汎用,2011/9/19,2026/2/23,5271,2012/8/1,129.7,-83.11,0.0033,2026/2/23,22.24,1.51,2026/6/25,22.4,2.24,6.85,85,122,10,2026/3/9,22.98,-2.52,-8.28,75,108,-5,20.8145,,,,,,,2026/2/25,21.55,-1.64,2,2,成功,検出,2,3,,2026/2/23,6.13,1,,,,,,-0.051074935,-0.065492856,-0.013226006,,,,,,
246A,246A.T,ASUA INC,汎用,2024/9/26,2026/2/19,511,2024/10/9,1421.9115,-35.23,0.0722,2026/2/19,1220,32.46,2026/6/24,1122,21.82,78.04,83,125,10,2026/3/6,1019,10.11,37.68,73,110,-5,874.95,,,,,,,2026/2/19,882,-4.23,0,0,成功,検出,1,2,,2026/2/19,6.08,3,,,25.65,21.06,,-0.049387054,-0.069613154,-0.014514602,,,,,,
196A,196A.T,MFS INC,汎用,2024/6/21,2026/2/18,607,2025/6/9,578,-45.5,0.2528,2026/2/18,321,1.9,2026/6/24,251,-20.32,-48.23,84,126,10,2026/3/5,253,-0.79,-2.58,74,111,-5,299.25,2026/2/19,299.25,-16.12,-40.18,83,125,2026/3/23,226,-28.25,21,33,早すぎ,検出,4,2,3,2026/2/18,5.87,1,,,28.45,35.71,,-0.033777913,-0.068432513,-0.012924412,,,,,,
8113.T,8113.T,Unicharm Corporation,汎用,2001/1/1,2026/2/17,9178,2023/8/9,1922.6038,-43.83,0.1941,2026/2/24,1104,2.22,2026/6/24,916.4,-15.15,-37.65,85,127,10,2026/3/4,962.9,-4.83,-14.91,75,112,-5,1026,2026/3/3,1026,-10.68,-30.59,76,113,2026/6/5,877.1,-18.79,72,108,早すぎ,検出,4,2,3,2026/2/17,6.32,1,,,16516.24,19465.22,,-0.032511184,-0.064284252,-0.013863962,,,,,,
8113,8113.T,Unicharm Corporation,汎用,2001/1/1,2026/2/17,9178,2023/8/9,1922.6038,-43.83,0.1941,2026/2/24,1104,2.22,2026/6/24,916.4,-15.15,-37.65,85,127,10,2026/3/4,962.9,-4.83,-14.91,75,112,-5,1026,2026/3/3,1026,-10.68,-30.59,76,113,2026/6/5,877.1,-18.79,72,108,早すぎ,検出,4,2,3,2026/2/17,6.32,1,,,16516.24,19465.22,,-0.011248428,-0.05680746,-0.008467185,,,,,,
7201.T,7201.T,"Nissan Motor Co., Ltd.",汎用,2000/1/4,2026/2/17,9541,2015/6/3,1037.6629,-55.3,0.2254,2026/2/17,466,0.47,2026/6/25,302,-34.89,-70.6,86,128,10,2026/3/4,373.5,-19.14,-49.68,76,113,-5,440.61,2026/2/20,440.61,-31.46,-66.84,83,125,2026/6/25,296.8,-36.01,86,128,早すぎ,検出,4,2,3,2026/2/17,6.32,1,,,10947.17,16813.35,,0.018408914,-0.052866225,-0.004986412,,,,,,
7201,7201.T,"Nissan Motor Co., Ltd.",汎用,2000/1/4,2026/2/17,9541,2015/6/3,1037.6629,-55.3,0.2254,2026/2/17,466,0.47,2026/6/25,302,-34.89,-70.6,86,128,10,2026/3/4,373.5,-19.14,-49.68,76,113,-5,440.61,2026/2/20,440.61,-31.46,-66.84,83,125,2026/6/25,296.8,-36.01,86,128,早すぎ,検出,4,2,3,2026/2/17,6.32,1,,,10947.17,16813.35,,0.043904742,-0.043198452,0.001846184,,,,,,
9843.T,9843.T,"Nitori Holdings Co., Ltd.",汎用,2002/10/29,2026/2/16,8511,2024/3/25,4772.0996,-30.29,0.4343,2026/2/18,3472.6243,4.39,2026/6/25,2397,-27.94,-60.46,87,129,10,2026/3/3,2958.1428,-18.97,-49.03,77,114,-5,3160.1576,2026/2/25,3160.1576,-24.15,-56.89,81,120,2026/4/30,2216.5,-33.37,50,73,早すぎ,検出,4,2,3,2026/2/17,6.32,1,,,13219.51,18345.15,,0.077890793,-0.031280211,0.009889814,,,,,,
9843,9843.T,"Nitori Holdings Co., Ltd.",汎用,2002/10/29,2026/2/16,8511,2024/3/25,4772.0996,-30.29,0.4343,2026/2/18,3472.6243,4.39,2026/6/25,2397,-27.94,-60.46,87,129,10,2026/3/3,2958.1428,-18.97,-49.03,77,114,-5,3160.1576,2026/2/25,3160.1576,-24.15,-56.89,81,120,2026/4/30,2216.5,-33.37,50,73,早すぎ,検出,4,2,3,2026/2/17,6.32,1,,,13219.51,18345.15,,0.086966331,-0.022166472,0.017493409,,,,,,
4911.T,4911.T,"Shiseido Company, Limited",汎用,2000/1/4,2026/2/16,9540,2019/10/31,8543.2414,-61.67,0.1353,2026/4/7,3535,7.94,2026/6/25,2500,-23.66,-53.45,87,129,10,2026/3/3,3068,-18.51,-48.11,77,114,-5,3111.25,2026/2/18,3111.25,-19.65,-46.69,85,127,2026/6/23,2451,-25.16,85,127,早すぎ,検出,4,2,3,2026/2/17,6.32,1,,,11065.44,14494.94,,0.133271606,-0.011820639,0.021661332,,,,,,
4911,4911.T,"Shiseido Company, Limited",汎用,2000/1/4,2026/2/16,9540,2019/10/31,8543.2414,-61.67,0.1353,2026/4/7,3535,7.94,2026/6/25,2500,-23.66,-53.45,87,129,10,2026/3/3,3068,-18.51,-48.11,77,114,-5,3111.25,2026/2/18,3111.25,-19.65,-46.69,85,127,2026/6/23,2451,-25.16,85,127,早すぎ,検出,4,2,3,2026/2/17,6.32,1,,,11065.44,14494.94,,0.16515879,-0.007147058,0.023636575,,,,,,
349A,349A.T,SMDAM Active ETF Japan Growth Equity,汎用,2025/3/26,2026/2/13,324,2025/3/26,4933.6943,-84.84,0.0192,2026/2/20,799,6.83,2026/6/25,863.3,15.42,48.72,88,132,10,2026/3/2,740.4,16.6,62.87,78,115,-5,710.5507,2026/3/4,710.5507,21.5,87.65,76,113,2026/3/23,666,-10.96,24,38,許容,検出,3,2,1,2026/2/13,6.37,4,,,,,,0.201874319,-0.002225089,0.029465792,,,,,,
6614,6614.T,"Shikino High-Tech CO.,LTD.",汎用,2021/3/25,2026/2/12,1785,2021/6/24,4998.0077,-73.29,0.1434,2026/2/12,1335.0306,0,2026/6/24,895,-32.96,-66.93,88,132,10,2026/2/27,893.2925,0.19,0.6,78,117,-5,1268.2791,2026/2/12,1268.2791,-29.43,-61.89,88,132,2026/6/11,722,-45.92,79,119,早すぎ,検出,4,2,3,2026/2/12,6.58,1,,,38.33,57.18,,0.034016064,-0.002161283,0.028763221,,,,,,
6645.T,6645.T,OMRON Corporation,汎用,2001/1/4,2026/2/10,9168,2021/12/16,11174.9433,-56.93,0.0882,2026/2/25,5589.2002,16.12,2026/6/25,5831,21.14,68.02,90,135,10,2026/2/26,5362.8647,8.73,29.29,80,119,-5,4572.6673,2026/3/9,4572.6673,27.52,127.53,73,108,2026/3/30,4198,-12.78,31,48,許容,検出,2,3,1,2026/2/10,5.38,4,,,11907.88,9829.85,,-0.027784438,-0.007551013,0.026113969,,,,,,
6645,6645.T,OMRON Corporation,汎用,2001/1/4,2026/2/10,9168,2021/12/16,11174.9433,-56.93,0.0882,2026/2/25,5589.2002,16.12,2026/6/25,5831,21.14,68.02,90,135,10,2026/2/26,5362.8647,8.73,29.29,80,119,-5,4572.6673,2026/3/9,4572.6673,27.52,127.53,73,108,2026/3/30,4198,-12.78,31,48,許容,検出,2,3,1,2026/2/10,5.38,4,,,11907.88,9829.85,,-0.042893651,-0.01092945,0.020704735,,,,,,
2897.T,2897.T,"Nissin Foods Holdings Co.,Ltd.",汎用,2001/1/1,2026/1/21,9151,2023/12/7,4954.7295,-38.93,0.2055,2026/2/16,3314.5479,9.54,2026/6/25,2732.5,-9.7,-21.37,104,155,10,2026/2/4,3112.9473,-12.22,-28.66,94,141,-5,2874.6833,2026/3/12,2874.6833,-4.95,-16.18,70,105,2026/6/2,2527,-16.49,87,132,早すぎ,検出,3,4,2,2026/1/21,7.79,1,,,8188.34,9067.93,,-0.044363397,-0.015287019,0.019212977,,,,,,
2897,2897.T,"Nissin Foods Holdings Co.,Ltd.",汎用,2001/1/1,2026/1/21,9151,2023/12/7,4954.7295,-38.93,0.2055,2026/2/16,3314.5479,9.54,2026/6/25,2732.5,-9.7,-21.37,104,155,10,2026/2/4,3112.9473,-12.22,-28.66,94,141,-5,2874.6833,2026/3/12,2874.6833,-4.95,-16.18,70,105,2026/6/2,2527,-16.49,87,132,早すぎ,検出,3,4,2,2026/1/21,7.79,1,,,8188.34,9067.93,,-0.037217832,-0.014663952,0.02139808,,,,,,
7745.T,7745.T,"A&D HOLON Holdings Company, Limited",汎用,2005/2/25,2026/1/15,7629,2024/7/5,3362.2125,-32.81,0.0677,2026/1/16,2314.3069,2.45,2026/6/24,2733,20.99,54.48,107,160,10,2026/1/29,2273.7742,20.2,58.44,97,146,-5,2145.998,,,,,,,2026/1/21,2178.869,-3.54,4,6,成功,検出,1,2,,2026/1/15,7.06,3,,,799.71,660.97,,-0.028366013,-0.012857056,0.022123785,,,,,,
7745,7745.T,"A&D HOLON Holdings Company, Limited",汎用,2005/2/25,2026/1/15,7629,2024/7/5,3362.2125,-32.81,0.0677,2026/1/16,2314.3069,2.45,2026/6/24,2733,20.99,54.48,107,160,10,2026/1/29,2273.7742,20.2,58.44,97,146,-5,2145.998,,,,,,,2026/1/21,2178.869,-3.54,4,6,成功,検出,1,2,,2026/1/15,7.06,3,,,799.71,660.97,,-0.025319565,-0.012031986,0.022511457,,,,,,
4434,4434.T,"Serverworks Co.,Ltd.",汎用,2019/3/14,2026/1/7,2491,2020/4/17,11048.5663,-82.8,0.0155,2026/1/21,2135.7273,12.41,2026/6/24,1902,0.11,0.23,112,168,10,2026/1/22,2022.2822,-5.95,-13.62,102,153,-5,1804.961,2026/2/24,1804.961,5.38,17.28,81,120,2026/2/24,1755.9329,-7.58,31,48,許容,検出,3,4,2,2026/1/7,7.94,1,,,147.35,147.19,,-0.023248174,-0.011516233,0.024535064,,,,,,
7073,7073.T,"JAIC Co.,Ltd.",汎用,2019/10/29,2026/1/7,2262,2019/10/30,13313.6981,-80.54,0.0593,2026/1/28,2794.7285,7.87,2026/6/24,2199,-15.12,-29.98,112,168,10,2026/1/22,2698.6292,-18.51,-38.66,102,153,-5,2461.2244,2026/1/29,2461.2244,-10.65,-24.56,97,146,2026/3/19,1915,-26.08,48,71,早すぎ,検出,3,4,2,2026/1/7,7.94,1,,,23,27.09,,-0.019669919,0.005809143,0.025466917,,,,,,
314A,314A.T,iShares Gold ETF,汎用,2025/1/14,2025/12/24,344,2025/1/16,1993.09,-83.36,0.0167,2026/1/29,405.9,22.37,2026/6/25,305.2,-7.99,-15.31,120,183,10,2026/1/13,345.5,-11.66,-24.26,110,163,-5,315.115,2026/6/11,315.115,-3.15,-56.57,10,14,2026/6/25,303.4,-8.53,120,183,許容,検出,3,4,2,2025/12/24,8.77,1,,,,,,-0.021042321,0.017955783,0.024310413,,,,,,
7065,7065.T,UPR Corporation,汎用,2019/6/12,2025/12/16,2379,2020/7/13,4553.2066,-82.32,0.0064,2025/12/16,816,1.37,2026/6/24,944,17.27,35.83,125,190,10,2025/12/30,839,12.51,27.72,115,176,-5,764.75,,,,,,,2025/12/25,781,-2.98,7,9,成功,検出,1,2,,2025/12/16,10.89,3,,,82.03,69.95,,-0.018824233,0.017348886,0.026888794,,,,,,
6558,6558.T,"Cookbiz Co.,Ltd.",汎用,2017/11/28,2025/12/11,2935,2017/11/29,6750,-89.07,0.0199,2026/1/26,915,23.98,2026/6/24,649,-12.06,-21.39,128,195,10,2025/12/25,817,-20.56,-37.16,118,181,-5,701.1,2025/12/15,701.1,-7.43,-13.73,126,191,2026/6/3,616,-16.53,113,174,早すぎ,検出,3,4,2,2025/12/11,9.37,1,,,17.93,20.39,,-0.016956247,0.017177896,0.028792234,,,,,,
6081,6081.T,"Allied Architects, Inc.",汎用,2013/12/2,2025/12/5,4386,2014/1/9,2200,-88.27,0.0527,2026/2/20,466,80.62,2026/6/24,154,-40.31,-60.85,132,201,10,2025/12/19,204,-24.51,-42.26,122,187,-5,245.1,2025/12/5,245.1,-37.17,-57.02,132,201,2026/6/11,150,-41.86,123,188,早すぎ,検出,4,2,3,2025/12/5,10.2,1,,,25.99,43.54,,-0.017547252,0.019823495,0.028951847,,,,,,
ODFL,ODFL,"Old Dominion Freight Line, Inc.",汎用,1991/10/24,2025/12/5,12461,2024/11/11,230.7027,-32.93,0.0873,2025/12/8,156.6125,1.21,2026/6/25,222.1121,43.54,92.24,137,202,10,2025/12/19,156.9715,41.5,96.28,127,188,-5,147.0006,,,,,,,2025/12/9,147.4669,-4.7,2,4,成功,検出,1,2,,2025/12/5,10.2,3,,,,,,-0.02981363,0.015205943,0.029273819,,,,,,
SYNA,SYNA,Synaptics Incorporated,汎用,2002/1/29,2025/12/5,8711,2021/12/7,299.39,-74.09,0.0555,2026/2/12,97,25.05,2026/6/25,129.98,67.56,154.31,137,202,10,2025/12/19,74.12,75.36,197.81,127,188,-5,73.6915,2025/12/16,73.6915,76.38,196.01,130,191,2026/3/30,64.53,-16.81,77,115,早すぎ,検出,3,2,1,2025/12/5,10.2,4,,,,,,-0.036633422,0.014299098,0.031939965,,,,,,
4424,4424.T,"Amazia,inc.",汎用,2018/12/20,2025/11/21,2528,2020/3/3,5705,-91.15,0.0561,2025/11/26,705,39.6,2026/6/24,200,-60.4,-79.27,141,215,10,2025/12/8,347,-42.36,-63.81,131,198,-5,479.75,2025/11/21,479.75,-58.31,-77.38,141,215,2026/6/5,196,-61.19,128,196,早すぎ,検出,4,2,3,2025/11/21,14.44,1,,,17.89,45.18,,-0.036633422,0.01512996,0.033973949,,,,,,
6072,6072.T,"Jibannet Holdings Co., Ltd.",汎用,2013/1/17,2025/11/19,4689,2013/5/15,2809.7228,-93.77,0.0034,2025/11/19,181,3.43,2026/6/24,1115,537.14,2157.75,143,217,10,2025/12/4,171,552.05,2867.24,133,202,-5,166.25,2025/11/25,166.25,570.68,2596.06,140,211,2025/11/25,166,-5.14,3,6,許容,検出,3,2,1,2025/11/19,13.82,4,,,234.62,36.82,,-0.036615925,0.011548619,0.03347822,,,,,,
157A,157A.T,GREEN MONSTER INC,汎用,2024/3/29,2025/11/19,600,2024/3/29,1932.4689,-45.04,0.2791,2025/11/20,1199,12.9,2026/6/24,914,-13.94,-22.32,143,217,10,2025/12/4,738,23.85,47.22,133,202,-5,1008.9,2025/11/19,1008.9,-9.41,-15.32,143,217,2025/12/5,725,-31.73,11,16,早すぎ,検出,4,1,3,2025/11/19,13.82,2,,,27.95,32.47,,0.024454747,0.07666847,0.093353556,,,,,,
4438,4438.T,Welby Inc.,汎用,2019/4/1,2025/11/12,2417,2019/6/11,5000,-89.6,0.0574,2025/11/13,558,7.31,2026/6/24,251,-51.73,-69.51,148,224,10,2025/11/27,295,-14.92,-24.59,138,209,-5,494,2025/11/12,494,-49.19,-66.85,148,224,2026/6/15,247,-52.5,141,215,早すぎ,検出,4,2,3,2025/11/12,10.02,1,,,21,43.51,,0.021845743,0.074823405,0.095363471,,,,,,
6506.T,6506.T,YASKAWA Electric Corporation,汎用,2001/1/1,2025/10/14,9052,2024/3/7,6656.3091,-39.36,0.1283,2025/10/24,4608.814,14.18,2026/6/25,7223,78.94,130.89,169,254,10,2025/10/28,4326.6011,66.94,118.13,159,240,-5,3834.6166,2025/11/18,3834.6166,88.36,187.5,145,219,2025/11/21,3650.8803,-9.55,27,38,許容,検出,2,3,1,2025/10/14,13.74,4,,,19398.13,10840.58,,0.017957211,0.071061148,0.095033911,,,,,,
6506,6506.T,YASKAWA Electric Corporation,汎用,2001/1/1,2025/10/14,9052,2024/3/7,6656.3091,-39.36,0.1283,2025/10/24,4608.814,14.18,2026/6/25,7223,78.94,130.89,169,254,10,2025/10/28,4326.6011,66.94,118.13,159,240,-5,3834.6166,2025/11/18,3834.6166,88.36,187.5,145,219,2025/11/21,3650.8803,-9.55,27,38,許容,検出,2,3,1,2025/10/14,13.74,4,,,19398.13,10840.58,,0.015113555,0.067504621,0.086596731,,,,,,
9158.T,9158.T,CUC Inc.,汎用,2023/6/21,2025/10/8,840,2023/6/21,5130,-75.15,0.1325,2025/10/10,1316,3.22,2026/6/24,809,-36.55,-47.35,171,259,10,2025/10/23,1171,-30.91,-42.51,161,244,-5,1211.25,2025/10/14,1211.25,-33.21,-44.16,168,253,2026/5/11,686,-46.2,139,215,早すぎ,検出,4,2,3,2025/10/8,11.83,1,,,238.04,375.16,,0.00665404,0.062897483,0.076760194,,,,,,
BIIB,BIIB,Biogen Inc.,汎用,1991/9/17,2025/10/3,12435,2015/3/20,480.18,-66.7,0.0639,2025/10/3,160.2,0.2,2026/6/25,205.13,28.3,40.99,181,265,10,2025/10/17,143,43.45,69.05,171,251,-5,151.886,2025/10/8,151.886,35.06,52.53,178,260,2025/10/30,138,-13.69,19,27,許容,検出,3,1,2,2025/10/3,12.26,4,,,,,,0.006697129,0.056944439,0.074829185,,,,,,
4446,4446.T,Link-U Group Inc.,汎用,2019/7/18,2025/9/30,2266,2020/6/22,2900,-77.72,0.0433,2025/10/15,1814,180.8,2026/6/24,658,1.86,2.55,177,267,10,2025/10/15,1595,-58.75,-72.29,167,252,-5,613.7,2026/6/1,613.7,7.22,202.48,17,23,2026/6/3,544,-15.79,162,246,早すぎ,検出,3,4,2,2025/9/30,13.28,1,,,131.11,128.72,,0.00603586,0.054649774,0.071241793,,,,,,
304A,304A.T,FORCIA INC,汎用,2024/12/26,2025/9/26,274,2024/12/30,5400,-53.98,0.2172,2025/9/30,2749,10.62,2026/6/24,1795,-27.77,-35.49,179,271,10,2025/10/10,2449,-26.7,-35.7,169,257,-5,2360.75,2025/10/14,2360.75,-23.96,-32.67,168,253,2026/6/5,1676,-32.56,166,252,早すぎ,検出,4,3,2,2025/9/26,14.02,1,,,23.27,32.22,,0.005644006,0.057880805,0.074608466,,,,,,
7093,7093.T,"adish Co., Ltd.",汎用,2020/3/26,2025/9/25,2009,2020/5/28,4430,-82.98,0.0731,2025/9/25,915,21.35,2026/6/24,486,-35.54,-44.55,180,272,10,2025/10/9,577,-15.77,-21.57,170,258,-5,716.3,2025/9/26,716.3,-32.15,-40.71,179,271,2026/6/24,464,-38.46,180,272,早すぎ,検出,4,2,3,2025/9/25,14.62,1,,,10.42,16.16,,0.000785635,0.053002219,0.072548304,,,,,,
6323.T,6323.T,Rorze Corporation,汎用,2000/1/4,2025/9/22,9393,2024/7/9,3478.014,-39.59,0.1481,2025/10/7,2526.9612,20.27,2026/6/25,4836,130.17,201.38,183,276,10,2025/10/7,2403.0759,101.24,166.09,173,261,-5,1996.0208,2025/10/23,1996.0208,142.28,274.07,162,245,2025/11/19,1861.7619,-11.39,39,58,許容,検出,2,3,1,2025/9/22,13.14,4,,,8567.53,3722.26,,-0.010332266,0.047923566,0.070446892,,,,,,
6323,6323.T,Rorze Corporation,汎用,2000/1/4,2025/9/22,9393,2024/7/9,3478.014,-39.59,0.1481,2025/10/7,2526.9612,20.27,2026/6/25,4836,130.17,201.38,183,276,10,2025/10/7,2403.0759,101.24,166.09,173,261,-5,1996.0208,2025/10/23,1996.0208,142.28,274.07,162,245,2025/11/19,1861.7619,-11.39,39,58,許容,検出,2,3,1,2025/9/22,13.14,4,,,8567.53,3722.26,,-0.011700912,0.044355004,0.067809303,,,,,,
IMOS,IMOS,ChipMOS TECHNOLOGIES INC.,汎用,2003/7/3,2025/9/22,8117,2021/9/3,35.0454,-43.87,0.0599,2025/9/23,20.1,2.19,2026/6/25,59.98,204.93,337.3,190,276,10,2025/10/6,20.11,198.26,358.8,180,262,-5,18.6865,,,,,,,2025/9/26,18.69,-4.98,4,4,成功,検出,1,2,,2025/9/22,13.14,3,,,,,,-0.016039393,0.048634325,0.065008511,,,,,,
7735.T,7735.T,"SCREEN Holdings Co., Ltd.",汎用,2001/1/1,2025/9/18,9026,2024/3/7,9673.9909,-32.72,0.1886,2025/10/7,7690.8593,18.16,2026/6/24,16210,149.05,230.22,184,279,10,2025/10/3,7120.9824,127.64,212.07,174,264,-5,6183.2369,2025/11/4,6183.2369,162.16,356.01,154,232,2025/11/13,5773.0999,-11.3,37,56,許容,検出,2,3,1,2025/9/18,13.85,4,,,35813.24,14379.94,,-0.019714511,0.050128837,0.068536089,,,,,,
7735,7735.T,"SCREEN Holdings Co., Ltd.",汎用,2001/1/1,2025/9/18,9026,2024/3/7,9673.9909,-32.72,0.1886,2025/10/7,7690.8593,18.16,2026/6/24,16210,149.05,230.22,184,279,10,2025/10/3,7120.9824,127.64,212.07,174,264,-5,6183.2369,2025/11/4,6183.2369,162.16,356.01,154,232,2025/11/13,5773.0999,-11.3,37,56,許容,検出,2,3,1,2025/9/18,13.85,4,,,35813.24,14379.94,,-0.068984623,0.020281548,0.040232073,,,,,,
GOLD,GOLD,"Gold.com, Inc.",汎用,2014/3/17,2025/9/15,4200,2024/9/16,45.2603,-41.09,0.1782,2025/10/16,29.3082,9.93,2026/6/24,41.32,54.98,76.38,194,282,10,2025/9/29,26.3469,56.83,84.65,184,268,-5,25.3286,2025/9/25,25.3286,63.14,92.94,186,272,2025/11/7,22.628,-15.13,39,53,早すぎ,検出,3,2,1,2025/9/15,14.1,4,,,,,,-0.132335245,-0.015657011,0.00512202,,,,,,
4381,4381.T,"BPLATS,Inc.",汎用,2018/4/5,2025/9/12,2717,2019/2/4,7225,-91.9,0.0553,2025/9/12,615,5.13,2026/6/24,196,-66.5,-75.37,187,285,10,2025/9/30,594,-67,-78.06,177,267,-5,555.75,2025/10/10,555.75,-64.73,-77.26,169,257,2026/6/24,196,-66.5,187,285,早すぎ,検出,3,4,2,2025/9/12,14.85,1,,,5.35,15.97,,-0.134488812,-0.013762337,0.005533738,,,,,,
6728,6728.T,"ULVAC, Inc.",汎用,2004/4/20,2025/9/9,7812,2024/5/27,10936.3273,-41.65,0.0273,2025/9/19,6880,7.82,2026/6/24,9927,55.57,75.15,190,288,10,2025/9/25,6701,48.14,69.51,180,272,-5,6061.95,,,,,,,2025/10/1,6253,-2.01,14,22,成功,検出,1,2,,2025/9/9,16.07,3,,,4956.72,3186.17,,-0.068106734,-0.019868463,0.001264045,,,,,,
4265,4265.T,Institution for a Global Society Corporation,汎用,2021/12/29,2025/9/9,1350,2021/12/29,2170,-79.59,0.1198,2025/9/22,736,66.14,2026/6/24,318,-28.22,-34.32,190,288,10,2025/9/25,413,-23,-29.6,180,272,-5,420.85,2025/9/9,420.85,-24.44,-29.91,190,288,2026/6/10,208,-53.05,180,274,早すぎ,検出,4,2,3,2025/9/9,16.07,1,,,18.21,25.37,,-0.004900282,-0.018995814,0.003672569,,,,,,
4523.T,4523.T,"Eisai Co., Ltd.",汎用,2000/1/4,2025/9/5,9376,2021/6/22,11180.0931,-55.5,0.1749,2026/4/9,5233,5.19,2026/6/25,3949,-20.62,-25.02,193,293,10,2025/9/22,5016.5396,-21.28,-27.14,183,276,-5,4726.1517,2025/10/3,4726.1517,-16.44,-21.93,175,265,2026/6/11,3660,-26.43,183,279,早すぎ,検出,3,4,2,2025/9/5,16.8,1,,,12009.14,15128.67,,-0.009657772,-0.017199078,0.002447088,,,,,,
4523,4523.T,"Eisai Co., Ltd.",汎用,2000/1/4,2025/9/5,9376,2021/6/22,11180.0931,-55.5,0.1749,2026/4/9,5233,5.19,2026/6/25,3949,-20.62,-25.02,193,293,10,2025/9/22,5016.5396,-21.28,-27.14,183,276,-5,4726.1517,2025/10/3,4726.1517,-16.44,-21.93,175,265,2026/6/11,3660,-26.43,183,279,早すぎ,検出,3,4,2,2025/9/5,16.8,1,,,12009.14,15128.67,,-0.005486974,-0.010845664,0.009009703,,,,,,
7375,7375.T,"REFINVERSE Group, Inc.",汎用,2021/7/1,2025/9/4,1526,2022/12/5,2637,-53.96,0.2451,2025/9/5,1242,2.31,2026/6/24,1363,12.27,15.52,193,293,10,2025/9/19,1166,16.9,22.77,183,278,-5,1153.3,2025/9/4,1153.3,18.18,23.15,193,293,2025/12/9,752,-38.06,63,96,早すぎ,検出,4,3,1,2025/9/4,16.91,2,,,41.99,37.4,,0.007348126,-0.004925466,0.013545376,,,,,,
4073,4073.T,"Global Communication Planning Co.,Ltd.",汎用,2021/9/28,2025/9/4,1437,2021/9/29,3607.1596,-77.38,0.1256,2025/9/4,878,7.6,2026/6/24,415,-49.14,-56.95,193,293,10,2025/9/19,625,-33.6,-41.61,183,278,-5,775.2,2025/9/4,775.2,-46.47,-54.11,193,293,2026/6/24,415,-49.14,193,293,早すぎ,検出,4,2,3,2025/9/4,16.91,1,,,10.94,21.51,,0.005048624,0.001586374,0.011070807,,,,,,
1382.T,1382.T,"HOB Co.,Ltd.",汎用,2005/8/1,2025/9/4,7339,2005/9/7,6460.5427,-68.97,0.1178,2025/9/24,3645,81.8,2026/6/24,1485,-25.94,-31.22,193,293,10,2025/9/19,2917,-49.09,-58.81,183,278,-5,1904.75,2025/9/5,1904.75,-22.04,-26.76,192,292,2026/6/19,1410,-29.68,190,288,早すぎ,検出,3,4,2,2025/9/4,16.91,1,,,8.46,11.43,,-0.007828596,0.00134228,0.005751124,,,,,,
7068,7068.T,Feedforce Group Inc.,汎用,2019/7/8,2025/8/27,2242,2020/8/27,1770.4643,-65.48,0.124,2025/12/23,801.7178,31.2,2026/6/24,473,-22.6,-26.71,199,301,10,2025/9/10,553.1156,-14.48,-18.06,189,287,-5,580.5258,2025/8/28,580.5258,-18.52,-22.07,198,300,2026/6/12,447,-26.85,191,289,早すぎ,検出,4,2,3,2025/8/27,17.14,1,,,131.99,170.52,,-0.012392021,0.002322545,0.004824933,,,,,,
4170,4170.T,"Kaizen Platform, Inc.",汎用,2020/12/22,2025/8/25,1707,2021/4/22,2571,-90.78,0.0566,2025/8/25,242,2.11,2026/6/24,99,-58.23,-65.09,201,303,10,2025/9/8,210,-52.86,-61.34,191,289,-5,225.15,2025/9/1,225.15,-56.03,-63.72,196,296,2026/6/16,97,-59.07,195,295,早すぎ,検出,4,2,3,2025/8/25,17.43,1,,,18.96,45.39,,-0.01498941,0.005335469,0.004199637,,,,,,
5867,5867.T,ES NETWORKS CO LTD,汎用,2023/12/20,2025/8/25,614,2023/12/20,2122.3496,-42.42,0.1194,2025/10/24,1374.8824,12.5,2026/6/24,1184,-3.12,-3.75,201,303,10,2025/9/8,1237.4902,-4.32,-5.43,191,289,-5,1161.0118,2025/11/18,1161.0118,1.98,3.34,144,218,2026/6/15,1100,-9.99,194,294,許容,検出,3,4,2,2025/8/25,17.43,1,,,37.21,38.41,,-0.021722843,0.00367283,-0.004989269,,,,,,
4388,4388.T,"AI,Inc.",汎用,2018/6/28,2025/8/25,2615,2018/6/28,4071.8845,-86.63,0.0517,2025/9/2,560.3116,2.91,2026/6/24,355,-34.8,-40.28,201,303,10,2025/9/8,528.6332,-32.85,-39.54,191,289,-5,517.2488,2025/8/28,517.2488,-31.37,-36.76,198,300,2026/6/24,352,-35.35,201,303,早すぎ,検出,4,3,2,2025/8/25,17.43,1,,,22.64,34.72,,-0.02229953,0.008234278,-0.00579409,,,,,,
9270,9270.T,Valuence Holdings Inc.,汎用,2018/3/22,2025/8/20,2708,2020/12/2,5363.041,-81.08,0.0296,2025/9/30,1086,7.04,2026/6/24,2315,128.17,165.98,204,308,10,2025/9/3,941,146.01,205.99,194,294,-5,963.8743,2025/8/22,963.8743,140.18,184.58,202,306,2025/12/11,882,-13.07,76,113,許容,検出,3,1,2,2025/8/20,18.14,4,,,287.98,126.21,,-0.026613357,0.009439148,-0.00388021,,,,,,
9337,9337.T,toridori Inc.,汎用,2022/12/19,2025/8/20,975,2024/2/15,3800,-17.63,0.7112,2026/2/2,3590,14.7,2026/6/24,1506,-51.88,-58,204,308,10,2025/9/3,2845,-47.07,-54.63,194,294,-5,2973.5,2025/8/27,2973.5,-49.35,-56.2,199,301,2026/5/14,1480,-52.72,175,267,早すぎ,検出,4,2,3,2025/8/20,18.14,1,,,54.5,113.25,,0.001857529,0.024538743,0.00973056,,,,,,
9159.T,9159.T,W TOKYO Inc.,汎用,2023/6/29,2025/8/20,783,2023/6/30,7700,-71.51,0.1141,2025/8/25,3260,48.59,2026/6/24,1829,-16.64,-19.41,204,308,10,2025/9/3,2648,-30.93,-36.85,194,294,-5,2084.3,2025/8/20,2084.3,-12.25,-14.35,204,308,2026/3/24,1485,-32.32,142,216,早すぎ,検出,3,4,2,2025/8/20,18.14,1,,,49.94,59.91,,-0.003604562,0.017103484,0.008421689,,,,,,
168A,168A.T,Itamiarts.Inc,汎用,2024/4/8,2025/8/20,499,2024/4/9,2078.5285,-34.54,0.2895,2025/8/26,2033.8821,49.49,2026/6/24,1094,-19.59,-22.78,204,308,10,2025/9/3,1172.218,-6.67,-8.22,194,294,-5,1292.4961,2025/9/3,1292.4961,-15.36,-18.71,194,294,2026/6/11,1068,-21.5,195,295,早すぎ,検出,4,2,3,2025/8/20,18.14,1,,,16.04,19.94,,-0.008550689,0.015705969,0.007638993,,,,,,
4661.T,4661.T,"Oriental Land Co., Ltd.",汎用,2001/1/1,2025/8/19,8996,2024/1/17,5703.9772,-38.68,0.3873,2025/9/16,3696.7251,5.69,2026/6/25,2393,-31.58,-36.06,206,310,10,2025/9/2,3551.4431,-32.62,-38.56,196,296,-5,3322.8233,2025/10/31,3322.8233,-27.98,-39.7,156,237,2026/5/25,2103,-39.87,183,279,早すぎ,検出,3,4,2,2025/8/19,18.01,1,,,41706.19,60956.14,,-0.01394517,0.008281847,0.006603438,,,,,,
4661,4661.T,"Oriental Land Co., Ltd.",汎用,2001/1/1,2025/8/19,8996,2024/1/17,5703.9772,-38.68,0.3873,2025/9/16,3696.7251,5.69,2026/6/25,2393,-31.58,-36.06,206,310,10,2025/9/2,3551.4431,-32.62,-38.56,196,296,-5,3322.8233,2025/10/31,3322.8233,-27.98,-39.7,156,237,2026/5/25,2103,-39.87,183,279,早すぎ,検出,3,4,2,2025/8/19,18.01,1,,,41706.19,60956.14,,0.049459655,0.061861958,0.048895184,,,,,,
6627,6627.T,"Tera Probe, Inc.",汎用,2010/12/16,2025/8/19,5360,2024/3/8,7745.1581,-43.22,0.0809,2025/8/19,4540.0942,3.24,2026/6/24,12820,191.52,254.21,205,309,10,2025/9/2,4589.2295,179.35,256.77,195,295,-5,4177.722,2025/8/20,4177.722,206.87,277.97,204,308,2025/8/20,4102.791,-6.7,1,1,許容,検出,2,3,1,2025/8/19,18.01,4,,,1262.66,433.13,,0.135445615,0.136844042,0.11432379,,,,,,
194A,194A.T,WOLVES HAND CO LTD,汎用,2024/6/20,2025/8/19,425,2024/6/27,1641,-45.46,0.0324,2025/8/19,972,8.6,2026/6/24,1238,38.32,46.74,205,309,10,2025/9/2,931,32.98,42.31,195,295,-5,850.25,,,,,,,2025/8/20,870,-2.79,1,1,成功,検出,1,2,,2025/8/19,18.01,3,,,113.02,81.71,,0.228656842,0.192447408,0.145797663,,,,,,
6027,6027.T,"Bengo4.com,Inc.",汎用,2014/12/12,2025/8/18,3902,2020/10/21,15880,-76.7,0.1185,2025/9/8,3775,2.03,2026/6/24,2065,-44.19,-49.7,206,310,10,2025/9/1,3405,-39.35,-46.05,196,296,-5,3515,2025/8/20,3515,-41.25,-46.78,204,308,2026/6/24,2062,-44.27,206,310,早すぎ,検出,4,2,3,2025/8/18,17.38,1,,,546.5,979.21,,0.20162945,0.183324853,0.108521174,,,,,,
4169,4169.T,ENECHANGE Ltd.,汎用,2020/12/24,2025/8/18,1698,2021/11/22,4590,-91.37,0.0531,2025/8/26,428,8.08,2026/6/24,170,-57.07,-63.08,206,310,10,2025/9/1,387,-56.07,-63.76,196,296,-5,376.2,2025/8/20,376.2,-54.81,-61.01,204,308,2026/6/19,161,-59.34,203,305,早すぎ,検出,4,3,2,2025/8/18,17.38,1,,,90.05,209.77,,0.190506725,0.166170741,0.107706884,,,,,,
7072,7072.T,"Intimate Merger, Inc.",汎用,2019/10/25,2025/8/18,2124,2019/10/25,4060,-72.29,0.0933,2025/9/3,1769,57.24,2026/6/24,966,-14.13,-16.43,206,310,10,2025/9/1,1497,-35.47,-41.76,196,296,-5,1068.75,2025/12/12,1068.75,-9.61,-17.33,127,194,2026/5/14,823,-26.84,177,269,早すぎ,検出,3,4,2,2025/8/18,17.38,1,,,31.23,36.37,,0.186450159,0.165012357,0.107094115,,,,,,
9339,9339.T,"Coach A Co., Ltd.",汎用,2022/12/22,2025/8/18,970,2022/12/22,2450.2042,-47.31,0.0721,2025/12/26,1530,18.5,2026/6/24,1250,-3.19,-3.74,206,310,10,2025/9/1,1343.4387,-6.96,-8.51,196,296,-5,1226.5665,2026/1/14,1226.5665,1.91,4.39,108,161,2026/2/9,1201,-6.98,116,175,許容,検出,3,4,2,2025/8/18,17.38,1,,,30.11,31.1,,0.179316009,0.164215096,0.108448976,,,,,,
9162.T,9162.T,"Bleach, Inc.",汎用,2023/7/5,2025/8/15,772,2023/7/5,1658,-75.81,0.124,2025/8/19,415,3.49,2026/6/24,235,-41.4,-46.4,207,313,10,2025/8/29,380,-38.16,-44.4,197,299,-5,380.95,2025/8/15,380.95,-38.31,-43.09,207,313,2026/5/18,223,-44.39,180,276,早すぎ,検出,4,2,3,2025/8/15,17.41,1,,,60.73,103.63,,0.17521535,0.160766365,0.092655642,,,,,,
9346,9346.T,"Cocorport, Inc.",汎用,2023/3/31,2025/8/15,868,2023/4/26,6573.078,-74.82,0.016,2025/8/18,1661,0.36,2026/6/24,1666,0.66,0.78,207,313,10,2025/8/29,1642,1.46,1.79,197,299,-5,1572.25,,,,,,,2025/8/26,1575,-4.83,7,11,成功,検出,3,2,,2025/8/15,17.41,1,,,59.36,58.97,,0.172505655,0.158576956,0.092541697,,,,,,
6094,6094.T,"FreakOut Holdings, inc.",汎用,2014/7/2,2025/8/14,4061,2017/6/21,4760,-88.15,0.0173,2025/8/14,571,1.24,2026/6/24,517,-8.33,-9.63,208,314,10,2025/8/28,508,1.77,2.16,198,300,-5,535.8,2025/8/15,535.8,-3.51,-4.08,207,313,2025/10/30,490,-13.12,52,77,許容,検出,4,2,3,2025/8/14,17.43,1,,,90.53,98.76,,0.176497602,0.160007424,0.085771205,,,,,,
9219.T,9219.T,GiXo Ltd.,汎用,2022/3/30,2025/8/14,1233,2023/5/2,2987.254,-67.87,0.0513,2025/10/1,1020.0885,6.29,2026/6/24,910,-5.18,-6,208,314,10,2025/8/28,920.8051,-1.17,-1.43,198,300,-5,911.7527,2025/8/15,911.7527,-0.19,-0.22,207,313,2026/3/27,850,-11.43,149,225,許容,検出,4,3,2,2025/8/14,17.43,1,,,47.52,50.11,,0.172772733,0.161884171,0.085600196,,,,,,
9219,9219.T,GiXo Ltd.,汎用,2022/3/30,2025/8/14,1233,2023/5/2,2987.254,-67.87,0.0513,2025/10/1,1020.0885,6.29,2026/6/24,910,-5.18,-6,208,314,10,2025/8/28,920.8051,-1.17,-1.43,198,300,-5,911.7527,2025/8/15,911.7527,-0.19,-0.22,207,313,2026/3/27,850,-11.43,149,225,許容,検出,4,3,2,2025/8/14,17.43,1,,,47.52,50.11,,0.178623141,0.162716977,0.084442789,,,,,,
2413.T,2413.T,"M3, Inc.",汎用,2004/9/16,2025/8/12,7635,2021/1/8,10190.9371,-78.36,0.1022,2025/11/17,2708.8233,22.81,2026/6/24,1706,-22.66,-25.69,210,316,10,2025/8/26,2240.7473,-23.86,-28.09,200,302,-5,2095.4416,2025/10/29,2095.4416,-18.59,-27.06,157,238,2026/5/12,1297,-41.2,179,273,早すぎ,検出,3,4,2,2025/8/12,17.79,1,,,12417.52,16055.75,,0.181522027,0.165833566,0.080522306,,,,,,
2413,2413.T,"M3, Inc.",汎用,2004/9/16,2025/8/12,7635,2021/1/8,10190.9371,-78.36,0.1022,2025/11/17,2708.8233,22.81,2026/6/24,1706,-22.66,-25.69,210,316,10,2025/8/26,2240.7473,-23.86,-28.09,200,302,-5,2095.4416,2025/10/29,2095.4416,-18.59,-27.06,157,238,2026/5/12,1297,-41.2,179,273,早すぎ,検出,3,4,2,2025/8/12,17.79,1,,,12417.52,16055.75,,0.203673882,0.180096164,0.09311668,,,,,,
VECO,VECO,Veeco Instruments Inc.,汎用,1994/11/29,2025/8/11,11213,2000/3/7,122.25,-80.48,0.0056,2025/8/25,25.42,6.54,2026/6/25,72.69,204.65,259.49,219,318,10,2025/8/25,24.97,191.11,261.04,209,304,-5,22.667,,,,,,,2025/9/3,23.31,-2.31,16,23,成功,検出,1,2,,2025/8/11,19.08,3,,,,,,0.228614418,0.186025379,0.105652361,,,,,,
5247,5247.T,"BTM, Inc.",汎用,2022/12/27,2025/8/8,955,2023/3/9,3560,-62.47,0.2713,2025/8/8,1336,0,2026/6/24,528,-60.48,-65.34,211,320,10,2025/8/25,877,-39.79,-45.75,201,303,-5,1269.2,2025/8/8,1269.2,-58.4,-63.25,211,320,2026/6/5,508,-61.98,198,301,早すぎ,検出,4,2,3,2025/8/8,18.76,1,,,14.96,37.85,,0.232042671,0.181906561,0.103366092,,,,,,
9330,9330.T,AGEHA Inc.,汎用,2023/9/21,2025/8/7,686,2023/9/25,2350,-48.77,0.2765,2025/8/12,1505,25,2026/6/24,847,-29.65,-32.98,212,321,10,2025/8/22,865,-2.08,-2.48,202,306,-5,1143.8,2025/8/7,1143.8,-25.95,-28.95,212,321,2025/11/17,766,-36.38,67,102,早すぎ,検出,4,2,3,2025/8/7,19.46,1,,,12.2,17.34,,0.232700534,0.179681622,0.105440096,,,,,,
LSCC,LSCC,Lattice Semiconductor Corporation,汎用,1989/11/9,2025/8/7,13055,2023/8/31,98.3,-38.23,0.0551,2025/8/7,60.97,0.41,2026/6/25,146.83,141.81,172.26,221,322,10,2025/8/21,61.53,138.63,180.5,211,308,-5,57.684,,,,,,,2025/8/7,58.53,-3.61,0,0,成功,検出,1,2,,2025/8/7,19.46,3,,,,,,0.232619783,0.1776654,0.108076464,,,,,,
4168,4168.T,"Yappli, Inc.",汎用,2020/12/22,2025/8/6,1688,2021/1/25,7568.4486,-87.59,0.0405,2025/8/18,1271.3923,35.37,2026/6/24,702,-25.25,-28.12,213,322,10,2025/8/21,1194.0378,-41.21,-46.84,203,307,-5,892.2061,2025/12/5,892.2061,-21.32,-35.32,132,201,2026/3/23,659,-29.83,150,229,早すぎ,検出,3,4,2,2025/8/6,19.74,1,,,99.54,133.17,,0.236034924,0.164642626,0.107595018,,,,,,
4448,4448.T,"kubell Co., Ltd.",汎用,2019/9/24,2025/8/4,2141,2020/10/21,2624,-80.03,0.1165,2025/8/6,547,4.39,2026/6/24,257,-50.95,-55.21,215,324,10,2025/8/19,462,-44.37,-50.01,205,309,-5,497.8,2025/8/12,497.8,-48.37,-53.43,210,316,2026/6/22,247,-52.86,213,322,早すぎ,検出,4,2,3,2025/8/4,20.3,1,,,124.84,254.53,,0.236930022,0.161859745,0.107413206,,,,,,
4492,4492.T,Genetec Corporation,汎用,2020/3/19,2025/7/31,1960,2024/3/19,1026.2224,-52.21,0.2135,2025/9/29,493.4857,0.62,2026/6/24,390,-20.48,-22.52,217,328,10,2025/8/15,454.1043,-14.12,-16.27,207,313,-5,465.911,2025/8/8,465.911,-16.29,-18.37,211,320,2026/6/2,345,-29.65,201,306,早すぎ,検出,4,2,3,2025/7/31,20.5,1,,,47.56,59.81,,0.237310237,0.160996949,0.10732516,,,,,,
7071,7071.T,"Amvis Holdings, Inc.",汎用,2019/10/9,2025/7/29,2120,2023/2/13,3802.4122,-86.02,0.0602,2025/8/14,839.4408,57.94,2026/6/24,327,-38.47,-41.58,219,330,10,2025/8/13,720.2303,-54.6,-59.97,209,315,-5,504.9063,2025/10/20,504.9063,-35.24,-47.4,164,247,2026/6/19,322,-39.41,216,325,早すぎ,検出,3,4,2,2025/7/29,19.49,1,,,352.2,572.4,,0.233567091,0.160887099,0.107901061,,,,,,
9509.T,9509.T,"Hokkaido Electric Power Company, Incorporated",汎用,2001/1/1,2025/7/28,8974,2007/2/13,2446.6221,-64.6,0.0106,2025/7/28,884.0183,2.06,2026/6/25,929.1,7.27,8.03,221,332,10,2025/8/12,1020.7312,-8.98,-10.27,211,317,-5,822.8328,,,,,,,2025/7/29,849.2328,-1.95,1,1,成功,検出,2,3,,2025/7/28,19.27,1,,,1991.9,1856.91,,0.227063032,0.161237095,0.108390856,,,,,,
9509,9509.T,"Hokkaido Electric Power Company, Incorporated",汎用,2001/1/1,2025/7/28,8974,2007/2/13,2446.6221,-64.6,0.0106,2025/7/28,884.0183,2.06,2026/6/25,929.1,7.27,8.03,221,332,10,2025/8/12,1020.7312,-8.98,-10.27,211,317,-5,822.8328,,,,,,,2025/7/29,849.2328,-1.95,1,1,成功,検出,2,3,,2025/7/28,19.27,1,,,1991.9,1856.91,,0.228188665,0.161485353,0.109378106,,,,,,
7372,7372.T,Decollte Holdings Corporation,汎用,2021/6/22,2025/7/28,1497,2021/6/22,1680,-79.23,0.0141,2025/7/31,351,0.57,2026/6/24,374,7.16,7.93,220,331,10,2025/8/12,431,-13.23,-15.12,210,316,-5,331.55,2025/8/4,331.55,12.8,14.55,215,324,2025/8/4,330,-5.44,5,7,許容,検出,3,4,2,2025/7/28,19.27,1,,,19.58,18.27,,0.215940222,0.161741122,0.110857368,,,,,,
186A.T,186A.T,ASTROSCALE HOLDINGS INC,汎用,2024/6/5,2025/7/25,415,2024/6/5,1581,-52.06,0.1819,2025/10/9,958,26.39,2026/6/24,1176,55.15,61.65,221,334,10,2025/8/8,676,73.96,88.13,211,320,-5,720.1,2025/7/29,720.1,63.31,72.1,219,330,2025/12/18,575,-24.14,98,146,早すぎ,検出,3,1,2,2025/7/25,18.74,4,,,1685.62,1086.45,,0.221563777,0.164046995,0.110836157,,,,,,
186A,186A.T,ASTROSCALE HOLDINGS INC,汎用,2024/6/5,2025/7/25,415,2024/6/5,1581,-52.06,0.1819,2025/10/9,958,26.39,2026/6/24,1176,55.15,61.65,221,334,10,2025/8/8,676,73.96,88.13,211,320,-5,720.1,2025/7/29,720.1,63.31,72.1,219,330,2025/12/18,575,-24.14,98,146,早すぎ,検出,3,1,2,2025/7/25,18.74,4,,,1685.62,1086.45,,0.234878361,0.171827667,0.112490294,,,,,,
6166,6166.T,"Nakamura Choukou Co., Ltd.",汎用,2015/6/24,2025/7/24,3683,2017/12/12,7769.0885,-95.54,0.0135,2025/7/28,378.5195,9.17,2026/6/24,560,61.51,68.66,222,335,10,2025/8/7,359.6432,55.71,65.51,212,321,-5,329.3914,2025/8/19,329.3914,70.01,87.25,205,309,2025/12/11,245.3919,-29.23,94,140,早すぎ,検出,2,3,1,2025/7/24,18.97,4,,,102.49,63.46,,0.251020831,0.178104734,0.11242914,,,,,,
4196,4196.T,Neo Marketing Inc.,汎用,2021/4/22,2025/7/17,1547,2021/4/23,4665,-71.1,0.0804,2025/9/2,1520,12.76,2026/6/24,1696,25.82,27.8,226,342,10,2025/8/1,1480,14.59,16.44,216,327,-5,1280.6,2025/9/29,1280.6,32.44,46.65,178,268,2025/10/3,1058,-21.51,52,78,早すぎ,検出,2,4,1,2025/7/17,20.59,3,,,41.87,33.28,,0.245933523,0.130553248,0.116998962,,,,,,
147A,147A.T,SORACOM INC,汎用,2024/3/26,2025/7/15,476,2024/4/2,2460,-62.8,0.0392,2025/8/18,1255,37.16,2026/6/24,994,8.63,9.19,228,344,10,2025/7/30,872,13.99,15.65,218,329,-5,869.25,2025/11/5,869.25,14.35,23.62,153,231,2025/11/5,852,-6.89,75,113,許容,検出,4,3,2,2025/7/15,21.54,1,,,533.74,491.33,,0.226750858,0.133421719,0.12037194,,,,,,
9343,9343.T,ibis inc.,汎用,2023/3/24,2025/7/10,839,2024/9/19,1023.766,-32.1,0.2643,2025/8/22,813.4129,17.02,2026/6/24,736,5.88,6.17,231,349,10,2025/7/25,665.5197,10.59,11.64,221,334,-5,660.3434,2025/7/15,660.3434,11.46,12.21,228,344,2026/3/4,577,-16.99,156,237,早すぎ,検出,4,3,2,2025/7/10,20.6,1,,,140.35,132.56,,0.22958846,0.136156757,0.118789713,,,,,,
4060,4060.T,rakumo Inc.,汎用,2020/9/29,2025/7/8,1743,2020/10/5,4109.7498,-76.1,0.0082,2025/7/9,1024.694,4.34,2026/6/24,1090,10.99,11.46,233,351,10,2025/7/23,1037.577,5.05,5.5,223,336,-5,932.9769,,,,,,,2025/7/9,956.315,-2.62,1,1,成功,検出,2,3,,2025/7/8,21.51,1,,,65.35,58.88,,0.23214552,0.139178484,0.119271801,,,,,,
6367.T,6367.T,"Daikin Industries,Ltd.",汎用,2000/1/4,2025/7/4,9313,2023/7/3,29861.6961,-41.14,0.0733,2025/8/13,19838.8077,12.87,2026/6/25,23850,35.7,36.78,236,356,10,2025/7/18,17733.2051,34.49,37.23,226,342,-5,16697.3373,2025/9/24,16697.3373,42.84,60.85,182,274,2025/9/24,16604.3262,-5.53,54,82,許容,検出,2,3,1,2025/7/7,21.71,4,,,71518.47,52703.37,,0.229688089,0.119633709,0.121591007,,,,,,
6367,6367.T,"Daikin Industries,Ltd.",汎用,2000/1/4,2025/7/4,9313,2023/7/3,29861.6961,-41.14,0.0733,2025/8/13,19838.8077,12.87,2026/6/25,23850,35.7,36.78,236,356,10,2025/7/18,17733.2051,34.49,37.23,226,342,-5,16697.3373,2025/9/24,16697.3373,42.84,60.85,182,274,2025/9/24,16604.3262,-5.53,54,82,許容,検出,2,3,1,2025/7/7,21.71,4,,,71518.47,52703.37,,0.148666606,0.070518847,0.085057646,,,,,,
9501.T,9501.T,"Tokyo Electric Power Company Holdings, Incorporated",汎用,2000/1/4,2025/7/2,9311,2007/2/7,4126.1978,-87.49,0.0179,2025/11/13,939.4,81.95,2026/6/25,481.2,-6.8,-6.93,238,358,10,2025/7/16,526.5,-8.6,-9.11,228,344,-5,490.485,2026/6/11,490.485,-1.89,-39.26,10,14,2026/6/24,450.4,-12.76,237,357,許容,検出,3,4,2,2025/7/2,21.35,1,,,7452.56,7996.31,,-0.108038253,-0.106571396,-0.003198541,,,,,,
9501,9501.T,"Tokyo Electric Power Company Holdings, Incorporated",汎用,2000/1/4,2025/7/2,9311,2007/2/7,4126.1978,-87.49,0.0179,2025/11/13,939.4,81.95,2026/6/25,481.2,-6.8,-6.93,238,358,10,2025/7/16,526.5,-8.6,-9.11,228,344,-5,490.485,2026/6/11,490.485,-1.89,-39.26,10,14,2026/6/24,450.4,-12.76,237,357,許容,検出,3,4,2,2025/7/2,21.35,1,,,7452.56,7996.31,,-0.122917141,-0.117053019,0.003335565,,,,,,
248A,248A.T,KIDS STAR Inc.,汎用,2024/9/26,2025/6/25,272,2024/9/26,2430,-28.6,0.5568,2025/9/18,2330,34.29,2026/6/24,862,-50.32,-50.44,242,364,10,2025/7/9,1856,-53.56,-55.08,232,350,-5,1648.25,2025/6/26,1648.25,-47.7,-47.91,241,363,2026/6/23,862,-50.32,241,363,早すぎ,検出,3,4,2,2025/6/25,23.88,1,,,22.33,44.95,,-0.152206231,-0.130608472,0.006628256,,,,,,
7112,7112.T,"Cube Co., Ltd.",汎用,2022/10/7,2025/6/24,991,2022/10/7,2275,-75.43,0.0649,2025/6/24,584,4.47,2026/6/24,701,25.4,25.42,243,365,10,2025/7/8,497,41.05,43.03,233,351,-5,531.05,2025/6/25,531.05,32,32.13,242,364,2025/7/2,440,-21.29,6,8,早すぎ,検出,3,1,2,2025/6/24,23.79,4,,,43.54,34.72,,-0.153687418,-0.137835525,0.004112484,,,,,,
9244,9244.T,DIGITALIFT Inc.,汎用,2021/9/28,2025/6/23,1364,2021/9/28,2540,-62.72,0.1091,2025/6/23,947,0,2026/6/24,1180,24.6,24.55,244,366,10,2025/7/7,752,56.91,59.6,234,352,-5,899.65,2025/6/23,899.65,31.16,31.09,244,366,2025/7/7,752,-20.59,10,14,早すぎ,検出,4,1,2,2025/6/23,25.43,3,,,17.74,14.24,,-0.149433253,-0.131133119,-0.001683553,,,,,,
7362,7362.T,Terminalcare Support Institute Inc.,汎用,2021/3/19,2025/6/23,1557,2021/3/19,4035,-79.65,0.0243,2025/9/16,897,9.26,2026/6/24,820,-0.12,-0.12,244,366,10,2025/7/7,840,-2.38,-2.47,234,352,-5,779.95,2025/11/7,779.95,5.13,8.31,151,229,2026/5/22,741,-9.74,221,333,許容,検出,3,4,2,2025/6/23,25.43,1,,,12.51,12.53,,-0.149793281,-0.125185341,-0.00683652,,,,,,
7370,7370.T,"Enjin Co., Ltd.",汎用,2021/6/18,2025/6/16,1459,2021/9/1,4378.6158,-82.75,0.0212,2025/10/9,888.6793,17.63,2026/6/24,699,-7.48,-7.33,249,373,10,2025/6/30,795.4346,-12.12,-12.32,239,359,-5,717.6989,2026/6/15,717.6989,-2.61,-65.75,7,9,2026/6/24,677,-10.39,249,373,許容,検出,3,4,2,2025/6/16,24.76,1,,,48.42,52.34,,-0.152202182,-0.126807123,-0.011344007,,,,,,
5891,5891.T,KAIRIKIYA CO LTD,汎用,2023/12/15,2025/6/11,544,2024/3/21,3451.13,-39.47,0.378,2025/6/12,2164.9135,3.64,2026/6/24,1633,-21.83,-21.18,252,378,10,2025/6/25,2032.7502,-19.67,-19.73,242,364,-5,1984.5205,2025/6/11,1984.5205,-17.71,-17.17,252,378,2026/5/18,1261,-39.64,225,341,早すぎ,検出,4,3,2,2025/6/11,24.9,1,,,88.04,112.63,,-0.158712339,-0.064384612,-0.008925928,,,,,,
PALL|ETF,PALL,abrdn Physical Palladium Shares ETF,汎用,2010/1/8,2025/6/10,5632,2022/3/8,59.642,-67.45,0.015,2025/6/11,19.792,1.94,2026/6/25,21.505,10.76,10.32,261,380,10,2025/6/25,19.528,10.12,10.13,251,365,-5,18.4452,,,,,,,2025/6/16,18.802,-3.16,4,6,成功,検出,2,3,,2025/6/10,24.73,1,,,,,,-0.167105546,-0.01216514,-0.005861996,,,,,,
5125,5125.T,Fines inc.,汎用,2022/9/28,2025/6/4,980,2022/9/28,2970,-81.92,0.0345,2026/1/6,1319,145.62,2026/6/24,473,-11.92,-11.34,257,385,10,2025/6/18,544,-13.05,-12.86,247,371,-5,510.15,2025/6/13,510.15,-7.28,-7.08,250,376,2026/6/17,450,-16.2,252,378,早すぎ,検出,3,4,2,2025/6/4,26.07,1,,,20.73,23.53,,-0.169314692,-0.012843841,-0.012016385,,,,,,
5871,5871.T,SOLIZE Holdings Corporation,汎用,2024/2/7,2025/5/26,474,2024/2/21,4568.545,-59.03,0.1891,2025/5/26,1956.3126,4.52,2026/6/24,1338,-28.51,-26.74,264,394,10,2025/6/9,1846.6667,-27.55,-26.63,254,380,-5,1778.09,2025/5/27,1778.09,-24.75,-23.22,263,393,2025/11/10,1242.6528,-33.61,114,168,早すぎ,検出,4,3,2,2025/5/27,26.9,1,,,71.27,99.69,,-0.172367121,-0.012208851,0.009654321,,,,,,
4370,4370.T,Mobilus Corporation,汎用,2021/9/2,2025/5/26,1362,2021/9/8,2310,-83.2,0.0574,2025/9/1,631,62.63,2026/6/24,294,-24.23,-22.68,264,394,10,2025/6/9,414,-28.99,-28.04,254,380,-5,368.6,2025/7/2,368.6,-20.24,-20.65,237,357,2026/5/19,271,-30.15,238,358,早すぎ,検出,3,4,2,2025/5/27,26.9,1,,,18.35,24.22,,-0.169053785,-0.01156333,0.021224217,,,,,,
9009.T,9009.T,"Keisei Electric Railway Co., Ltd.",汎用,2000/1/4,2025/5/16,9264,2024/2/26,2471.2897,-33.33,0.4273,2025/5/16,1662.8699,0.93,2026/6/25,1117.5,-32.17,-29.54,271,405,10,2025/5/30,1362.7662,-18,-16.92,261,391,-5,1565.2379,2025/5/20,1565.2379,-28.61,-26.43,269,401,2026/6/4,1033,-37.3,256,384,早すぎ,検出,4,2,3,2025/5/16,27.22,1,,,5724.18,8439.01,,-0.165556094,-0.010893129,0.018171359,,,,,,
9009,9009.T,"Keisei Electric Railway Co., Ltd.",汎用,2000/1/4,2025/5/16,9264,2024/2/26,2471.2897,-33.33,0.4273,2025/5/16,1662.8699,0.93,2026/6/25,1117.5,-32.17,-29.54,271,405,10,2025/5/30,1362.7662,-18,-16.92,261,391,-5,1565.2379,2025/5/20,1565.2379,-28.61,-26.43,269,401,2026/6/4,1033,-37.3,256,384,早すぎ,検出,4,2,3,2025/5/16,27.22,1,,,5724.18,8439.01,,-0.141707937,0.045169572,0.038720112,,,,,,
4428,4428.T,sinops Inc.,汎用,2018/12/25,2025/5/15,2333,2019/5/7,4042.5732,-78.08,0.0801,2025/8/15,1012.9446,14.33,2026/6/24,623,-29.68,-27.21,271,405,10,2025/5/29,886.9785,-29.76,-28.11,261,391,-5,841.6985,2025/6/20,841.6985,-25.98,-25.76,245,369,2026/5/20,611,-31.04,246,370,早すぎ,検出,3,4,2,2025/5/15,27.83,1,,,39.51,56.19,,-0.185351125,0.166799602,0.060972563,,,,,,
9259,9259.T,"TAKAYOSHI Holdings, INC.",汎用,2021/12/24,2025/5/14,1237,2022/2/21,2055.1603,-68,0.0149,2025/5/14,661.4088,0.58,2026/6/24,779,18.47,16.47,272,406,10,2025/5/28,654.6989,18.99,17.58,262,392,-5,624.6959,,,,,,,2025/5/26,636.4862,-3.21,8,12,成功,検出,3,2,,2025/5/14,28.52,1,,,45.61,38.5,,-0.190345332,0.167504807,0.059446007,,,,,,
7043,7043.T,"Alue Co.,Ltd.",汎用,2018/12/11,2025/5/14,2346,2018/12/11,2077.7147,-62.04,0.0519,2025/5/14,793.6273,0.63,2026/6/24,892,13.1,11.71,272,406,10,2025/5/28,763.829,16.78,15.55,262,392,-5,749.2279,2025/5/15,749.2279,19.06,17.04,271,405,2025/5/15,718.1383,-8.94,1,1,許容,検出,4,3,2,2025/5/14,28.52,1,,,23.74,20.99,,-0.18292319,0.13473267,0.061019573,,,,,,
5252,5252.T,"Nihon Knowledge Co,Ltd.",汎用,2023/3/24,2025/4/15,753,2023/3/24,1247.8239,-68.06,0.064,2025/4/15,427.9068,7.36,2026/6/24,737,84.91,67.56,290,435,10,2025/4/30,433.8409,69.88,58.54,280,420,-5,378.6383,2025/4/15,378.6383,94.64,74.93,290,435,2025/4/15,340.5453,-14.56,0,0,許容,検出,2,3,1,2025/4/15,40,4,,,33.83,18.3,,-0.175626563,0.116175959,0.062268797,,,,,,
5576,5576.T,O.B.System Inc.,汎用,2023/6/21,2025/3/27,645,2023/6/22,3977.3677,-40.98,0.2014,2025/3/28,2400.385,2.26,2026/6/24,2832,20.64,16.3,303,454,10,2025/4/10,2112.6084,34.05,27.54,293,440,-5,2230.0772,2025/4/4,2230.0772,26.99,21.61,297,446,2025/4/7,1936.4775,-17.51,7,11,早すぎ,検出,4,1,3,2025/3/27,33.42,2,,,65.94,54.66,,-0.164939082,0.124688784,0.034762459,,,,,,
4494,4494.T,Vario Secure Inc.,汎用,2020/11/30,2025/3/26,1577,2020/11/30,2040.4466,-62.95,0.1462,2025/3/26,851,12.57,2026/6/24,654,-13.49,-10.98,304,455,10,2025/4/9,570,14.74,12.06,294,441,-5,718.2,2025/3/27,718.2,-8.94,-7.26,303,454,2025/4/7,536,-29.1,8,12,早すぎ,検出,4,2,3,2025/3/26,33.23,1,,,30.77,35.57,,-0.1607128,0.127287075,0.023929594,,,,,,
156A,156A.T,MATERIAL GROUP INC,汎用,2024/3/29,2025/3/25,361,2024/3/29,1108.0042,-35.07,0.3213,2025/3/25,748.4902,4.04,2026/6/24,820,13.98,11.05,305,456,10,2025/4/8,607.1195,35.06,28.2,295,442,-5,683.4694,2025/3/31,683.4694,19.98,15.93,301,450,2025/4/7,535.4658,-25.57,9,13,早すぎ,検出,4,1,3,2025/3/25,31.76,2,,,85.27,74.81,,-0.16214108,0.129636921,0.02342228,,,,,,
7042,7042.T,"Access Group Holdings Co., Ltd.",汎用,2018/11/7,2025/3/24,2329,2018/11/7,1656.6675,-65.96,0.125,2025/3/24,584.3735,3.62,2026/6/24,631,11.89,9.39,306,457,10,2025/4/7,411.6777,53.28,42.21,296,443,-5,535.747,2025/3/28,535.747,17.78,14.1,302,453,2025/4/7,407.7755,-27.69,10,14,早すぎ,検出,4,1,3,2025/3/24,31.82,2,,,22.05,19.71,,-0.153819009,0.127396086,0.02469443,,,,,,
195A,195A.T,MUSCAT GROUP Inc.,汎用,2024/6/19,2025/3/13,267,2024/6/19,1608,-46.89,0.217,2026/2/27,1459,70.84,2026/6/24,690,-19.2,-15.33,312,468,10,2025/3/28,797,-13.43,-10.97,302,453,-5,811.3,2025/3/14,811.3,-14.95,-11.9,311,467,2026/5/18,645,-24.47,285,431,早すぎ,検出,4,2,3,2025/3/13,37.03,1,,,22.73,28.14,,-0.144427881,0.129327094,0.025902813,,,,,,
9246,9246.T,"ProjectHoldings, Inc.",汎用,2021/9/29,2025/3/4,1252,2022/11/21,7790,-84.56,0.0373,2025/6/18,1560,29.68,2026/6/24,990,-17.71,-13.86,319,477,10,2025/3/18,1240,-20.16,-16.27,309,463,-5,1142.85,2025/3/4,1142.85,-13.37,-10.41,319,477,2026/5/1,948,-21.2,284,423,早すぎ,検出,3,4,2,2025/3/4,32.97,1,,,53.85,65.44,,-0.156569701,0.12979616,0.028702851,,,,,,
7354,7354.T,Direct Marketing MiX Inc.,汎用,2020/10/5,2025/2/21,1600,2021/10/20,2186.4293,-86.69,0.0559,2025/2/27,309.6033,6.38,2026/6/24,311,6.86,5.09,325,488,10,2025/3/10,296.9067,4.75,3.66,315,471,-5,276.4944,2025/3/21,276.4944,12.48,9.79,307,460,2025/4/7,178.73,-38.59,29,45,早すぎ,検出,3,4,2,2025/2/21,29.21,1,,,149.86,140.24,,-0.155264379,0.131345518,0.027979424,,,,,,
6190,6190.T,"PhoenixBio Co., Ltd.",汎用,2016/3/18,2025/2/21,3262,2016/5/17,3775,-83.81,0.1019,2025/2/25,809,32.41,2026/6/24,351,-42.55,-33.96,325,488,10,2025/3/10,387,-9.3,-7.29,315,471,-5,580.45,2025/2/26,580.45,-39.53,-31.64,323,483,2025/4/7,252,-58.76,29,45,早すぎ,検出,4,2,3,2025/2/21,29.21,1,,,13.68,23.8,,-0.16096296,0.131147589,0.223730106,,,,,,
7133,7133.T,"HYUGA PRIMARY CARE Co.,Ltd.",汎用,2021/12/20,2025/2/20,1158,2022/9/1,4493.3171,-70.52,0.1336,2025/5/19,1565.7876,18.19,2026/6/24,1061,-19.91,-15.28,326,489,10,2025/3/7,1350.9001,-21.46,-16.98,316,474,-5,1258.5161,2025/4/7,1258.5161,-15.69,-13.13,296,443,2026/5/18,836,-36.89,299,452,早すぎ,検出,3,4,2,2025/2/20,27.46,1,,,79.52,99.29,,-0.168513936,0.132069379,0.318728327,,,,,,
4391,4391.T,"Logizard Co., Ltd.",汎用,2018/7/5,2025/2/20,2422,2019/1/21,4161.1735,-69.22,0.0859,2025/8/15,1633,27.51,2026/6/24,1085,-15.28,-11.65,326,489,10,2025/3/7,1210.7312,-10.38,-8.1,316,474,-5,1216.6962,2025/2/26,1216.6962,-10.82,-8.3,323,483,2026/3/30,1010,-21.14,268,403,早すぎ,検出,4,2,3,2025/2/20,27.46,1,,,35.74,42.18,,-0.141719554,0.131749155,0.317797531,,,,,,
5244.T,5244.T,"jig.jp Co., Ltd.",汎用,2022/12/22,2025/2/19,790,2023/8/21,528.5285,-39.5,0.4455,2025/2/19,331.4956,3.67,2026/6/24,166,-48.09,-38.66,327,490,10,2025/3/6,289.4474,-42.65,-34.79,317,475,-5,303.7731,2025/2/26,303.7731,-45.35,-36.68,323,483,2026/6/15,152,-52.46,320,481,早すぎ,検出,4,2,3,2025/2/19,27.28,1,,,71.29,137.33,,-0.151049424,0.131226302,0.312866818,,,,,,
5244,5244.T,"jig.jp Co., Ltd.",汎用,2022/12/22,2025/2/19,790,2023/8/21,528.5285,-39.5,0.4455,2025/2/19,331.4956,3.67,2026/6/24,166,-48.09,-38.66,327,490,10,2025/3/6,289.4474,-42.65,-34.79,317,475,-5,303.7731,2025/2/26,303.7731,-45.35,-36.68,323,483,2026/6/15,152,-52.46,320,481,早すぎ,検出,4,2,3,2025/2/19,27.28,1,,,71.29,137.33,,-0.145231277,0.109883959,0.312483484,,,,,,
4167,4167.T,Kokopelli Inc.,汎用,2020/12/21,2025/2/19,1521,2021/1/4,8830,-95.19,0.0195,2025/4/30,631,48.47,2026/6/24,276,-35.06,-27.51,327,490,10,2025/3/6,376,-26.6,-21.16,317,475,-5,403.75,2025/2/19,403.75,-31.64,-24.69,327,490,2026/6/23,258,-39.29,326,489,早すぎ,検出,4,2,3,2025/2/19,27.28,1,,,22.54,34.7,,-0.141819187,0.089587402,0.312109281,,,,,,
4414,4414.T,"FLECT Co., Ltd.",汎用,2021/12/10,2025/2/18,1166,2021/12/14,4655,-54.67,0.3131,2025/5/12,2631,24.69,2026/6/24,1033,-51.04,-41.22,328,491,10,2025/3/5,1887,-45.26,-37.02,318,476,-5,2004.5,2025/2/25,2004.5,-48.47,-39.36,324,484,2026/3/30,950,-54.98,270,405,早すぎ,検出,4,2,3,2025/2/18,27.13,1,,,63.91,130.53,,-0.151858252,0.078069425,0.31101032,,,,,,
6612,6612.T,BALMUDA Inc.,汎用,2020/12/16,2025/2/18,1525,2021/1/26,10610,-90.1,0.0487,2025/2/18,1074,2.29,2026/6/24,598,-43.05,-34.21,328,491,10,2025/3/5,907,-34.07,-27.36,318,476,-5,997.5,2025/2/19,997.5,-40.05,-31.71,327,490,2026/6/4,561,-46.57,314,471,早すぎ,検出,4,2,3,2025/2/18,27.13,1,,,50.94,89.44,,0.059923986,0.077665459,0.309922867,,,,,,
9345,9345.T,"Bizmates, Inc.",汎用,2023/3/30,2025/2/18,691,2023/3/30,2775.5327,-63.92,0.2113,2025/8/14,1313.3403,31.16,2026/6/24,546,-45.47,-36.31,328,491,10,2025/3/5,962.5602,-43.28,-35.28,318,476,-5,951.2518,2025/2/25,951.2518,-42.6,-34.23,324,484,2026/6/12,526,-47.47,320,479,早すぎ,検出,4,3,2,2025/2/18,27.13,1,,,18.45,33.83,,0.149312639,0.078155109,0.308732339,,,,,,
4488,4488.T,AI inside Inc.,汎用,2019/12/26,2025/2/14,1877,2020/11/16,96000,-96.03,0.0203,2025/6/20,4995,31.1,2026/6/24,2002,-47.45,-37.8,330,495,10,2025/3/3,3210,-37.63,-30.29,320,478,-5,3619.5,2025/2/14,3619.5,-44.69,-35.4,330,495,2026/6/11,1903,-50.05,321,482,早すぎ,検出,4,2,3,2025/2/14,27.65,1,,,82.84,157.64,,0.142559671,0.063427044,0.307466024,,,,,,
5033,5033.T,Nulab Inc.,汎用,2022/6/28,2025/2/13,961,2024/2/27,1969,-55.97,0.1581,2025/4/30,1252,44.41,2026/6/24,889,2.54,1.86,331,496,10,2025/2/28,948,-6.22,-4.76,321,481,-5,823.65,2025/4/7,823.65,7.93,6.5,296,443,2026/3/30,660,-23.88,273,410,早すぎ,検出,3,4,2,2025/2/13,27.63,1,,,56.55,55.15,,0.142080112,0.047767034,0.307227526,,,,,,
4177,4177.T,"i-plug,Inc.",汎用,2021/3/19,2025/2/13,1427,2021/7/29,7841.9827,-84.44,0.0502,2025/2/14,1353.7332,10.94,2026/6/24,1389,13.83,10.01,331,496,10,2025/2/28,1048.1763,32.52,23.84,321,481,-5,1159.279,2025/2/17,1159.279,19.82,14.36,329,492,2025/4/7,870.257,-28.68,35,53,早すぎ,検出,4,1,3,2025/2/13,27.63,2,,,55.8,49.02,,0.145723595,0.048609053,0.302869562,,,,,,
7046,7046.T,TDSE Inc.,汎用,2018/12/18,2025/2/5,2241,2018/12/19,7307.0907,-81.2,0.0667,2025/2/7,1624.9324,18.29,2026/6/24,1310,-4.63,-3.38,336,504,10,2025/2/20,1379.5667,-5.04,-3.79,326,489,-5,1304.9716,2025/2/28,1304.9716,0.39,0.29,321,481,2025/4/7,949.8315,-30.85,40,61,早すぎ,検出,3,4,2,2025/2/5,29.47,1,,,27.21,28.53,,0.151141214,0.048289408,0.299405882,,,,,,
4479,4479.T,"Makuake, Inc.",汎用,2019/12/11,2025/1/30,1877,2020/11/5,13770,-95.85,0.0083,2025/2/18,608,6.48,2026/6/24,818,43.26,29.36,340,510,10,2025/2/14,589,38.88,27.42,330,495,-5,542.45,2025/2/3,542.45,50.8,34.52,338,506,2025/4/7,461,-19.26,44,67,早すぎ,検出,2,3,1,2025/1/30,29.38,4,,,113.33,79.11,,0.155049497,0.049442905,0.29885128,,,,,,
4260,4260.T,"Hybrid Technologies Co., Ltd.",汎用,2021/12/23,2025/1/30,1134,2022/11/28,1370,-63.72,0.2247,2025/2/14,513,3.22,2026/6/24,246,-50.5,-39.57,340,510,10,2025/2/14,511,-51.86,-41.69,330,495,-5,472.15,2025/2/3,472.15,-47.9,-37.54,338,506,2026/6/18,244,-50.91,336,504,早すぎ,検出,3,4,2,2025/1/30,29.38,1,,,26.99,54.53,,0.164367656,0.053817303,0.302810627,,,,,,
5571,5571.T,"Excite Holdings Co., Ltd.",汎用,2023/4/19,2025/1/30,652,2023/4/20,1753.3234,-43.16,0.0828,2025/2/14,1159.7702,16.38,2026/6/24,1020,2.36,1.68,340,510,10,2025/2/14,1141.7378,-10.66,-7.98,330,495,-5,946.7027,2025/2/17,946.7027,7.74,5.69,329,492,2025/2/17,928.1958,-6.86,11,18,許容,検出,3,4,2,2025/1/30,29.38,1,,,47.08,45.99,,0.163493873,0.04952281,0.301484715,,,,,,
5570,5570.T,"Jenoba Co.,Ltd.",汎用,2023/4/19,2025/1/27,649,2023/4/19,2256.38,-72.11,0.0526,2025/2/19,793.1322,26.03,2026/6/24,604,-4.03,-2.88,343,513,10,2025/2/10,662.1016,-8.78,-6.5,333,499,-5,597.8767,2025/4/7,597.8767,1.02,0.84,296,443,2025/4/7,539.0123,-14.35,47,70,許容,検出,3,4,2,2025/1/27,30.85,1,,,82.57,86.03,,0.121890951,0.049897281,0.269289958,,,,,,
5243.T,5243.T,note inc.,汎用,2022/12/21,2025/1/24,765,2025/1/17,1053,-3.04,0.8498,2025/1/24,1021,0,2026/6/24,1755,71.89,46.73,344,516,10,2025/2/7,2012,-12.77,-9.46,334,502,-5,969.95,2025/1/24,969.95,80.94,52.16,344,516,2025/1/24,840,-17.73,0,0,早すぎ,検出,2,4,1,2025/1/24,29.29,3,,,400.84,233.2,,0.095872974,0.049650907,0.261799477,,,,,,
5243,5243.T,note inc.,汎用,2022/12/21,2025/1/24,765,2025/1/17,1053,-3.04,0.8498,2025/1/24,1021,0,2026/6/24,1755,71.89,46.73,344,516,10,2025/2/7,2012,-12.77,-9.46,334,502,-5,969.95,2025/1/24,969.95,80.94,52.16,344,516,2025/1/24,840,-17.73,0,0,早すぎ,検出,2,4,1,2025/1/24,29.29,3,,,400.84,233.2,,0.100199525,0.020558799,0.268116513,,,,,,
7352,7352.T,TWOSTONE&Sons Inc.,汎用,2020/7/9,2025/1/21,1657,2024/3/7,1947.9028,-48.69,0.423,2025/2/12,1404.2203,40.5,2026/6/24,304,-69.58,-56.72,347,519,10,2025/2/4,1154.359,-73.67,-61.9,337,505,-5,949.4728,2025/1/22,949.4728,-67.98,-55.2,346,518,2026/6/23,304,-69.58,346,518,早すぎ,検出,3,4,2,2025/1/21,30.46,1,,,169.42,556.92,,0.110715577,0.013101716,0.274740477,,,,,,
CORN|ETF,CORN,Teucrium Corn Fund,汎用,2010/6/9,2025/1/14,5333,2012/8/21,52.71,-63.14,0.0786,2025/2/19,20.69,6.48,2026/6/25,16.855,-13.25,-9.38,362,527,10,2025/1/29,20.18,-16.48,-12.05,352,512,-5,18.4585,2025/3/4,18.4585,-8.69,-6.71,329,478,2026/6/15,16.59,-14.62,355,517,許容,検出,3,4,2,2025/1/14,35.25,1,,,,,,0.11801028,0.008395261,0.272484725,,,,,,
4263,4263.T,"SUSMED,Inc.",汎用,2021/12/24,2025/1/10,1113,2021/12/29,2500,-73.92,0.1145,2025/1/30,695,6.6,2026/6/24,787,20.71,13.85,353,530,10,2025/1/27,660,19.24,13.35,343,513,-5,619.4,2025/2/12,619.4,27.06,19.24,332,497,2025/4/7,413,-36.66,57,87,早すぎ,検出,3,4,2,2025/1/10,35.61,1,,,141.81,117.48,,0.112445712,0.008395261,0.273672487,,,,,,
9218.T,9218.T,"Mental Health Technologies Co.,Ltd.",汎用,2022/3/28,2025/1/10,1019,2022/11/4,1962.3142,-59.29,0.1262,2025/2/17,963.8571,20.67,2026/6/24,707,-11.49,-8.07,353,530,10,2025/1/27,780.9714,-9.47,-6.84,343,513,-5,758.8274,2025/1/14,758.8274,-6.83,-4.79,352,526,2025/6/23,630.7086,-21.04,109,164,早すぎ,検出,4,3,2,2025/1/10,35.61,1,,,76.6,86.54,,0.115610185,0.010672349,0.276174262,,,,,,
9218,9218.T,"Mental Health Technologies Co.,Ltd.",汎用,2022/3/28,2025/1/10,1019,2022/11/4,1962.3142,-59.29,0.1262,2025/2/17,963.8571,20.67,2026/6/24,707,-11.49,-8.07,353,530,10,2025/1/27,780.9714,-9.47,-6.84,343,513,-5,758.8274,2025/1/14,758.8274,-6.83,-4.79,352,526,2025/6/23,630.7086,-21.04,109,164,早すぎ,検出,4,3,2,2025/1/10,35.61,1,,,76.6,86.54,,0.118580695,0.015981147,0.128883662,,,,,,
5586,5586.T,Laboro.AI Inc.,汎用,2023/7/31,2025/1/9,528,2024/3/8,2999,-61.65,0.18,2025/2/17,1480,28.7,2026/6/24,793,-31.04,-22.56,354,531,10,2025/1/24,1085,-26.91,-19.9,344,516,-5,1092.5,2025/1/9,1092.5,-27.41,-19.78,354,531,2026/6/11,744,-35.3,345,518,早すぎ,検出,4,2,3,2025/1/10,35.61,1,,,135.08,195.88,,0.122351384,0.01521981,0.082739416,,,,,,
4174,4174.T,Appirits Inc.,汎用,2021/2/26,2025/1/8,1412,2021/3/2,2351.8421,-66.54,0.1042,2025/3/18,878.4456,11.63,2026/6/24,688,-12.57,-8.81,355,532,10,2025/1/23,766.0063,-10.18,-7.31,345,517,-5,747.5937,2025/2/3,747.5937,-7.97,-5.82,338,506,2026/3/24,605,-23.12,293,440,早すぎ,検出,4,3,2,2025/1/8,33.54,1,,,26.75,30.59,,0.11786044,0.228776268,0.082725848,,,,,,
9250,9250.T,GRCS Inc.,汎用,2021/11/18,2025/1/8,1147,2021/11/25,13000,-87.72,0.0596,2026/1/22,2138,33.96,2026/6/24,902,-43.48,-32.41,355,532,10,2025/1/23,1400,-35.57,-26.7,345,517,-5,1516.2,2025/1/15,1516.2,-40.51,-30.32,351,525,2026/6/24,873,-45.3,355,532,早すぎ,検出,4,2,3,2025/1/8,33.54,1,,,13.38,23.68,,0.12429183,0.33065755,0.081844783,,,,,,
4493,4493.T,"Cyber Security Cloud, Inc.",汎用,2020/3/26,2025/1/7,1748,2020/4/21,11212.9063,-82.12,0.0714,2025/2/17,2227.8391,11.14,2026/6/24,1661,-17.13,-12.08,356,533,10,2025/1/22,1893.7628,-12.29,-8.83,346,518,-5,1904.234,2025/1/17,1904.234,-12.77,-9.1,349,523,2025/4/7,1296.4148,-35.32,60,90,早すぎ,検出,4,2,3,2025/1/7,33.55,1,,,184.9,223.13,,0.119874765,0.328507474,0.081170343,,,,,,
4261,4261.T,"AsiaQuest Co., Ltd.",汎用,2021/12/27,2025/1/7,1107,2022/1/4,8030,-70.17,0.0951,2025/3/21,2696,12.57,2026/6/24,3485,45.51,29.31,356,533,10,2025/1/22,2428,43.53,29.02,346,518,-5,2275.25,2025/2/3,2275.25,53.17,36.04,338,506,2025/4/7,1803,-24.72,60,90,早すぎ,検出,2,3,1,2025/1/7,33.55,4,,,45.58,31.32,,0.120273478,0.321782014,0.081028328,,,,,,
6193,6193.T,"Virtualex Holdings, Inc.",汎用,2016/6/23,2024/12/30,3112,2016/7/7,1858.7162,-57.59,0.1105,2025/1/31,817.3333,3.68,2026/6/24,989,25.46,16.55,358,541,10,2025/1/20,807.6606,22.45,15.29,348,520,-5,748.8997,2025/4/4,748.8997,32.06,25.58,297,446,2025/4/7,655.2872,-16.88,62,98,早すぎ,検出,3,4,2,2024/12/30,33.94,1,,,28.59,22.79,,0.108105493,0.328896352,0.083047205,,,,,,
5032.T,5032.T,ANYCOLOR Inc.,汎用,2022/6/9,2024/12/17,922,2022/10/27,6598.5461,-59.07,0.1472,2025/11/12,6694.062,147.84,2026/6/24,2042,-24.4,-16.84,367,554,10,2025/1/6,2595.0427,-21.31,-15.12,357,534,-5,2565.8958,2025/1/8,2565.8958,-20.42,-14.51,355,532,2026/6/24,2028,-24.92,367,554,早すぎ,検出,4,3,2,2024/12/17,30.66,1,,,1458.45,1929.17,,0.095031701,0.333145377,0.078332491,,,,,,
5032,5032.T,ANYCOLOR Inc.,汎用,2022/6/9,2024/12/17,922,2022/10/27,6598.5461,-59.07,0.1472,2025/11/12,6694.062,147.84,2026/6/24,2042,-24.4,-16.84,367,554,10,2025/1/6,2595.0427,-21.31,-15.12,357,534,-5,2565.8958,2025/1/8,2565.8958,-20.42,-14.51,355,532,2026/6/24,2028,-24.92,367,554,早すぎ,検出,4,3,2,2024/12/17,30.66,1,,,1458.45,1929.17,,0.090968523,0.332438311,0.079940167,,,,,,
7119,7119.T,"halmek holdings Co.,Ltd.",汎用,2023/3/23,2024/12/12,630,2023/3/27,2903.6057,-67.38,0.0054,2024/12/12,961.4589,1.52,2026/6/24,1622,71.27,42.13,370,559,10,2024/12/26,972.0349,66.87,40.94,360,545,-5,899.6852,,,,,,,2024/12/12,936.4609,-1.12,0,0,成功,検出,1,2,,2024/12/12,30.27,3,,,185.61,108.37,,0.106298157,0.331705459,0.041197153,,,,,,
5029,5029.T,circlace Inc,汎用,2022/4/13,2024/12/9,971,2022/4/15,2600,-76.77,0.0311,2025/5/27,1744,188.74,2026/6/24,653,8.11,5.2,373,562,10,2024/12/23,618,5.66,3.74,363,548,-5,573.8,2024/12/16,573.8,13.8,8.88,368,555,2026/2/17,540,-10.6,288,435,許容,検出,3,4,2,2024/12/9,29.6,1,,,29.64,27.41,,0.127323215,0.343051957,0.041468434,,,,,,
4011.T,4011.T,"Headwaters Co.,Ltd",汎用,2020/10/2,2024/12/3,1523,2024/3/6,10245,-36.55,0.5533,2024/12/3,6875,5.77,2026/6/24,2030,-68.77,-52.69,377,568,10,2024/12/17,5540,-63.36,-48.41,367,554,-5,6175,2024/12/5,6175,-67.13,-51.22,375,566,2026/6/11,1862,-71.35,368,555,早すぎ,検出,4,2,3,2024/12/3,30.22,1,,,133.17,426.43,,0.113222288,0.344179069,0.041534092,,,,,,
4011,4011.T,"Headwaters Co.,Ltd",汎用,2020/10/2,2024/12/3,1523,2024/3/6,10245,-36.55,0.5533,2024/12/3,6875,5.77,2026/6/24,2030,-68.77,-52.69,377,568,10,2024/12/17,5540,-63.36,-48.41,367,554,-5,6175,2024/12/5,6175,-67.13,-51.22,375,566,2026/6/11,1862,-71.35,368,555,早すぎ,検出,4,2,3,2024/12/3,30.22,1,,,133.17,426.43,,0.077313206,0.344222475,0.038707156,,,,,,
7373,7373.T,"Aidma Holdings, Inc.",汎用,2021/6/23,2024/11/27,1253,2021/11/15,5533.1017,-68.63,0.1426,2026/1/14,3255,87.53,2026/6/24,1131,-34.84,-23.86,381,574,10,2024/12/11,1923.6263,-41.2,-29.28,371,560,-5,1648.9285,2025/3/11,1648.9285,-31.41,-25.4,314,470,2026/6/3,1104,-36.4,366,553,早すぎ,検出,3,4,2,2024/11/27,31.62,1,,,181.33,278.28,,0.067409806,0.336072969,0.035824795,,,,,,
DXCM,DXCM,"DexCom, Inc.",汎用,2005/4/14,2024/11/27,7167,2021/11/18,164.8625,-52.63,0.2166,2025/2/18,93.25,19.4,2026/6/25,69.55,-10.95,-7.1,392,575,10,2024/12/12,78.93,-11.88,-7.92,382,560,-5,74.195,2025/1/13,74.195,-6.26,-4.37,363,528,2025/11/7,54.11,-30.72,236,345,早すぎ,検出,3,4,2,2024/11/27,31.62,1,,,,,,0.060768337,0.327668897,0.029484806,,,,,,
AMBA,AMBA,"Ambarella, Inc.",汎用,2012/10/10,2024/11/26,4430,2021/12/1,227.59,-69.94,0.1566,2025/1/21,85.15,24.47,2026/6/25,64.5,-5.72,-3.66,393,576,10,2024/12/11,72.31,-10.8,-7.17,383,561,-5,64.9895,2025/2/27,64.9895,-0.75,-0.57,332,483,2025/4/7,38.86,-43.2,88,132,早すぎ,検出,3,4,2,2024/11/26,31.52,1,,,,,,0.063362386,0.327363627,0.031022291,,,,,,
4166,4166.T,Cacco Inc.,汎用,2020/12/18,2024/11/20,1433,2020/12/18,8120,-90.3,0.0372,2024/11/20,930,18.02,2026/6/24,649,-17.64,-11.49,386,581,10,2024/12/4,670,-3.13,-2.03,376,567,-5,748.6,2024/11/21,748.6,-13.3,-8.6,385,580,2025/4/7,505,-35.91,90,138,早すぎ,検出,4,2,3,2024/11/20,33.15,1,,,18.25,22.16,,0.063362386,0.327363627,0.033136329,,,,,,
4442,4442.T,"Valtes Holdings Co.,Ltd.",汎用,2019/5/31,2024/11/19,1999,2023/7/4,1326.905,-60.99,0.1865,2025/2/19,566.7501,9.49,2026/6/24,374,-27.75,-18.45,387,582,10,2024/12/3,458.7042,-18.47,-12.3,377,568,-5,491.7564,2024/11/19,491.7564,-23.95,-15.78,387,582,2025/4/7,332.0678,-35.85,91,139,早すぎ,検出,4,2,3,2024/11/19,33.15,1,,,79.8,110.45,,0.060698545,0.32592345,0.031430268,,,,,,
5587,5587.T,Inbound Platform Corp.,汎用,2023/8/30,2024/11/19,447,2023/8/30,2980,-74.83,0.0739,2024/12/3,980,30.67,2026/6/24,733,-2.27,-1.43,387,582,10,2024/12/3,924,-20.67,-13.84,377,568,-5,712.5,2025/3/14,712.5,2.88,2.24,311,467,2025/4/9,572,-23.73,93,141,早すぎ,検出,3,4,2,2024/11/19,33.15,1,,,26.32,26.93,,0.056701461,0.280638699,0.029531344,,,,,,
4255,4255.T,THECOO Inc.,汎用,2021/12/22,2024/11/18,1062,2021/12/22,6400,-88.05,0.0271,2024/11/18,765,0,2026/6/24,2450,220.26,107.35,388,583,10,2024/12/2,660,271.21,132.09,378,569,-5,726.75,2024/11/18,726.75,237.12,114.12,388,583,2024/11/18,608,-20.52,0,0,早すぎ,検出,3,1,2,2024/11/18,33.52,4,,,53.62,16.74,,0.056129751,0.270646729,0.028447381,,,,,,
ETH-USD|ETF,ETH-USD,Ethereum USD,汎用,2017/11/9,2024/11/9,2557,2021/11/16,4891.7046,-35.99,0.4977,2024/12/16,4106.9556,31.16,2026/6/25,1572.21,-49.79,-34.58,593,593,10,2024/11/19,3111.384,-49.47,-34.8,583,583,-5,2974.5873,2024/11/9,2974.5873,-47.15,-32.48,593,593,2025/4/9,1386.7993,-55.71,151,151,早すぎ,検出,4,3,2,2024/11/11,31.08,1,,,,,,0.0525613,0.327055787,0.032225731,,,,,,
4057,4057.T,"Interfactory, Inc.",汎用,2020/8/27,2024/10/15,1510,2020/9/2,9000,-94.11,0.0211,2024/10/16,613,15.66,2026/6/24,354,-33.21,-21.25,411,617,10,2024/10/29,469,-24.52,-15.67,401,603,-5,503.5,2024/10/18,503.5,-29.69,-18.91,408,614,2026/6/22,347,-34.53,409,615,早すぎ,検出,4,2,3,2024/10/15,33.19,1,,,14.73,22.05,,0.03017645,0.327055787,0.033677138,,,,,,
4476,4476.T,AI CROSS Inc.,汎用,2019/10/8,2024/8/16,1774,2019/12/5,2728,-39.92,0.3977,2024/12/13,1977,20.62,2026/6/24,956,-41.67,-25.24,450,677,10,2024/8/30,1637,-41.6,-25.64,440,663,-5,1557.05,2024/9/9,1557.05,-38.6,-23.88,434,653,2026/6/11,920,-43.87,441,664,早すぎ,検出,4,3,2,2024/8/16,38.67,1,,,36.73,62.96,,0.024486613,0.322642385,0.025380557,,,,,,
6045,6045.T,"Rentracks CO.,LTD.",汎用,2015/4/24,2024/8/16,3402,2015/7/22,1285.5967,-54.99,0.0174,2024/8/16,597.0195,3.17,2026/6/24,1402,142.27,61.19,450,677,10,2024/8/30,718.5453,95.12,44.52,440,663,-5,549.7595,,,,,,,2024/8/16,566.1558,-2.17,0,0,成功,検出,1,2,,2024/8/16,38.67,3,,,118.71,49,,0.016885045,0.322193413,0.017216587,,,,,,
4054,4054.T,"Japan PropTech Co.,Ltd.",汎用,2020/7/31,2024/8/13,1474,2020/10/14,3597.3302,-76.25,0.113,2024/11/12,1300.497,52.2,2026/6/24,520,-39.14,-23.41,453,680,10,2024/8/27,791.1769,-34.28,-20.56,443,666,-5,811.7475,2024/8/13,811.7475,-35.94,-21.28,453,680,2026/5/15,505,-40.9,425,640,早すぎ,検出,4,2,3,2024/8/13,41.74,1,,,75.77,124.49,,0.05395906,0.359419045,0.021340095,,,,,,
7082,7082.T,"Jimoty, Inc.",汎用,2020/2/10,2024/7/30,1632,2021/11/16,2650,-70.81,0.1167,2024/7/30,780,0.84,2026/6/24,1414,82.81,37.37,462,694,10,2024/8/14,688.5,105.37,47.27,452,679,-5,734.825,2024/8/1,734.825,92.43,41.27,460,692,2024/8/5,525.5,-32.06,4,6,早すぎ,検出,3,1,2,2024/7/30,41.77,4,,,137.06,74.97,,0.059467718,0.127714384,0.020719912,,,,,,
4379,4379.T,Photosynth inc.,汎用,2021/11/5,2024/7/19,987,2021/11/5,1526,-72.8,0.1266,2024/7/30,428,3.13,2026/6/24,393,-5.3,-2.78,469,705,10,2024/8/2,387,1.55,0.82,459,691,-5,394.25,2024/7/25,394.25,-0.32,-0.17,465,699,2025/4/7,254,-38.8,173,262,早すぎ,検出,4,2,3,2024/7/19,40.27,1,,,62.27,65.75,,0.086040093,0.074292315,0.021137274,,,,,,
4071,4071.T,"Plus Alpha Consulting Co.,Ltd.",汎用,2021/6/30,2024/7/17,1113,2021/11/22,4357.8578,-53.95,0.2672,2024/9/27,2234.6035,11.36,2026/6/24,2494,24.29,11.89,471,707,10,2024/7/31,1880.069,32.65,16.06,461,693,-5,1906.3174,2024/7/22,1906.3174,30.83,15.01,468,702,2025/4/7,1149.4223,-42.72,175,264,早すぎ,検出,4,2,3,2024/7/17,38.16,1,,,1231.88,991.13,,0.402397519,0.075087736,0.019893478,,,,,,
7049,7049.T,"SHIKIGAKU. Co., Ltd.",汎用,2019/2/25,2024/7/12,1964,2021/2/24,2805,-80.43,0.0187,2024/7/30,723,31.69,2026/6/24,823,49.91,23.08,473,712,10,2024/7/29,688,19.62,9.87,463,695,-5,521.55,2024/11/5,521.55,57.8,32.25,397,596,2024/11/6,506,-7.83,77,117,許容,検出,2,4,1,2024/7/12,37.01,3,,,74.13,49.45,,0.539333078,0.074948611,0.014761996,,,,,,
4427,4427.T,"EduLab, Inc.",汎用,2018/12/21,2024/7/11,2029,2020/10/8,10900,-96.55,0.0186,2025/6/10,559,48.67,2026/6/24,177,-52.93,-32.02,474,713,10,2024/7/26,321,-44.86,-26.77,464,698,-5,357.2,2024/7/12,357.2,-50.45,-30.25,473,712,2026/6/24,176,-53.19,474,713,早すぎ,検出,4,2,3,2024/7/11,38.01,1,,,17.68,37.56,,0.559183057,0.073655967,0.016468129,,,,,,
9561,9561.T,GLAD CUBE Inc.,汎用,2022/9/28,2024/7/9,650,2022/9/29,1580,-48.73,0.3556,2025/2/21,1340,65.43,2026/6/24,408,-49.63,-29.55,476,715,10,2024/7/24,832,-50.96,-31.05,466,700,-5,769.5,2024/7/9,769.5,-46.98,-27.68,476,715,2026/6/22,385,-52.47,474,713,早すぎ,検出,3,4,2,2024/7/9,38.88,1,,,35.6,70.68,,0.539332695,0.06864958,0.01637523,,,,,,
6176,6176.T,Brangista Inc.,汎用,2015/9/17,2024/7/5,3214,2016/5/16,15216.2231,-95.82,0.0132,2025/1/7,766.0912,20.36,2026/6/24,864,35.74,16.79,478,719,10,2024/7/22,662.4097,30.43,14.82,468,702,-5,604.6648,2024/8/2,604.6648,42.89,20.76,459,691,2025/4/7,441.6065,-30.62,182,276,早すぎ,検出,3,4,1,2024/7/5,38.84,2,,,131.82,97.12,,0.539578859,0.068319402,0.014169079,,,,,,
4385.T,4385.T,"Mercari, Inc.",汎用,2018/6/19,2024/7/4,2207,2021/11/22,7390,-68.78,0.1175,2024/9/19,2774,20.22,2026/6/24,3921,69.92,30.86,479,720,10,2024/7/19,2339.5,67.6,30.68,469,705,-5,2192.125,2024/7/25,2192.125,78.87,35.51,465,699,2025/1/14,1631,-29.32,127,194,早すぎ,検出,2,3,1,2024/7/5,38.84,4,,,7248.7,4265.95,,0.555269759,0.062280505,0.016696933,,,,,,
4385,4385.T,"Mercari, Inc.",汎用,2018/6/19,2024/7/4,2207,2021/11/22,7390,-68.78,0.1175,2024/9/19,2774,20.22,2026/6/24,3921,69.92,30.86,479,720,10,2024/7/19,2339.5,67.6,30.68,469,705,-5,2192.125,2024/7/25,2192.125,78.87,35.51,465,699,2025/1/14,1631,-29.32,127,194,早すぎ,検出,2,3,1,2024/7/5,38.84,4,,,7248.7,4265.95,,0.581831768,0.06619617,0.014399242,,,,,,
4498,4498.T,"Cybertrust Japan Co., Ltd.",汎用,2021/4/16,2024/7/3,1174,2021/4/21,2694.4896,-63.75,0.121,2024/7/22,1039.6137,6.43,2026/6/24,1069,9.43,4.67,480,721,10,2024/7/18,975.3734,9.6,4.86,470,706,-5,928.0024,2024/7/25,928.0024,15.19,7.67,465,699,2024/8/5,740.4796,-24.2,22,33,早すぎ,検出,4,3,2,2024/7/3,39.63,1,,,196.85,179.89,,0.612824522,0.022704791,0.015445528,,,,,,
5025,5025.T,MERCURY Inc.,汎用,2022/2/25,2024/7/3,859,2022/5/25,2035,-68.6,0.1318,2024/7/3,678,6.1,2026/6/24,520,-18.62,-9.91,480,721,10,2024/7/18,578,-10.03,-5.32,470,706,-5,607.05,2024/7/4,607.05,-14.34,-7.55,479,720,2024/8/5,427,-33.18,22,33,早すぎ,検出,4,2,3,2024/7/3,39.63,1,,,14.36,17.65,,0.619027423,0.021940046,0.014924896,,,,,,
5137.T,5137.T,SmartDrive inc.,汎用,2022/12/15,2024/6/26,559,2023/6/30,620,-44.41,0.3813,2025/11/14,570,65.38,2026/6/24,208,-39.65,-22.38,485,728,10,2024/7/10,331.3333,-37.22,-21.19,475,714,-5,327.4334,2024/7/1,327.4334,-36.48,-20.49,482,723,2026/6/12,175,-49.23,477,716,早すぎ,検出,4,3,2,2024/6/26,41.55,1,,,80.53,133.45,,0.618047177,0.021305519,0.013320542,,,,,,
5137,5137.T,SmartDrive inc.,汎用,2022/12/15,2024/6/26,559,2023/6/30,620,-44.41,0.3813,2025/11/14,570,65.38,2026/6/24,208,-39.65,-22.38,485,728,10,2024/7/10,331.3333,-37.22,-21.19,475,714,-5,327.4334,2024/7/1,327.4334,-36.48,-20.49,482,723,2026/6/12,175,-49.23,477,716,早すぎ,検出,4,3,2,2024/6/26,41.55,1,,,80.53,133.45,,0.617603859,0.0180409,0.012826079,,,,,,
9254,9254.T,"Lovable Marketing Group,inc.",汎用,2021/12/22,2024/6/19,910,2021/12/22,4990,-66.35,0.1499,2024/12/13,1720,2.44,2026/6/24,1102,-34.37,-18.88,490,735,10,2024/7/3,1550,-28.9,-15.87,480,721,-5,1595.05,2024/6/24,1595.05,-30.91,-16.89,487,730,2025/4/7,1095,-34.78,194,292,早すぎ,検出,4,2,3,2024/6/20,41.38,1,,,18.67,28.44,,0.588767651,0.014731528,0.013625591,,,,,,
7367,7367.T,"CELM,Inc.",汎用,2021/4/6,2024/5/28,1148,2023/6/21,614.9842,-29.22,0.4885,2024/5/28,452.7659,4.02,2026/6/24,333,-23.5,-12.12,506,757,10,2024/6/11,373.6238,-10.87,-5.5,496,743,-5,413.517,2024/5/29,413.517,-19.47,-9.93,505,756,2024/8/5,263.6533,-39.43,48,69,早すぎ,検出,4,2,3,2024/5/28,43.68,1,,,73.37,95.91,,0.562080544,0.005868833,0.008823708,,,,,,
9563,9563.T,Atlas Technologies Corporation,汎用,2022/10/26,2024/5/27,579,2022/10/26,2663,-81.98,0.0983,2024/5/27,493,2.71,2026/6/24,298,-37.92,-20.52,507,758,10,2024/6/10,455,-34.51,-18.76,497,744,-5,456,2024/5/27,456,-34.65,-18.53,507,758,2024/8/7,242,-49.58,51,72,早すぎ,検出,4,2,3,2024/5/28,43.68,1,,,21.99,35.43,,0.556997913,0.005977057,0.009247076,,,,,,
6460.T,6460.T,Sega Sammy Holdings Inc.,汎用,2001/1/1,2024/5/15,8535,2006/4/5,3034.4477,-26.31,0.3631,2024/7/23,2461.9042,10.11,2026/6/25,2143,-4.16,-1.99,516,771,10,2024/5/29,2036.973,5.21,2.48,506,757,-5,2124.1513,2024/5/24,2124.1513,0.89,0.42,509,762,2024/8/5,1780.6651,-20.36,57,82,早すぎ,検出,4,2,3,2024/5/15,43.16,1,,,4726.94,4932.12,,0.554332787,0.006585262,0.003471191,,,,,,
6460,6460.T,Sega Sammy Holdings Inc.,汎用,2001/1/1,2024/5/15,8535,2006/4/5,3034.4477,-26.31,0.3631,2024/7/23,2461.9042,10.11,2026/6/25,2143,-4.16,-1.99,516,771,10,2024/5/29,2036.973,5.21,2.48,506,757,-5,2124.1513,2024/5/24,2124.1513,0.89,0.42,509,762,2024/8/5,1780.6651,-20.36,57,82,早すぎ,検出,4,2,3,2024/5/15,43.16,1,,,4726.94,4932.12,,0.554156392,0.006233219,0.00480561,,,,,,
4175,4175.T,coly Inc.,汎用,2021/2/26,2024/5/14,1173,2021/2/26,9890,-83.31,0.0873,2024/6/27,1784,8.06,2026/6/24,2214,34.1,14.91,516,771,10,2024/5/28,1276,73.51,30.46,506,757,-5,1568.45,2024/5/14,1568.45,41.16,17.74,516,771,2024/8/6,863,-47.73,59,84,早すぎ,検出,4,1,3,2024/5/14,44.8,2,,,137.46,102.5,,0.412150721,0.005877319,0.004925243,,,,,,
6050,6050.T,E-Guardian Inc.,汎用,2010/12/1,2024/5/13,4912,2018/4/10,4506.6001,-62.26,0.1029,2024/7/9,2035.0063,19.66,2026/6/24,1660,-2.39,-1.14,517,772,10,2024/5/27,1834.0179,-9.49,-4.69,507,758,-5,1615.6364,2024/8/5,1615.6364,2.75,1.45,458,688,2024/8/5,1378.8954,-18.92,59,84,早すぎ,検出,3,4,2,2024/5/13,45.6,1,,,197.36,202.19,,0.395546061,0.00489994,0.003975376,,,,,,
4178,4178.T,Sharing Innovations Inc.,汎用,2021/3/24,2024/5/10,1143,2021/3/24,4990,-82.89,0.0803,2025/4/25,929,8.78,2026/6/24,510,-40.28,-21.57,518,775,10,2024/5/24,810,-37.04,-19.91,508,761,-5,811.3,2024/5/16,811.3,-37.14,-19.79,514,769,2026/6/11,493,-42.27,509,762,早すぎ,検出,4,2,3,2024/5/10,45.7,1,,,19.54,32.72,,0.39458775,0.002838918,0.005122144,,,,,,
4179,4179.T,G-NEXT Inc.,汎用,2021/3/25,2024/4/18,1120,2021/3/25,3145,-87.66,0.0619,2025/2/14,520,34.02,2026/6/24,502,29.38,12.53,531,797,10,2024/5/7,311,61.41,25.21,521,778,-5,368.6,2024/4/19,368.6,36.19,15.23,530,796,2025/4/7,206,-46.91,235,354,早すぎ,検出,4,1,3,2024/4/18,52.61,2,,,27.13,20.97,,0.389358245,0.002286758,0.004884961,,,,,,
SMTC,SMTC,Semtech Corporation,汎用,1980/3/17,2024/4/1,16086,2021/11/22,94.92,-69.06,0.0751,2025/1/22,79.52,170.75,2026/6/25,162.45,453.12,115.23,560,815,10,2024/4/15,32.39,401.54,108.61,550,801,-5,27.9015,2024/4/1,27.9015,482.23,120.23,560,815,2025/4/21,24.05,-18.11,264,385,早すぎ,検出,2,3,1,2024/4/1,46.11,4,,,,,,0.391374315,-0.007306858,0.003975108,,,,,,
6047,6047.T,Gunosy Inc.,汎用,2015/4/28,2024/3/14,3243,2017/8/23,3391.5708,-76.79,0.12,2024/8/27,895.7464,13.81,2026/6/24,435,-44.73,-22.92,555,832,10,2024/3/29,728.4908,-40.29,-20.59,545,817,-5,747.6788,2024/3/15,747.6788,-41.82,-21.18,554,831,2026/6/23,432,-45.11,554,831,早すぎ,検出,4,2,3,2024/3/14,48.13,1,,,108.73,196.73,,0.395485468,-0.015062095,0.083604757,,,,,,
5026,5026.T,"Tripleize Co.,Ltd.",汎用,2022/6/1,2024/3/6,644,2022/6/1,2319,-63.26,0.1873,2024/9/17,2158,153.29,2026/6/24,523,-38.62,-19.12,561,840,10,2024/3/21,730,-28.36,-13.73,551,825,-5,809.4,2024/3/7,809.4,-35.38,-17.31,560,839,2026/6/12,514,-39.67,553,828,早すぎ,検出,4,2,3,2024/3/6,49.36,1,,,48.57,79.13,,0.394639984,-0.014455974,0.139391968,,,,,,
4496,4496.T,Commerce One Holdings Inc.,汎用,2020/6/29,2024/3/4,1344,2020/10/13,4179.4234,-82.69,0.0392,2024/3/18,872.3518,20.57,2026/6/24,765,5.73,2.45,563,842,10,2024/3/18,872.3518,-12.31,-5.63,553,828,-5,687.3515,2024/5/17,687.3515,11.3,5.22,513,768,2024/8/5,582.4511,-19.5,105,154,早すぎ,検出,3,4,2,2024/3/4,49.3,1,,,53.44,50.55,,0.09388841,-0.015390549,0.138751683,,,,,,
6177,6177.T,AppBank Inc.,汎用,2015/10/15,2024/2/29,3059,2015/10/27,5220,-96.36,0.0265,2024/2/29,267,40.53,2026/6/24,74,-61.05,-33.44,565,846,10,2024/3/14,129,-42.64,-21.65,555,832,-5,180.5,2024/3/1,180.5,-59,-31.98,564,845,2024/8/5,53,-72.11,107,158,早すぎ,検出,4,2,3,2024/2/29,50.52,1,,,20.69,53.11,,0.025228339,-0.017018336,0.140122784,,,,,,
4484,4484.T,"Lancers, Inc.",汎用,2019/12/16,2024/2/29,1536,2020/9/2,1627.259,-81.07,0.1075,2024/3/7,332.8033,8.06,2026/6/24,263,-14.6,-6.59,565,846,10,2024/3/14,273.1967,-3.73,-1.66,555,832,-5,292.5688,2024/3/4,292.5688,-10.11,-4.52,563,842,2024/8/6,149.0164,-51.61,108,159,早すぎ,検出,4,2,3,2024/2/29,50.52,1,,,43.75,51.23,,0.023168354,-0.021332313,0.139375426,,,,,,
4165,4165.T,"PLAID,Inc.",汎用,2020/12/18,2024/2/16,1155,2021/4/20,5080,-86.36,0.0562,2024/11/28,1647,137.66,2026/6/24,457,-34.05,-16.22,573,859,10,2024/3/4,809,-43.51,-21.94,563,842,-5,658.35,2024/2/16,658.35,-30.58,-14.38,573,859,2026/6/18,432,-37.66,569,853,早すぎ,検出,3,4,2,2024/2/16,52.61,1,,,225.51,341.93,,0.01847548,-0.02985883,0.139006438,,,,,,
2127.T,2127.T,Nihon M&A Center Holdings Inc.,汎用,2006/10/10,2024/2/2,6324,2020/12/1,3279.5801,-73.75,0.1411,2024/2/26,981.0884,13.98,2026/6/25,623.8,-27.53,-12.59,583,874,10,2024/2/19,912.2719,-31.62,-14.96,573,857,-5,817.7125,2024/2/2,817.7125,-23.71,-10.7,583,874,2025/4/7,463.3527,-46.17,286,430,早すぎ,検出,3,4,2,2024/2/2,54.74,1,,,2081.48,2872.2,,0.005075356,-0.029632754,0.139638057,,,,,,
2127,2127.T,Nihon M&A Center Holdings Inc.,汎用,2006/10/10,2024/2/2,6324,2020/12/1,3279.5801,-73.75,0.1411,2024/2/26,981.0884,13.98,2026/6/25,623.8,-27.53,-12.59,583,874,10,2024/2/19,912.2719,-31.62,-14.96,573,857,-5,817.7125,2024/2/2,817.7125,-23.71,-10.7,583,874,2025/4/7,463.3527,-46.17,286,430,早すぎ,検出,3,4,2,2024/2/2,54.74,1,,,2081.48,2872.2,,-0.005995354,-0.027240906,0.139937815,,,,,,
9245,9245.T,Livero Inc.,汎用,2021/9/28,2024/1/24,848,2021/10/25,3376.9429,-65.23,0.0546,2024/7/22,1911.6602,62.81,2026/6/24,1874,59.6,21.36,589,882,10,2024/2/7,1474.9866,27.05,10.6,579,868,-5,1115.4586,2024/10/28,1115.4586,68,36.85,402,604,2024/10/28,1047.0464,-10.83,187,278,許容,検出,2,4,1,2024/1/24,56.8,3,,,103.48,64.84,,-0.00279946,-0.029058636,0.141618331,,,,,,
7066,7066.T,"Peers Co.,Ltd.",汎用,2019/6/20,2024/1/24,1679,2019/6/20,1511.9122,-58.5,0.2302,2024/2/27,1621.131,158.35,2026/6/24,388,-38.17,-18.05,589,882,10,2024/2/7,1181.9746,-67.17,-37.42,579,868,-5,596.1283,2025/3/4,596.1283,-34.91,-28.02,319,477,2026/6/11,363,-42.15,580,869,早すぎ,検出,3,4,2,2024/1/24,56.8,1,,,37.55,60.73,,-0.011027956,-0.028363875,0.132475746,,,,,,
4056,4056.T,Neural Group Inc.,汎用,2020/8/24,2024/1/11,1235,2020/8/27,10850,-88.76,0.0954,2024/3/6,1419,16.41,2026/6/24,204,-83.26,-51.79,598,895,10,2024/1/25,1100,-81.45,-50.27,588,881,-5,1158.05,2024/1/16,1158.05,-82.38,-50.96,595,890,2026/6/24,203,-83.35,598,895,早すぎ,検出,4,2,3,2024/1/11,58.56,1,,,37.99,226.95,,-0.009158757,-0.034733466,0.131619346,,,,,,
9554,9554.T,"AViC Co., Ltd.",汎用,2022/6/30,2024/1/9,558,2023/2/6,1500,-42.27,0.1756,2024/6/28,1264,45.96,2026/6/24,1533,77.02,26.18,600,897,10,2024/1/23,884,73.42,25.57,590,883,-5,822.7,2024/1/9,822.7,86.34,28.84,600,897,2024/8/5,731,-15.59,142,209,早すぎ,検出,2,3,1,2024/1/9,59.22,4,,,105.2,59.43,,-0.064189271,-0.037633637,0.128626697,,,,,,
4755.T,4755.T,"Rakuten Group, Inc.",汎用,2000/4/19,2024/1/5,8661,2015/4/10,2314.1816,-71.99,0.0212,2024/1/26,691.4,6.66,2026/6/24,692.1,6.77,2.69,601,901,10,2024/1/22,658.6,5.09,2.07,591,884,-5,615.79,2024/2/9,615.79,12.39,5.05,577,866,2024/2/9,612.1,-5.57,24,35,許容,検出,3,4,2,2024/1/5,60.4,1,,,16606.99,15553.99,,-0.061653701,-0.036395214,0.130225285,,,,,,
4755,4755.T,"Rakuten Group, Inc.",汎用,2000/4/19,2024/1/5,8661,2015/4/10,2314.1816,-71.99,0.0212,2024/1/26,691.4,6.66,2026/6/24,692.1,6.77,2.69,601,901,10,2024/1/22,658.6,5.09,2.07,591,884,-5,615.79,2024/2/9,615.79,12.39,5.05,577,866,2024/2/9,612.1,-5.57,24,35,許容,検出,3,4,2,2024/1/5,60.4,1,,,16606.99,15553.99,,-0.051357537,-0.030413273,0.133299451,,,,,,
9562,9562.T,Business Coach Inc.,汎用,2022/10/20,2023/12/29,435,2022/10/20,1282.6076,-66.75,0.1558,2024/5/29,730.6656,71.32,2026/6/24,497,16.53,6.35,603,908,10,2024/1/18,415.1937,19.7,7.68,593,888,-5,405.1588,2024/3/8,405.1588,22.67,9.31,559,838,2024/8/5,268.4334,-37.06,145,220,早すぎ,検出,4,3,2,2023/12/29,57.74,1,,,21.17,18.16,,-0.04544867,-0.02221079,0.137763227,,,,,,
7091,7091.T,"Living Platform,Ltd.",汎用,2020/3/17,2023/12/21,1374,2021/11/8,3375.7684,-57.08,0.2367,2024/2/13,1560.4215,7.7,2026/6/24,1191,-17.8,-7.52,609,916,10,2024/1/10,1454.8666,-18.14,-7.83,599,896,-5,1376.4471,2023/12/26,1376.4471,-13.47,-5.64,606,911,2024/12/24,851.4106,-41.24,247,369,早すぎ,検出,3,4,2,2023/12/21,58.89,1,,,54.44,66.23,,-0.049185678,-0.019571844,0.136776134,,,,,,
MRVL,MRVL,"Marvell Technology, Inc.",汎用,2000/6/30,2023/12/18,8571,2021/12/8,92.2329,-35.76,0.2723,2025/1/23,126.992,114.33,2026/6/25,275.33,364.69,84.02,630,920,10,2024/1/3,56.3134,388.92,89.88,620,904,-5,56.2876,2024/1/3,56.2876,389.15,89.92,620,904,2025/4/7,46.9097,-20.83,325,476,早すぎ,検出,3,2,1,2023/12/18,59.79,4,,,,,,-0.062783759,-0.025532507,0.136519008,,,,,,
IPGP,IPGP,IPG Photonics Corporation,汎用,2006/12/13,2023/12/18,6214,2018/1/16,264.11,-59.5,0.2708,2023/12/26,111.11,3.88,2026/6/25,109.55,2.42,0.95,630,920,10,2024/1/3,103.35,6,2.38,620,904,-5,101.612,2024/1/4,101.612,7.81,3.09,619,903,2025/4/9,48.59,-54.57,327,478,早すぎ,検出,4,3,2,2023/12/18,59.79,1,,,,,,-0.055449204,-0.021480173,0.138290584,,,,,,
USB,USB,U.S. Bancorp,汎用,1973/5/3,2023/12/15,18488,2022/1/13,52.3688,-23,0.3533,2024/11/27,50.6401,25.58,2026/6/25,61.235,51.85,17.97,631,923,10,2024/1/2,39.7843,53.92,19.01,621,905,-5,38.3098,2023/12/20,38.3098,59.84,20.52,628,918,2025/4/7,33.7482,-16.31,326,479,早すぎ,検出,4,3,2,2023/12/15,60.5,1,,,,,,-0.047107851,-0.025069706,0.166809727,,,,,,
TEAM,TEAM,Atlassian Corporation,汎用,2015/12/9,2023/12/15,2928,2021/10/29,483.13,-52.48,0.4063,2025/2/10,326,42.01,2026/6/25,77.575,-66.21,-34.91,631,923,10,2024/1/2,226.67,-65.78,-35.13,621,905,-5,218.082,2024/2/2,218.082,-64.43,-35.08,599,874,2026/4/10,56.01,-75.6,579,847,早すぎ,検出,4,3,2,2023/12/15,60.5,1,,,,,,-0.046099917,-0.022840894,0.191487377,,,,,,
4689.T,4689.T,LY Corporation,汎用,2003/10/28,2023/12/13,7351,2021/11/22,781.0522,-42.56,0.2682,2023/12/29,480.6067,7.13,2026/6/25,409.7,-8.68,-3.52,616,925,10,2023/12/27,471.7296,-13.15,-5.5,606,911,-5,426.1984,2024/2/7,426.1984,-3.87,-1.65,580,869,2024/4/17,326.7895,-27.16,83,126,早すぎ,検出,3,4,2,2023/12/13,60.85,1,,,30056.14,32912.99,,-0.045152377,-0.022913267,0.191607098,,,,,,
4689,4689.T,LY Corporation,汎用,2003/10/28,2023/12/13,7351,2021/11/22,781.0522,-42.56,0.2682,2023/12/29,480.6067,7.13,2026/6/25,409.7,-8.68,-3.52,616,925,10,2023/12/27,471.7296,-13.15,-5.5,606,911,-5,426.1984,2024/2/7,426.1984,-3.87,-1.65,580,869,2024/4/17,326.7895,-27.16,83,126,早すぎ,検出,3,4,2,2023/12/13,60.85,1,,,30056.14,32912.99,,-0.028083926,-0.006892949,0.202239228,,,,,,
TLT|ETF,TLT,iShares 20+ Year Treasury Bond ETF,汎用,2002/7/30,2023/12/7,7800,2020/3/9,149.0702,-42.47,0.0916,2024/9/17,94.1808,9.83,2026/6/25,87.4975,2.03,0.79,637,931,10,2023/12/21,89.289,-2.01,-0.8,627,917,-5,81.4668,2024/4/15,81.4668,7.4,3.31,550,801,2025/5/22,79.371,-7.44,364,532,許容,検出,3,4,2,2023/12/7,64.71,1,,,,,,-0.008863678,0.014076094,0.213658321,,,,,,
SCHW,SCHW,The Charles Schwab Corporation,汎用,1987/9/22,2023/12/4,13222,2022/2/9,90.4798,-33.07,0.0876,2023/12/15,69.025,13.98,2026/6/23,93.17,53.86,18.39,638,932,10,2023/12/18,67.0045,39.05,14.02,628,918,-5,57.5286,,,,,,,2024/1/17,57.6852,-4.74,29,44,成功,検出,2,3,,2023/12/4,65.13,1,,,,,,-0.003931027,0.016721889,0.215853391,,,,,,
GDX|ETF,GDX,VanEck Gold Miners ETF,汎用,2006/5/22,2023/11/30,6401,2011/9/9,58.4998,-48.31,0.1515,2023/12/22,31.7441,4.98,2026/6/25,76.63,153.43,43.64,642,938,10,2023/12/14,30.2272,153.51,44.44,632,924,-5,28.7251,2023/12/8,28.7251,166.77,47.02,636,930,2024/2/28,25.1892,-16.69,60,90,早すぎ,検出,3,2,1,2023/11/30,65.33,4,,,,,,-0.011957851,0.016721889,0.217841025,,,,,,
4882,4882.T,Perseus Proteomics Inc.,汎用,2021/6/22,2023/9/20,820,2021/6/22,1022,-53.42,0.3795,2025/3/25,1113,133.82,2026/6/24,158,-66.81,-32.94,672,1008,10,2023/10/4,518,-69.5,-35.36,662,994,-5,452.2,2023/9/20,452.2,-65.06,-31.68,672,1008,2026/6/10,142,-70.17,662,994,早すぎ,検出,3,4,2,2023/9/20,70.78,1,,,26.18,78.88,,-0.019332525,0.092924948,0.2177042,,,,,,
CRWD,CRWD,"CrowdStrike Holdings, Inc.",汎用,2019/6/12,2023/9/5,1546,2021/11/10,298.48,-44.58,0.0556,2023/9/11,172.64,4.36,2026/6/25,681.79,312.13,65.72,703,1024,10,2023/9/19,165.5,311.96,66.86,693,1010,-5,157.1585,,,,,,,2023/9/26,157.59,-4.74,15,21,成功,検出,1,2,,2023/9/5,68.44,3,,,,,,-0.019459228,0.143366446,0.217295327,,,,,,
6098.T,6098.T,"Recruit Holdings Co., Ltd.",汎用,2014/10/16,2023/9/4,3245,2021/11/15,8035.187,-34.42,0.2879,2023/9/4,5328.6883,1.13,2026/6/24,11055,109.8,30.25,683,1024,10,2023/9/19,5009.9971,120.66,33.18,673,1009,-5,5005.8395,2023/9/13,5005.8395,120.84,32.99,676,1015,2023/10/26,4151.1242,-21.22,36,52,早すぎ,検出,3,2,1,2023/9/5,68.44,4,,,165942.97,79095.79,,-0.015178439,0.14569603,0.218393148,,,,,,
6098,6098.T,"Recruit Holdings Co., Ltd.",汎用,2014/10/16,2023/9/4,3245,2021/11/15,8035.187,-34.42,0.2879,2023/9/4,5328.6883,1.13,2026/6/24,11055,109.8,30.25,683,1024,10,2023/9/19,5009.9971,120.66,33.18,673,1009,-5,5005.8395,2023/9/13,5005.8395,120.84,32.99,676,1015,2023/10/26,4151.1242,-21.22,36,52,早すぎ,検出,3,2,1,2023/9/5,68.44,4,,,165942.97,79095.79,,-0.010100704,0.169501668,0.235245747,,,,,,
4374,4374.T,Robot Payment Inc.,汎用,2021/9/28,2023/8/23,694,2021/11/8,4720.6172,-51.45,0.2259,2024/2/28,3032.2212,32.3,2026/6/24,2280,-0.52,-0.18,691,1036,10,2023/9/6,2452.3582,-7.03,-2.57,681,1022,-5,2177.2924,2023/8/23,2177.2924,4.72,1.64,691,1036,2025/4/7,1583.1596,-30.92,395,593,早すぎ,検出,3,4,2,2023/8/23,70.37,1,,,90.95,91.42,,-0.008121223,0.205457381,0.258927278,,,,,,
4415,4415.T,"Broad Enterprise Co.,Ltd.",汎用,2021/12/16,2023/8/14,606,2021/12/16,1545,-44.34,0.2902,2023/9/7,1120,30.23,2026/6/24,1242,44.42,13.71,698,1045,10,2023/8/28,980,26.73,8.76,688,1031,-5,817,2023/11/9,817,52.02,17.31,638,958,2025/4/7,580,-32.56,402,602,早すぎ,検出,3,4,2,2023/8/14,68.28,1,,,77.12,53.4,,-0.021785933,0.205376911,0.25869701,,,,,,
4477.T,4477.T,"BASE,Inc.",汎用,2019/10/25,2023/8/8,1383,2020/10/8,3395.7576,-90.11,0.0463,2023/9/4,380.1515,13.2,2026/6/24,261,-22.28,-8.39,701,1051,10,2023/8/23,320.0758,-18.46,-6.94,691,1036,-5,319.0416,2023/8/8,319.0416,-18.19,-6.74,701,1051,2024/8/5,187.1212,-44.28,243,363,早すぎ,検出,4,3,2,2023/8/8,67.53,1,,,327.05,420.8,,-0.017141502,0.206482975,0.257412689,,,,,,
4477,4477.T,"BASE,Inc.",汎用,2019/10/25,2023/8/8,1383,2020/10/8,3395.7576,-90.11,0.0463,2023/9/4,380.1515,13.2,2026/6/24,261,-22.28,-8.39,701,1051,10,2023/8/23,320.0758,-18.46,-6.94,691,1036,-5,319.0416,2023/8/8,319.0416,-18.19,-6.74,701,1051,2024/8/5,187.1212,-44.28,243,363,早すぎ,検出,4,3,2,2023/8/8,67.53,1,,,327.05,420.8,,-0.013175,0.206293702,0.256156681,,,,,,
WDC,WDC,Western Digital Corporation,汎用,1978/10/31,2023/7/31,16344,2018/3/16,73.8224,-56.62,0.1111,2023/10/5,35.4688,10.76,2026/6/25,688.76,2050.85,187.86,728,1060,10,2023/8/14,32.0528,2048.83,191.87,718,1046,-5,30.4216,2023/8/16,30.4216,2164.05,197.86,716,1044,2023/10/26,26.801,-16.31,62,87,早すぎ,検出,2,3,1,2023/7/31,63.05,4,,,,,,-0.019297062,0.206847914,0.254833477,,,,,,
PNC,PNC,"The PNC Financial Services Group, Inc.",汎用,1975/11/17,2023/7/20,17412,2022/1/13,192.5942,-37.24,0.2254,2023/7/31,123.7727,2.4,2026/6/25,246.12,103.63,27.45,735,1071,10,2023/8/3,119.9931,105.11,28.18,725,1057,-5,114.8247,2023/8/8,114.8247,114.34,30.3,722,1052,2023/10/25,99.9982,-17.27,68,97,早すぎ,検出,3,2,1,2023/7/20,65.46,4,,,,,,0.006177147,0.198682604,0.254705628,,,,,,
ABNB,ABNB,"Airbnb, Inc.",汎用,2020/12/10,2023/7/13,945,2021/2/11,219.94,-36.31,0.3349,2024/3/21,170.1,21.42,2026/6/23,138.85,-0.89,-0.3,738,1076,10,2023/7/27,148.5,-6.5,-2.28,728,1062,-5,133.0855,2023/8/11,133.0855,4.33,1.49,717,1047,2025/4/7,99.88,-28.7,435,634,早すぎ,検出,3,4,2,2023/7/13,65.45,1,,,,,,0.004067339,0.20005542,0.256158515,,,,,,
ARKK,ARKK,ARK Innovation ETF,汎用,2014/10/31,2023/7/13,3177,2021/2/16,157.0824,-68.67,0.1254,2023/7/19,50.9055,3.43,2026/6/23,76.68,55.79,16.24,738,1076,10,2023/7/27,46.4823,64.97,18.79,728,1062,-5,46.7585,2023/7/24,46.7585,63.99,18.49,731,1065,2023/10/30,33.76,-31.41,76,109,早すぎ,検出,4,2,3,2023/7/13,65.45,1,,,,,,0.010870039,0.20021528,0.25723008,,,,,,
6049,6049.T,ItoKuro Inc.,汎用,2015/7/30,2023/7/7,2899,2018/12/3,3825,-91.56,0.0363,2023/9/11,404,25.08,2026/6/24,250,-22.6,-8.28,722,1083,10,2023/7/24,324,-22.84,-8.5,712,1066,-5,306.85,2023/7/7,306.85,-18.53,-6.68,722,1083,2024/8/5,191,-40.87,264,395,早すぎ,検出,3,4,2,2023/7/7,71.11,1,,,50.31,65,,0.015931484,0.201699414,0.257232509,,,,,,
9211.T,9211.T,f-code Inc.,汎用,2021/12/27,2023/7/5,555,2022/1/5,2622.5,-64,0.2084,2023/8/7,995,5.4,2026/6/24,1396,47.88,14.08,724,1085,10,2023/7/20,930.5,50.03,14.85,714,1070,-5,896.8,2023/7/6,896.8,55.66,16.08,723,1084,2023/10/24,502,-46.82,75,111,早すぎ,検出,4,3,2,2023/7/5,69.34,1,,,174.04,117.69,,0.011777718,0.200048445,0.255964529,,,,,,
9211,9211.T,f-code Inc.,汎用,2021/12/27,2023/7/5,555,2022/1/5,2622.5,-64,0.2084,2023/8/7,995,5.4,2026/6/24,1396,47.88,14.08,724,1085,10,2023/7/20,930.5,50.03,14.85,714,1070,-5,896.8,2023/7/6,896.8,55.66,16.08,723,1084,2023/10/24,502,-46.82,75,111,早すぎ,検出,4,3,2,2023/7/5,69.34,1,,,174.04,117.69,,0.014894452,0.200459693,0.252627771,,,,,,
9248,9248.T,"People, Dreams & Technologies Group Co., Ltd.",汎用,2021/10/1,2023/6/29,636,2022/10/28,2492.4749,-40.9,0.1352,2024/2/5,1801.186,22.28,2026/6/24,1542,4.68,1.54,728,1091,10,2023/7/13,1514.347,1.83,0.62,718,1077,-5,1399.3788,2023/8/14,1399.3788,10.19,3.45,698,1045,2024/12/9,1313.6268,-10.82,355,529,許容,検出,3,4,2,2023/6/29,70.78,1,,,137.9,131.74,,0.021616868,0.200161773,0.249354858,,,,,,
CHTR,CHTR,"Charter Communications, Inc.",汎用,2010/1/5,2023/6/29,4923,2021/9/2,825.62,-56.07,0.3401,2023/10/16,458.3,26.36,2026/6/25,129.76,-64.22,-29.09,749,1092,10,2023/7/14,375.47,-65.44,-30.26,739,1077,-5,344.546,2024/2/2,344.546,-62.34,-33.51,599,874,2026/6/22,124.05,-65.8,746,1089,早すぎ,検出,3,4,2,2023/6/29,70.78,1,,,,,,0.01209948,0.200272638,0.248494905,,,,,,
BTC-USD|ETF,BTC-USD,Bitcoin USD,汎用,2014/9/17,2023/6/23,3201,2021/11/10,68789.625,-55.38,0.1314,2023/7/13,31814.5156,3.65,2026/6/25,59648.25,94.32,24.73,1098,1098,10,2023/7/3,31156.4395,91.45,24.36,1088,1088,-5,29160.6954,2023/7/24,29160.6954,104.55,27.76,1067,1067,2023/9/11,24930.2969,-18.78,80,80,早すぎ,検出,2,3,1,2023/6/23,72.56,4,,,,,,0.02066297,0.201822024,0.250216629,,,,,,
6524,6524.T,"Kohoku Kogyo CO.,LTD.",汎用,2021/12/21,2023/6/19,545,2022/1/12,3050.9747,-34.39,0.3713,2023/7/3,2204.8553,10.14,2026/6/24,5830,191.24,42.57,736,1101,10,2023/7/3,2146.8328,171.56,39.89,726,1087,-5,1901.6876,2023/6/23,1901.6876,206.57,45.21,732,1097,2024/2/21,1382.1693,-30.95,166,247,早すぎ,検出,2,3,1,2023/6/20,70.23,4,,,1354.86,465.2,,0.014948502,0.224156212,0.250314998,,,,,,
7378,7378.T,ASIRO Inc.,汎用,2021/7/20,2023/6/19,699,2021/7/20,1367.6883,-39.45,0.3239,2023/7/4,898.7665,8.53,2026/6/24,1462,76.54,20.75,736,1101,10,2023/7/3,870.3361,67.98,19.04,726,1087,-5,786.7415,2023/6/27,786.7415,85.83,23.01,730,1093,2024/8/5,569.7061,-31.21,278,413,早すぎ,検出,2,4,1,2023/6/20,70.23,3,,,113.1,64.07,,0.022303082,0.245671681,0.252522747,,,,,,
CAMT,CAMT,Camtek Ltd.,汎用,2000/7/28,2023/6/9,8351,2021/11/15,48.7978,-36.37,0.0374,2023/6/9,31.0594,0.03,2026/6/25,172.26,454.79,75.56,762,1112,10,2023/6/26,31.0102,455.49,77.17,752,1095,-5,29.497,,,,,,,2023/6/9,30.3609,-2.22,0,0,成功,検出,2,1,,2023/6/9,73.06,3,,,,,,0.018361826,0.245398565,0.252219046,,,,,,
IWM|ETF,IWM,iShares Russell 2000 ETF,汎用,2000/5/26,2023/6/8,8413,2021/11/8,230.4052,-21.85,0.3161,2023/7/31,191.8426,6.55,2026/6/25,299.2,66.17,18.13,763,1113,10,2023/6/23,174.2945,71.66,19.69,753,1098,-5,171.0541,2023/9/21,171.0541,74.92,22.46,691,1008,2023/10/27,156.7837,-12.93,98,141,許容,検出,4,3,1,2023/6/8,73.3,2,,,,,,0.016979166,0.245593575,0.252002799,,,,,,
4475,4475.T,Hennge K.K.,汎用,2019/10/8,2023/6/7,1338,2021/1/25,5258.9517,-83.88,0.0067,2024/2/14,1737.7837,105.03,2026/6/24,1042,22.94,7.01,744,1113,10,2023/6/21,901.1097,15.64,4.95,734,1099,-5,805.1995,,,,,,,2024/8/13,817.8389,-3.51,291,433,成功,検出,2,3,,2023/6/7,74.55,1,,,389.03,316.44,,0.020739407,0.246155357,0.250375977,,,,,,
4075,4075.T,"Brains Technology, Inc.",汎用,2021/7/28,2023/6/7,679,2021/7/28,4565,-75.18,0.1482,2023/6/13,1676,47.93,2026/6/24,861,-24.01,-8.62,744,1113,10,2023/6/21,1559,-44.77,-17.91,734,1099,-5,1076.35,2023/6/8,1076.35,-20.01,-7.07,743,1112,2023/12/26,536,-52.69,138,202,早すぎ,検出,3,4,2,2023/6/7,74.55,1,,,52.27,68.78,,0.023871384,0.247149943,0.247944239,,,,,,
6580,6580.T,"Writeup Co.,Ltd.",汎用,2018/6/22,2023/6/7,1811,2021/11/1,4246.682,-75.29,0.1396,2023/6/20,1396.4488,33.06,2026/6/24,783,-25.39,-9.17,744,1113,10,2023/6/21,1356.606,-42.28,-16.69,734,1099,-5,997.047,2023/8/14,997.047,-21.47,-8.1,698,1045,2024/2/16,530.5923,-49.44,171,254,早すぎ,検出,3,4,2,2023/6/7,74.55,1,,,42.49,56.95,,0.016319314,0.247386935,0.247960349,,,,,,
3110.T,3110.T,"Nitto Boseki Co., Ltd.",汎用,2000/1/4,2023/6/1,8549,2020/5/29,5561.2441,-57.71,0.0616,2023/6/19,2606.7897,10.84,2026/6/25,20440,769.1,102.42,749,1120,10,2023/6/15,2550.2451,701.49,98.84,739,1106,-5,2234.2678,2023/6/27,2234.2678,814.84,109.39,731,1094,2023/6/30,2141.0175,-8.96,21,29,許容,検出,2,3,1,2023/6/1,76.58,4,,,6598.43,759.23,,0.127151453,0.245549284,0.232954793,,,,,,
3110,3110.T,"Nitto Boseki Co., Ltd.",汎用,2000/1/4,2023/6/1,8549,2020/5/29,5561.2441,-57.71,0.0616,2023/6/19,2606.7897,10.84,2026/6/25,20440,769.1,102.42,749,1120,10,2023/6/15,2550.2451,701.49,98.84,739,1106,-5,2234.2678,2023/6/27,2234.2678,814.84,109.39,731,1094,2023/6/30,2141.0175,-8.96,21,29,許容,検出,2,3,1,2023/6/1,76.58,4,,,6598.43,759.23,,0.208565942,0.280164859,0.24959275,,,,,,
7077,7077.T,"ALiNK Internet, Inc.",汎用,2019/12/11,2023/6/1,1268,2019/12/12,5340,-74.81,0.0962,2024/2/28,1755,30.48,2026/6/24,972,-27.73,-10.06,748,1119,10,2023/6/15,1023,-4.99,-1.68,738,1105,-5,1277.75,2023/6/1,1277.75,-23.93,-8.54,748,1119,2024/9/9,920,-31.6,314,466,早すぎ,検出,4,2,3,2023/6/1,76.58,1,,,18.05,24.98,,0.252773055,0.323167914,0.281602537,,,,,,
NFLX,NFLX,"Netflix, Inc.",汎用,2002/5/23,2023/5/31,7678,2021/11/17,70.099,-43.62,0.1418,2023/7/19,48.5,22.71,2026/6/23,72.82,84.25,22.08,767,1119,10,2023/6/14,44.086,65.18,18.04,757,1105,-5,37.5468,2023/9/28,37.5468,93.94,27.4,684,999,2023/10/18,34.473,-12.78,97,140,許容,検出,2,4,1,2023/5/31,78.68,3,,,,,,0.253354761,0.321111738,0.274866655,,,,,,
6976.T,6976.T,"Taiyo Yuden Co., Ltd.",汎用,2000/1/4,2023/5/30,8547,2021/9/16,6865.8066,-40.62,0.4604,2024/7/17,4878.6606,19.67,2026/6/25,18820,361.62,64.53,751,1122,10,2023/6/13,3937.636,377.95,67.48,741,1108,-5,3873.0693,2023/6/22,3873.0693,385.92,69.11,734,1099,2025/4/9,1697.3082,-58.37,456,680,早すぎ,検出,3,2,1,2023/5/30,77.41,4,,,25730.2,5573.89,,0.256098971,0.320799079,0.271281697,,,,,,
6976,6976.T,"Taiyo Yuden Co., Ltd.",汎用,2000/1/4,2023/5/30,8547,2021/9/16,6865.8066,-40.62,0.4604,2024/7/17,4878.6606,19.67,2026/6/25,18820,361.62,64.53,751,1122,10,2023/6/13,3937.636,377.95,67.48,741,1108,-5,3873.0693,2023/6/22,3873.0693,385.92,69.11,734,1099,2025/4/9,1697.3082,-58.37,456,680,早すぎ,検出,3,2,1,2023/5/30,77.41,4,,,25730.2,5573.89,,0.261815051,0.32731355,0.273088519,,,,,,
4418,4418.T,Japan Data Science Consortium Co.Ltd.,汎用,2021/12/20,2023/5/26,522,2021/12/24,3120,-64.58,0.2271,2023/9/27,1489,34.75,2026/6/24,642,-41.9,-16.16,752,1125,10,2023/6/9,1135,-43.44,-17.08,742,1111,-5,1049.75,2023/6/23,1049.75,-38.84,-15.1,732,1097,2024/8/7,513,-53.57,296,439,早すぎ,検出,3,4,2,2023/5/26,76.68,1,,,120.21,206.9,,0.268553063,0.331631394,0.278544041,,,,,,
7317,7317.T,"Matsuya R&D Co.,Ltd",汎用,2020/4/6,2023/5/26,1145,2020/11/27,1003.0502,-61.89,0.0113,2023/5/26,385.4551,0.83,2026/6/24,1103,188.54,41.06,752,1125,10,2023/6/9,436.2762,152.82,35.65,742,1111,-5,363.1502,,,,,,,2023/5/26,375.1435,-1.86,0,0,成功,検出,1,2,,2023/5/26,76.68,3,,,236.72,82.04,,0.267731765,0.329440058,0.276361908,,,,,,
7074,7074.T,Twenty-four seven Holdings Inc.,汎用,2019/11/21,2023/5/23,1279,2019/12/4,6090,-91.79,0.0567,2023/5/24,600,20,2026/6/24,167,-66.6,-29.89,755,1128,10,2023/6/6,385,-56.62,-23.96,745,1114,-5,475,2023/5/23,475,-64.84,-28.71,755,1128,2024/10/31,164,-67.2,356,527,早すぎ,検出,4,2,3,2023/5/23,78.06,1,,,14.17,42.43,,0.274933992,0.332940264,0.260621803,,,,,,
6574,6574.T,Convano Inc.,汎用,2018/4/11,2023/5/23,1868,2018/4/11,25.6687,-72.23,0.1249,2023/5/24,8.6157,20.86,2026/6/24,84,1078.37,122.27,755,1128,10,2023/6/6,6.7419,1145.94,128.66,745,1114,-5,6.7721,2023/5/30,6.7721,1140.39,127.15,750,1121,2023/11/17,4.4814,-37.13,123,178,早すぎ,検出,3,1,2,2023/5/23,78.06,4,,,457.77,38.85,,0.255597875,0.330477774,0.257908198,,,,,,
4483,4483.T,JMDC Inc.,汎用,2019/12/16,2023/5/12,1243,2021/11/25,9291.5357,-39.56,0.469,2023/6/20,6364.3926,13.33,2026/6/24,2695,-52.01,-20.98,762,1139,10,2023/5/26,5310.2285,-49.25,-19.76,752,1125,-5,5334.859,2023/5/26,5334.859,-49.48,-19.88,752,1125,2026/5/12,2369,-57.81,731,1096,早すぎ,検出,4,2,3,2023/5/12,78.53,1,,,1979.65,4125.13,,0.418129361,0.497719133,0.375162365,,,,,,
7361,7361.T,"Human Creation Holdings, Inc.",汎用,2021/3/16,2023/5/10,785,2021/7/20,2039.4654,-44.87,0.2648,2023/8/31,1402.0096,24.7,2026/6/24,1176,4.6,1.45,764,1141,10,2023/5/24,1170.1334,0.5,0.16,754,1127,-5,1068.1032,2023/10/24,1068.1032,10.1,3.67,649,974,2024/8/5,794.6552,-29.32,306,453,早すぎ,検出,3,4,2,2023/5/10,77.58,1,,,36.39,34.79,,0.419694491,0.500725625,0.375857435,,,,,,
9007.T,9007.T,"Odakyu Electric Railway Co., Ltd.",汎用,2000/1/4,2023/5/8,8525,2021/2/16,3179.3339,-40.46,0.3367,2024/1/16,2218.2573,17.17,2026/6/25,1657,-12.47,-4.16,767,1144,10,2023/5/22,2022.4869,-18.07,-6.24,757,1130,-5,1798.4592,2023/6/30,1798.4592,-7.87,-2.71,728,1091,2024/8/5,1240.1406,-34.49,308,455,早すぎ,検出,3,4,2,2023/5/8,77.27,1,,,5808.02,6635.46,,0.419815394,0.498868466,0.374625996,,,,,,
9007,9007.T,"Odakyu Electric Railway Co., Ltd.",汎用,2000/1/4,2023/5/8,8525,2021/2/16,3179.3339,-40.46,0.3367,2024/1/16,2218.2573,17.17,2026/6/25,1657,-12.47,-4.16,767,1144,10,2023/5/22,2022.4869,-18.07,-6.24,757,1130,-5,1798.4592,2023/6/30,1798.4592,-7.87,-2.71,728,1091,2024/8/5,1240.1406,-34.49,308,455,早すぎ,検出,3,4,2,2023/5/8,77.27,1,,,5808.02,6635.46,,0.42301763,0.500103237,0.369840308,,,,,,
6613,6613.T,"QD Laser, Inc.",汎用,2021/2/5,2023/4/19,803,2021/2/17,2070,-65.02,0.274,2023/7/11,984,35.91,2026/6/24,2752,280.11,52.15,776,1162,10,2023/5/8,731,276.47,52.75,766,1143,-5,687.8,2023/4/25,687.8,300.12,54.98,772,1156,2025/7/7,216,-70.17,542,810,早すぎ,検出,2,3,1,2023/4/19,77.08,4,,,1085.75,285.64,,0.427681268,0.498813366,0.36537038,,,,,,
4416,4416.T,True Data Inc.,汎用,2021/12/16,2023/4/19,489,2021/12/16,2288,-75.61,0.1036,2023/4/24,730,30.82,2026/6/24,412,-26.16,-9.09,776,1162,10,2023/5/8,565,-27.08,-9.6,766,1143,-5,530.1,2023/4/26,530.1,-22.28,-7.66,771,1155,2024/8/5,358,-35.84,318,474,早すぎ,検出,3,4,2,2023/4/19,77.08,1,,,21.4,28.98,,0.447659424,0.514800499,0.380398881,,,,,,
7363,7363.T,baby calendar Inc.,汎用,2021/3/25,2023/4/4,740,2021/4/5,13050,-80.93,0.1244,2023/6/13,2884,15.92,2026/6/24,1020,-59,-24.17,787,1177,10,2023/4/18,2343,-56.47,-22.99,777,1163,-5,2363.6,2023/4/10,2363.6,-56.85,-23.06,783,1171,2026/6/16,987,-60.33,781,1169,早すぎ,検出,4,2,3,2023/4/4,79.17,1,,,9.44,23.03,,0.447610783,0.513395721,0.375022961,,,,,,
7276.T,7276.T,"Koito Manufacturing Co., Ltd.",汎用,2001/1/1,2023/3/31,8124,2021/3/18,3751.5762,-38.26,0.3657,2023/6/15,2655.1464,14.64,2026/6/25,2630,13.55,4.01,790,1182,10,2023/4/14,2256.7817,16.54,4.9,780,1168,-5,2200.2698,2023/4/6,2200.2698,19.53,5.7,786,1176,2025/4/7,1488.5911,-35.73,493,738,早すぎ,検出,4,3,2,2023/3/31,79.59,1,,,6812.1,5999.2,,0.448097951,0.513109682,0.369585665,,,,,,
7276,7276.T,"Koito Manufacturing Co., Ltd.",汎用,2001/1/1,2023/3/31,8124,2021/3/18,3751.5762,-38.26,0.3657,2023/6/15,2655.1464,14.64,2026/6/25,2630,13.55,4.01,790,1182,10,2023/4/14,2256.7817,16.54,4.9,780,1168,-5,2200.2698,2023/4/6,2200.2698,19.53,5.7,786,1176,2025/4/7,1488.5911,-35.73,493,738,早すぎ,検出,4,3,2,2023/3/31,79.59,1,,,6812.1,5999.2,,0.49313073,0.513833538,0.37004282,,,,,,
INTC,INTC,Intel Corporation,汎用,1980/3/17,2023/3/31,15719,2021/4/12,62.2925,-48.81,0.3186,2023/12/27,50.6023,58.69,2026/6/23,132.28,314.84,55.33,808,1180,10,2023/4/17,31.3695,321.68,57.14,798,1163,-5,30.2925,2023/4/20,30.2925,336.68,59.06,795,1160,2025/4/8,17.67,-44.59,506,739,早すぎ,検出,3,2,1,2023/3/31,79.59,4,,,,,,0.528409984,0.514607542,0.285550124,,,,,,
WDAY,WDAY,"Workday, Inc.",汎用,2012/10/12,2023/3/31,3822,2021/11/17,307.81,-32.9,0.4871,2024/2/26,311.28,50.71,2026/6/25,116.3,-43.69,-16.26,810,1182,10,2023/4/17,195.62,-40.55,-15.04,800,1165,-5,196.213,2023/4/5,196.213,-40.73,-14.98,807,1177,2026/4/9,110.36,-46.57,757,1105,早すぎ,検出,4,2,3,2023/3/31,79.59,1,,,,,,0.528184377,0.512957917,0.231717824,,,,,,
4256,4256.T,"CYND Co., Ltd.",汎用,2021/12/22,2023/3/28,461,2021/12/22,3370,-65.28,0.2043,2023/4/6,1327,13.42,2026/6/24,906,-22.56,-7.59,792,1184,10,2023/4/11,1150,-21.22,-7.17,782,1170,-5,1111.5,2023/3/29,1111.5,-18.49,-6.12,791,1183,2024/6/5,605,-48.29,292,435,早すぎ,検出,4,3,2,2023/3/28,85.09,1,,,56.9,73.47,,0.527969065,0.51136087,0.232636226,,,,,,
6315.T,6315.T,TOWA Corporation,汎用,2001/1/4,2023/3/27,8117,2021/11/17,1169.2669,-43.53,0.064,2023/3/31,697.6324,5.66,2026/6/24,3155,377.84,61.95,793,1185,10,2023/4/10,645.2692,388.94,64.05,783,1171,-5,627.2485,2023/4/6,627.2485,402.99,65.23,785,1175,2023/4/6,625.4299,-5.28,8,10,許容,検出,3,2,1,2023/3/27,85.26,4,,,2502.18,523.64,,0.52610729,0.503291958,0.231375026,,,,,,
6315,6315.T,TOWA Corporation,汎用,2001/1/4,2023/3/27,8117,2021/11/17,1169.2669,-43.53,0.064,2023/3/31,697.6324,5.66,2026/6/24,3155,377.84,61.95,793,1185,10,2023/4/10,645.2692,388.94,64.05,783,1171,-5,627.2485,2023/4/6,627.2485,402.99,65.23,785,1175,2023/4/6,625.4299,-5.28,8,10,許容,検出,3,2,1,2023/3/27,85.26,4,,,2502.18,523.64,,0.571200765,0.532132075,0.241940468,,,,,,
4387,4387.T,"ZUU Co.,Ltd.",汎用,2018/6/22,2023/2/24,1708,2018/7/4,5150,-75.77,0.1671,2024/2/22,1371,9.86,2026/6/24,470,-62.34,-25.42,813,1216,10,2023/3/10,1060,-55.66,-21.9,803,1202,-5,1185.6,2023/2/27,1185.6,-60.36,-24.32,812,1213,2026/6/23,465,-62.74,812,1215,早すぎ,検出,4,2,3,2023/2/24,85.7,1,,,21.99,58.39,,0.625816277,0.57479003,0.253102461,,,,,,
7325,7325.T,IRRC Corporation,汎用,2018/9/25,2023/2/17,1606,2019/5/17,1920.3395,-63.14,0.1176,2024/3/8,971.4921,37.24,2026/6/24,665,-6.05,-1.85,817,1223,10,2023/3/6,715.9398,-7.12,-2.21,807,1206,-5,672.4624,2023/3/16,672.4624,-1.11,-0.34,799,1196,2025/4/7,546.2757,-22.83,521,780,早すぎ,検出,3,4,2,2023/2/17,80.48,1,,,54.71,58.23,,0.623229646,0.553281635,0.238244182,,,,,,
4386,4386.T,"SIG Group Co., Ltd.",汎用,2018/6/22,2023/2/10,1694,2020/10/21,1390.3554,-64.38,0.0932,2023/2/22,529.2744,6.88,2026/6/24,803,62.16,15.44,822,1230,10,2023/2/27,488.009,64.55,16.18,812,1213,-5,470.4263,2023/2/14,470.4263,70.7,17.27,820,1226,2023/11/15,403.1683,-18.58,188,278,早すぎ,検出,4,3,2,2023/2/10,80.3,1,,,47.13,29.06,,0.623025271,0.531592327,0.22561969,,,,,,
UBER,UBER,"Uber Technologies, Inc.",汎用,2019/5/10,2023/2/8,1370,2021/2/11,64.05,-42.5,0.2185,2023/2/8,37.58,2.04,2026/6/25,72.945,98.06,22.44,846,1233,10,2023/2/23,34.47,111.62,25.21,836,1218,-5,34.9885,2023/2/8,34.9885,108.48,24.31,846,1233,2023/4/27,29.22,-20.66,54,78,早すぎ,検出,3,1,2,2023/2/8,79.35,4,,,,,,0.624629272,0.525653789,0.223597526,,,,,,
6875,6875.T,MegaChips Corporation,汎用,2001/1/4,2023/2/6,8068,2021/12/28,4632.5624,-44.29,0.0499,2023/2/6,2692.0239,4.31,2026/6/24,10190,294.84,50.15,826,1234,10,2023/2/20,2523.8281,303.75,51.87,816,1220,-5,2451.744,,,,,,,2023/2/22,2473.1023,-4.17,12,16,成功,検出,2,1,,2023/2/6,79.7,3,,,1584.06,401.19,,0.623718038,0.519523476,0.222387719,,,,,,
4487,4487.T,"Spacemarket,Inc.",汎用,2019/12/20,2023/2/6,1144,2019/12/23,1990,-83.32,0.0711,2023/7/10,579,74.4,2026/6/24,216,-34.94,-11.95,826,1234,10,2023/2/20,260,-16.92,-5.4,816,1220,-5,315.4,2023/2/6,315.4,-31.52,-10.6,826,1234,2026/6/10,205,-38.25,816,1220,早すぎ,検出,4,2,3,2023/2/6,79.7,1,,,26.27,40.38,,0.661736251,0.544432157,0.198998342,,,,,,
5028,5028.T,"SecondXight Analytica, Inc.",汎用,2022/4/5,2023/2/3,304,2022/4/8,1583.3334,-57.22,0.3138,2024/3/6,890,31.4,2026/6/24,344,-49.21,-18.13,827,1237,10,2023/2/17,465,-26.02,-8.61,817,1223,-5,643.4666,2023/2/7,643.4666,-46.54,-16.93,825,1233,2025/4/7,263,-61.17,531,794,早すぎ,検出,4,2,3,2023/2/3,78.22,1,,,37.72,74.26,,0.661735518,0.537833549,0.180326042,,,,,,
FDX,FDX,FedEx Corporation,汎用,1978/4/12,2023/2/3,16368,2021/5/27,232.9418,-30.92,0.1916,2023/2/3,161.8664,0.59,2026/6/25,327.26,103.38,23.3,849,1238,10,2023/2/17,157.6387,107.6,24.36,839,1224,-5,152.8687,2023/2/21,152.8687,114.08,25.59,838,1220,2023/3/15,143.8401,-10.61,27,40,許容,検出,3,2,1,2023/2/3,78.22,4,,,,,,0.654970765,0.533127817,0.177872036,,,,,,
6383,6383.T,"Daifuku Co., Ltd.",汎用,2001/1/1,2023/1/26,8060,2021/1/13,4165.9318,-45.86,0.1623,2024/3/28,3547.6389,57.29,2026/6/24,7053,212.72,39.72,833,1245,10,2023/2/9,2296.2981,207.15,39.51,823,1231,-5,2142.635,2024/8/5,2142.635,229.17,88.23,458,688,2024/8/5,1885.2257,-16.41,375,557,早すぎ,検出,2,3,1,2023/1/26,79.27,4,,,26890.62,8598.95,,0.652152787,0.529967461,0.178057809,,,,,,
7084,7084.T,Smile Holdings Inc.,汎用,2020/3/4,2023/1/23,1055,2020/3/5,3154.8757,-67.93,0.1561,2023/1/26,1159.9473,14.63,2026/6/24,2750,171.76,33.99,836,1248,10,2023/2/6,1107.5917,148.29,30.89,826,1234,-5,961.3119,2023/1/24,961.3119,186.07,36.05,835,1247,2024/8/6,615.6296,-39.16,379,561,早すぎ,検出,2,3,1,2023/1/23,80.98,4,,,88.6,32.6,,0.657359373,0.465473265,0.180536338,,,,,,
6577,6577.T,"Bestone.Com Co.,Ltd",汎用,2018/4/26,2023/1/19,1729,2018/4/26,7803.6344,-75.82,0.0222,2023/1/19,1899.543,0.68,2026/6/24,2139,13.37,3.73,838,1252,10,2023/2/2,2013.1401,6.25,1.81,828,1238,-5,1792.3664,2023/1/19,1792.3664,19.34,5.29,838,1252,2023/1/19,1752.3605,-7.12,0,0,許容,検出,3,4,2,2023/1/19,85.4,1,,,35.13,30.99,,0.667198315,0.473079578,0.18156201,,,,,,
7343,7343.T,"Broad-minded Co.,Ltd.",汎用,2021/3/26,2022/12/30,644,2021/5/10,1436.3104,-40.65,0.1258,2024/5/8,1968.4621,130.91,2026/6/24,1166,36.78,9.41,849,1272,10,2023/1/18,959.272,21.55,5.85,839,1253,-5,809.8671,2025/4/7,809.8671,43.97,35.05,296,443,2025/4/7,768.4456,-9.86,553,829,許容,検出,3,4,2,2022/12/30,92.87,1,,,68.55,50.12,,0.66668362,0.4703306,0.179725331,,,,,,
7345,7345.T,AI Partners Financial Inc.,汎用,2021/6/24,2022/12/9,533,2021/6/24,2387.3381,-75.13,0.1201,2022/12/9,714.2578,20.29,2026/6/24,949,59.83,14.16,864,1293,10,2022/12/23,457.7081,107.34,23.15,854,1279,-5,564.0692,2022/12/12,564.0692,68.24,15.87,863,1290,2024/2/15,348.9103,-41.24,290,433,早すぎ,検出,4,1,3,2022/12/9,88.89,2,,,31.76,19.87,,0.66745409,0.469705022,0.171851254,,,,,,
7374,7374.T,Interworks Confidence Inc.,汎用,2021/6/28,2022/11/24,514,2021/7/5,3486.1326,-48.63,0.2591,2022/11/28,1926.1343,7.56,2026/6/24,1537,-14.17,-4.18,875,1308,10,2022/12/8,1779.3813,-13.62,-4.05,865,1294,-5,1701.2003,2022/12/6,1701.2003,-9.65,-2.82,867,1296,2025/4/7,1197.9922,-33.1,579,865,早すぎ,検出,4,3,2,2022/11/25,86.86,1,,,97.25,113.3,,0.666146378,0.470082563,0.16449294,,,,,,
6573,6573.T,CRAVIA Inc.,汎用,2018/3/30,2022/11/24,1700,2018/4/2,1872.2222,-94.77,0.0416,2023/10/19,961,880.61,2026/6/24,22,-77.55,-34.11,875,1308,10,2022/12/8,114.3333,-80.76,-37.2,865,1294,-5,93.1,2022/12/13,93.1,-76.37,-33.55,862,1289,2026/6/18,21,-78.57,871,1302,早すぎ,検出,3,4,2,2022/11/25,86.86,1,,,11.04,49.16,,0.663010404,0.457533772,0.162054539,,,,,,
4419,4419.T,Finatext Holdings Ltd.,汎用,2021/12/22,2022/11/18,331,2021/12/24,1110,-61.17,0.0463,2022/11/18,431,0,2026/6/24,1317,205.57,36.41,878,1314,10,2022/12/5,450,192.67,35.31,868,1297,-5,409.45,2022/11/18,409.45,221.65,38.37,878,1314,2022/11/18,398,-7.66,0,0,許容,検出,2,3,1,2022/11/18,89.76,4,,,786.78,257.48,,0.661476936,0.445582414,0.158636529,,,,,,
7079,7079.T,"WDB coco Co., Ltd.",汎用,2019/12/26,2022/11/17,1057,2021/11/12,7123.9339,-35.17,0.4628,2023/8/7,6105.8587,32.2,2026/6/24,2528,-45.26,-15.41,879,1315,10,2022/12/2,4765.6821,-46.95,-16.32,869,1300,-5,4387.556,2023/3/10,4387.556,-42.38,-15.43,803,1202,2025/11/19,2460.0623,-46.73,736,1098,早すぎ,検出,3,4,2,2022/11/17,90.13,1,,,62.96,115.01,,0.679810992,0.459613124,-0.007292426,,,,,,
7059,7059.T,"COPRO-HOLDINGS. Co., Ltd.",汎用,2019/3/19,2022/11/17,1339,2021/1/25,427.6299,-49.77,0.0458,2022/11/17,215.6526,0.41,2026/6/24,741,245,41.05,879,1315,10,2022/12/2,211.0828,251.05,42.31,869,1300,-5,204.0431,,,,,,,2022/11/17,204.5545,-4.76,0,0,成功,検出,2,1,,2022/11/17,90.13,3,,,304.29,88.2,,0.678568021,0.450225045,-0.035100065,,,,,,
6554,6554.T,"SUS Co.,Ltd.",汎用,2017/9/13,2022/11/17,1891,2018/3/14,1629.9187,-48.71,0.2853,2023/6/21,1002.0736,19.87,2026/6/24,990,18.43,4.81,879,1315,10,2022/12/2,922.1591,7.36,2.01,869,1300,-5,794.1613,2022/12/20,794.1613,24.66,6.48,857,1282,2024/8/6,519.096,-37.9,422,628,早すぎ,検出,3,4,2,2022/11/17,90.13,1,,,91.75,77.47,,0.711663274,0.460168903,-0.038689412,,,,,,
4536.T,4536.T,"Santen Pharmaceutical Co., Ltd.",汎用,2001/1/4,2022/11/16,7986,2020/9/29,1946.0098,-48.38,0.0948,2022/11/25,1078.2083,7.34,2026/6/25,2128,111.85,23.15,881,1317,10,2022/12/1,1014.6215,109.73,23.09,871,1302,-5,954.2604,2023/1/5,954.2604,123,26.01,848,1267,2023/2/8,905.8792,-9.82,56,84,許容,検出,2,3,1,2022/11/16,89.67,4,,,7107.68,3355.05,,0.710219476,0.458337167,-0.03834202,,,,,,
4536,4536.T,"Santen Pharmaceutical Co., Ltd.",汎用,2001/1/4,2022/11/16,7986,2020/9/29,1946.0098,-48.38,0.0948,2022/11/25,1078.2083,7.34,2026/6/25,2128,111.85,23.15,881,1317,10,2022/12/1,1014.6215,109.73,23.09,871,1302,-5,954.2604,2023/1/5,954.2604,123,26.01,848,1267,2023/2/8,905.8792,-9.82,56,84,許容,検出,2,3,1,2022/11/16,89.67,4,,,7107.68,3355.05,,0.714159939,0.323985675,-0.039940834,,,,,,
4880,4880.T,"CellSource Co., Ltd.",汎用,2019/10/29,2022/11/15,1113,2021/12/9,7964.0715,-44.36,0.5394,2022/12/1,5104.4231,15.2,2026/6/24,300,-93.23,-52.61,881,1317,10,2022/11/30,4928.7456,-93.91,-54.4,871,1302,-5,4209.4412,2022/12/15,4209.4412,-92.87,-52.74,860,1287,2026/6/12,294,-93.36,873,1305,早すぎ,検出,3,4,2,2022/11/15,88.24,1,,,64.5,952.78,,0.713271078,0.249334568,-0.041526925,,,,,,
4888,4888.T,Stella Pharma Corporation,汎用,2021/4/22,2022/11/15,572,2022/1/4,1070,-56.82,0.3011,2022/12/14,624,35.06,2026/6/24,315,-31.82,-10.08,881,1317,10,2022/11/30,510,-38.24,-12.64,871,1302,-5,438.9,2022/11/15,438.9,-28.23,-8.79,881,1317,2025/12/22,200,-56.71,760,1133,早すぎ,検出,3,4,2,2022/11/15,88.24,1,,,112.38,164.83,,0.712982707,0.245456451,-0.042624603,,,,,,
SLV|ETF,SLV,iShares Silver Trust,汎用,2006/4/28,2022/11/10,6040,2011/4/28,48.35,-58.7,0.0531,2023/1/3,22.54,12.87,2026/6/25,53.0299,165.55,30.95,906,1323,10,2022/11/25,19.72,168.91,31.82,896,1308,-5,18.9715,2023/2/27,18.9715,179.52,36.24,834,1214,2023/3/9,18.38,-7.96,80,119,許容,検出,3,2,1,2022/11/10,91.21,4,,,,,,0.694497906,0.2417803,-0.043718985,,,,,,
9984.T,9984.T,SoftBank Group Corp.,汎用,2000/1/4,2022/10/27,8332,2021/3/16,2589.4233,-42.27,0.2286,2022/11/11,1763.1524,17.96,2026/6/24,6599,341.48,50.08,893,1336,10,2022/11/11,1707.4093,286.49,45.33,883,1321,-5,1420.0131,2022/12/20,1420.0131,364.71,54.91,857,1282,2023/3/16,1170.3601,-21.7,94,140,早すぎ,検出,2,3,1,2022/10/27,101.17,4,,,351566.58,79633.64,,0.677690529,0.242108592,-0.042328875,,,,,,
9984,9984.T,SoftBank Group Corp.,汎用,2000/1/4,2022/10/27,8332,2021/3/16,2589.4233,-42.27,0.2286,2022/11/11,1763.1524,17.96,2026/6/24,6599,341.48,50.08,893,1336,10,2022/11/11,1707.4093,286.49,45.33,883,1321,-5,1420.0131,2022/12/20,1420.0131,364.71,54.91,857,1282,2023/3/16,1170.3601,-21.7,94,140,早すぎ,検出,2,3,1,2022/10/27,101.17,4,,,351566.58,79633.64,,0.615045103,0.188445396,-0.045587787,,,,,,
4486,4486.T,Unite and Grow Inc.,汎用,2019/12/19,2022/10/24,1040,2020/10/15,1119.1323,-42.17,0.3155,2024/4/18,750.6831,15.98,2026/6/24,636,-1.74,-0.48,896,1339,10,2022/11/8,620.889,2.43,0.67,886,1324,-5,614.8708,2022/11/10,614.8708,3.44,0.94,884,1322,2024/8/5,429.7661,-33.6,438,651,早すぎ,検出,4,3,2,2022/10/24,103.5,1,,,50.76,51.66,,0.469959648,0.10783404,-0.051412757,,,,,,
4052,4052.T,Ficha Inc.,汎用,2020/6/26,2022/10/21,847,2020/6/26,5410,-83.42,0.1299,2023/6/8,1648,83.72,2026/6/24,224,-75.03,-31.45,897,1342,10,2022/11/7,805,-72.17,-29.72,887,1325,-5,852.15,2022/10/24,852.15,-73.71,-30.54,896,1339,2026/6/22,223,-75.14,895,1340,早すぎ,検出,4,2,3,2022/10/21,104.1,1,,,13.92,55.74,,0.431297262,0.099035474,-0.052913193,,,,,,
4444,4444.T,infoNet inc.,汎用,2019/6/25,2022/9/9,1172,2019/6/25,3835,-75.44,0.0988,2023/6/21,2870,204.67,2026/6/24,791,-16.03,-4.51,924,1384,10,2022/9/27,764,3.53,0.93,914,1366,-5,894.9,2022/9/13,894.9,-11.61,-3.21,922,1380,2025/4/7,625,-33.65,628,941,早すぎ,検出,4,2,3,2022/9/9,88.05,1,,,18.11,21.56,,0.41944361,0.091967776,-0.05468484,,,,,,
4482,4482.T,WILLs Inc.,汎用,2019/12/18,2022/8/22,978,2021/2/9,1827.6611,-62.37,0.1673,2024/3/6,837.4903,21.76,2026/6/24,718,4.39,1.12,938,1402,10,2022/9/5,637.8853,12.56,3.16,928,1388,-5,653.4319,2022/8/22,653.4319,9.88,2.49,938,1402,2024/8/5,458.8393,-33.29,480,714,早すぎ,検出,4,2,3,2022/8/22,85.24,1,,,143.78,137.73,,0.406913058,0.086486068,-0.056132062,,,,,,
7096,7096.T,StemCell Institute Inc.,汎用,2021/6/25,2022/8/19,420,2021/7/19,3555.4354,-26.04,0.6839,2023/6/30,3235.3478,23.03,2026/6/24,688,-73.84,-29.43,939,1405,10,2022/9/2,2654.2654,-74.08,-29.85,929,1391,-5,2498.1611,2022/8/22,2498.1611,-72.46,-28.53,938,1402,2026/5/20,627,-76.16,914,1370,早すぎ,検出,3,4,2,2022/8/19,81.75,1,,,74.62,285.25,,0.394742294,0.084862813,-0.058619441,,,,,,
6092,6092.T,"EnBio Holdings, Inc",汎用,2014/3/13,2022/8/19,3081,2018/1/22,2568.4825,-76.35,0.0574,2022/11/24,768.063,26.45,2026/6/24,684,12.61,3.14,938,1405,10,2022/9/2,602.6633,13.5,3.38,928,1391,-5,577.0453,2022/10/3,577.0453,18.53,4.67,909,1360,2024/8/5,487.8908,-19.68,480,717,早すぎ,検出,4,3,2,2022/8/19,81.75,1,,,57.8,51.33,,0.381252324,0.083469008,-0.061345796,,,,,,
7061,7061.T,Japan Hospice Holdings Inc.,汎用,2019/3/27,2022/8/18,1240,2019/5/22,3266.6767,-43.43,0.4855,2023/4/14,3701.5893,100.31,2026/6/24,511,-72.35,-28.39,940,1406,10,2022/9/1,2144.6023,-76.17,-31.36,930,1392,-5,1755.5006,2022/8/23,1755.5006,-70.89,-27.51,937,1401,2026/6/23,509,-72.46,939,1405,早すぎ,検出,3,4,2,2022/8/18,79.32,1,,,49.18,177.88,,0.373253924,0.07977046,-0.063171241,,,,,,
4258,4258.T,AMIYA Corporation,汎用,2021/12/22,2022/8/18,239,2021/12/23,1188.009,-45.18,0.238,2022/10/26,709.92,9.01,2026/6/24,3195,390.62,51.16,940,1406,10,2022/9/1,640.7687,398.62,52.44,930,1392,-5,618.6552,2022/8/29,618.6552,416.44,53.71,933,1395,2022/12/28,483.5615,-25.74,89,132,早すぎ,検出,3,2,1,2022/8/18,79.32,4,,,360.86,73.55,,0.362780611,0.073835867,-0.065264741,,,,,,
4445,4445.T,Living Technologies Inc.,汎用,2019/6/28,2022/8/3,1132,2019/6/28,4575,-70.5,0.1733,2022/8/15,1550,14.86,2026/6/24,1501,11.23,2.77,950,1421,10,2022/8/18,1444,3.95,1.01,940,1406,-5,1282.025,2022/8/3,1282.025,17.08,4.14,950,1421,2024/11/28,673.5,-50.09,570,848,早すぎ,検出,3,4,2,2022/8/3,83.37,1,,,36.23,32.57,,0.330496452,0.086421194,-0.06371044,,,,,,
4373,4373.T,"Simplex Holdings, Inc.",汎用,2021/9/22,2022/8/2,314,2021/11/16,779.445,-37.41,0.1744,2022/8/4,524.3903,7.49,2026/6/24,919,88.38,17.66,951,1422,10,2022/8/17,515.7247,78.2,16.18,941,1407,-5,463.4613,2022/9/5,463.4613,98.29,19.74,928,1388,2022/9/28,426.2575,-12.63,38,57,許容,検出,2,4,1,2022/8/2,85.72,3,,,2278.86,1209.72,,0.324067476,0.082695013,-0.063637115,,,,,,
7067,7067.T,Branding Technology Inc.,汎用,2019/6/24,2022/8/1,1134,2019/6/24,4704.8778,-78.32,0.0606,2024/3/4,1559.7665,52.88,2026/6/24,980,-3.94,-1.03,952,1423,10,2022/8/16,982.0912,-0.21,-0.06,942,1408,-5,969.2192,2022/8/8,969.2192,1.11,0.29,947,1416,2024/8/7,782.5331,-23.3,496,737,早すぎ,検出,4,3,2,2022/8/1,84.27,1,,,15.27,15.9,,0.324411906,0.081241593,-0.06447426,,,,,,
CSGP,CSGP,"CoStar Group, Inc.",汎用,1998/7/1,2022/7/29,8794,2021/10/26,101.05,-28.16,0.6057,2024/3/18,100.38,38.28,2026/6/25,29.06,-59.97,-20.89,979,1427,10,2022/8/12,75.06,-61.28,-21.75,969,1413,-5,68.9605,2022/9/1,68.9605,-57.86,-20.28,955,1393,2026/6/25,28.88,-60.21,979,1427,早すぎ,検出,3,4,2,2022/7/29,83.67,1,,,,,,0.319646878,0.069615231,-0.065916775,,,,,,
6031,6031.T,Zeta Inc.,汎用,2014/12/19,2022/7/22,2772,2015/1/13,1989.5769,-87.31,0.0373,2022/8/12,353.8109,40.15,2026/6/24,299,18.44,4.41,958,1433,10,2022/8/5,273.1556,9.46,2.35,948,1419,-5,239.8214,2022/7/22,239.8214,24.68,5.78,958,1433,2022/12/28,185.1902,-26.64,107,159,早すぎ,検出,3,4,2,2022/7/22,90.66,1,,,53.88,45.5,,0.320170358,0.062584819,-0.069646907,,,,,,
9242,9242.T,"Media Research Institute,Inc.",汎用,2021/9/2,2022/7/22,323,2021/9/6,4330.1769,-74.74,0.0165,2024/2/27,2512.3893,129.73,2026/6/24,1850,69.16,14.34,958,1433,10,2022/8/5,1113.3333,66.17,13.96,948,1419,-5,1038.9469,,,,,,,2024/8/6,1039.4395,-4.95,501,746,成功,検出,2,3,,2022/7/22,90.66,1,,,24.52,14.5,,0.298704194,0.058854755,-0.074663951,,,,,,
4171,4171.T,"Global Information, Inc.",汎用,2020/12/24,2022/7/19,572,2020/12/25,3164.7271,-45.98,0.3359,2022/8/8,1837.6219,7.49,2026/6/24,1679,-1.79,-0.46,961,1436,10,2022/8/2,1727.1541,-2.79,-0.72,951,1422,-5,1624.1385,2022/7/22,1624.1385,3.38,0.85,958,1433,2024/8/5,973.7481,-43.04,503,748,早すぎ,検出,3,4,2,2022/7/19,91.56,1,,,49.27,50.17,,0.282744198,0.056430112,-0.075586412,,,,,,
6090,6090.T,"Human Metabolome Technologies, Inc.",汎用,2014/1/21,2022/6/23,3075,2014/1/23,4140.3501,-82.97,0.0584,2022/9/7,917.0284,30.07,2026/6/24,625,-11.35,-2.97,978,1462,10,2022/7/7,714.5062,-12.53,-3.32,968,1448,-5,669.7904,2022/6/27,669.7904,-6.69,-1.72,976,1458,2024/8/6,491.8017,-30.25,521,775,早すぎ,検出,3,4,2,2022/6/23,96.96,1,,,33.4,37.68,,0.285029524,-0.046945535,-0.076854622,,,,,,
9983.T,9983.T,"Fast Retailing Co., Ltd.",汎用,2000/1/4,2022/6/7,8190,2021/3/2,35174.8097,-37.53,0.0631,2022/6/9,22700.5262,3.31,2026/6/25,84300,283.67,39.38,991,1479,10,2022/6/21,22139.0273,280.78,39.56,981,1465,-5,20873.5762,,,,,,,2022/6/14,21083.4175,-4.04,5,7,成功,検出,1,2,,2022/6/7,79.47,3,,,259279.58,67578.8,,0.26856326,-0.075779755,-0.07707761,,,,,,
9983,9983.T,"Fast Retailing Co., Ltd.",汎用,2000/1/4,2022/6/7,8190,2021/3/2,35174.8097,-37.53,0.0631,2022/6/9,22700.5262,3.31,2026/6/25,84300,283.67,39.38,991,1479,10,2022/6/21,22139.0273,280.78,39.56,981,1465,-5,20873.5762,,,,,,,2022/6/14,21083.4175,-4.04,5,7,成功,検出,1,2,,2022/6/7,79.47,3,,,259279.58,67578.8,,0.119620135,-0.088732004,-0.081464886,,,,,,
6471.T,6471.T,NSK Ltd.,汎用,2000/1/4,2022/6/3,8186,2015/6/2,1460.4193,-54.6,0.1528,2024/4/4,830.6089,25.28,2026/6/25,1195.5,80.31,15.63,993,1483,10,2022/6/17,638.2972,87.3,16.89,983,1469,-5,629.8604,2022/6/17,629.8604,89.8,17.27,983,1469,2025/4/7,519.2434,-21.68,696,1039,早すぎ,検出,4,2,1,2022/6/3,81.48,3,,,5793.56,3213.11,,-0.161706546,-0.11114191,-0.091074981,,,,,,
6471,6471.T,NSK Ltd.,汎用,2000/1/4,2022/6/3,8186,2015/6/2,1460.4193,-54.6,0.1528,2024/4/4,830.6089,25.28,2026/6/25,1195.5,80.31,15.63,993,1483,10,2022/6/17,638.2972,87.3,16.89,983,1469,-5,629.8604,2022/6/17,629.8604,89.8,17.27,983,1469,2025/4/7,519.2434,-21.68,696,1039,早すぎ,検出,4,2,1,2022/6/3,81.48,3,,,5793.56,3213.11,,-0.166203081,-0.113393328,-0.091801188,,,,,,
6551,6551.T,"Tsunagu Group Holdings, Inc.",汎用,2017/6/30,2022/6/1,1797,2017/7/26,2150.4307,-85.71,0.0176,2022/6/7,360.1607,17.23,2026/6/24,525,70.89,14.1,994,1484,10,2022/6/15,295.88,77.44,15.31,984,1470,-5,291.8625,2022/6/1,291.8625,79.88,15.55,994,1484,2022/7/1,274.1381,-10.77,22,30,許容,検出,4,3,2,2022/6/1,82.06,1,,,46.6,27.27,,-0.181333976,-0.115609102,-0.092298001,,,,,,
7048,7048.T,VELTRA Corporation,汎用,2018/12/25,2022/5/25,1247,2019/3/25,1850,-72.92,0.2225,2023/7/14,780,55.69,2026/6/24,176,-64.87,-22.61,999,1491,10,2022/6/8,525,-66.48,-23.68,989,1477,-5,475.95,2022/5/25,475.95,-63.02,-21.63,999,1491,2026/6/11,115,-77.05,990,1478,早すぎ,検出,3,4,2,2022/5/25,86.59,1,,,62.96,179.21,,-0.174739182,-0.11738172,-0.09374547,,,,,,
4059,4059.T,"Magmag, Inc.",汎用,2020/9/25,2022/4/8,560,2020/10/2,5618.729,-87.77,0.0645,2024/2/16,1069,55.6,2026/6/24,381,-44.54,-13.06,1028,1538,10,2022/4/22,627,-39.23,-11.25,1018,1524,-5,652.65,2022/4/15,652.65,-41.62,-12.05,1023,1531,2026/5/18,347,-49.49,1001,1501,早すぎ,検出,4,2,3,2022/4/8,68.33,1,,,12.19,21.97,,-0.180664654,-0.119818421,-0.097730106,,,,,,
4422,4422.T,VALUENEX Japan Inc.,汎用,2018/10/30,2022/4/6,1254,2018/11/1,1750,-83.54,0.0881,2022/12/1,738,156.25,2026/6/24,554,92.36,16.78,1030,1540,10,2022/4/20,275,101.45,18.25,1020,1526,-5,273.6,2022/4/8,273.6,102.49,18.24,1028,1538,2025/4/7,146.6667,-49.07,734,1097,早すぎ,検出,3,2,1,2022/4/6,68.53,4,,,50.07,26.03,,-0.194411851,-0.119822659,-0.102186951,,,,,,
4394,4394.T,"eXmotion Co., Ltd.",汎用,2018/7/26,2022/1/12,1266,2018/10/2,1623.1614,-67.98,0.1681,2023/7/7,610.737,17.52,2026/6/24,386,-25.72,-6.47,1087,1624,10,2022/1/26,465.8132,-17.13,-4.17,1077,1610,-5,493.6986,2022/1/18,493.6986,-21.81,-5.4,1083,1618,2024/8/6,296.7314,-42.9,630,937,早すぎ,検出,4,2,3,2022/1/12,57.29,1,,,27.23,36.66,,-0.196357459,-0.120411661,-0.106087512,,,,,,
3993.T,3993.T,PKSHA Technology Inc.,汎用,2017/9/22,2021/11/17,1517,2018/1/29,8365,-70.14,0.1358,2021/11/24,2840,13.69,2026/6/24,2709,8.45,1.78,1123,1680,10,2021/12/2,2266,19.55,3.99,1113,1665,-5,2373.1,2021/11/30,2373.1,14.15,2.94,1115,1667,2023/1/17,1576,-36.91,283,426,早すぎ,検出,4,2,3,2021/11/17,57.34,1,,,861.61,794.48,,-0.199190269,-0.12096651,-0.106735361,,,,,,
7211.T,7211.T,Mitsubishi Motors Corporation,汎用,2000/1/4,2021/10/15,7955,2000/7/10,3930.2414,-91.45,0.0284,2021/11/25,388.9048,15.76,2026/6/25,309.4,-7.9,-1.74,1146,1714,10,2021/10/29,331.3907,-6.64,-1.46,1136,1700,-5,319.1575,2021/12/2,319.1575,-3.06,-0.68,1114,1666,2022/3/8,230.9693,-31.25,95,144,早すぎ,検出,4,3,2,2021/10/15,62.35,1,,,4467.42,4850.62,,-0.200212231,-0.123835454,-0.108650046,,,,,,
7211,7211.T,Mitsubishi Motors Corporation,汎用,2000/1/4,2021/10/15,7955,2000/7/10,3930.2414,-91.45,0.0284,2021/11/25,388.9048,15.76,2026/6/25,309.4,-7.9,-1.74,1146,1714,10,2021/10/29,331.3907,-6.64,-1.46,1136,1700,-5,319.1575,2021/12/2,319.1575,-3.06,-0.68,1114,1666,2022/3/8,230.9693,-31.25,95,144,早すぎ,検出,4,3,2,2021/10/15,62.35,1,,,4467.42,4850.62,,-0.20396654,-0.124177761,-0.107133213,,,,,,
6033,6033.T,"Extreme Co.,Ltd.",汎用,2014/12/26,2021/8/30,2439,2018/8/30,5179.7355,-78.29,0.0988,2021/9/14,1202.3672,6.94,2026/6/24,1366,21.49,4.13,1177,1759,10,2021/9/13,1095.7406,24.66,4.72,1167,1745,-5,1068.1301,2021/9/1,1068.1301,27.89,5.25,1175,1757,2022/3/9,679.6366,-39.55,128,191,早すぎ,検出,4,3,2,2021/8/30,61.37,1,,,75.07,61.79,,-0.207607171,-0.124395588,-0.106892613,,,,,,
7047,7047.T,Port Inc.,汎用,2018/12/25,2021/7/29,947,2019/3/11,1528.4202,-40.32,0.3491,2021/11/26,1751.7283,92.06,2026/6/24,2035,123.11,17.78,1198,1791,10,2021/8/13,763.2176,166.63,22.35,1188,1776,-5,866.4852,2021/7/30,866.4852,134.86,19.03,1197,1790,2022/5/12,581.5936,-36.24,190,287,早すぎ,検出,3,1,2,2021/7/29,63.83,4,,,314.83,141.11,,-0.132250566,-0.130087863,-0.108313688,,,,,,
6086,6086.T,"Shin Maint Holdings Co.,Ltd.",汎用,2013/12/19,2021/7/16,2766,2020/1/16,751.295,-30.57,0.3733,2021/10/28,692.6508,32.78,2026/6/24,986,89.01,13.76,1205,1804,10,2021/8/3,515.2701,91.36,14.19,1195,1786,-5,495.5713,2021/7/20,495.5713,98.96,14.98,1203,1800,2022/2/24,384.8566,-26.22,147,223,早すぎ,検出,3,2,1,2021/7/16,66.63,4,,,196,103.7,,-0.085106223,-0.135193903,-0.107492166,,,,,,
9024.T,9024.T,Seibu Holdings Inc.,汎用,2014/4/23,2021/6/4,2599,2015/4/27,3269.3386,-59.07,0.1548,2021/6/9,1399.5849,4.59,2026/6/25,3018,125.54,17.45,1236,1847,10,2021/6/18,1290.8331,133.8,18.44,1226,1833,-5,1271.2108,2021/6/21,1271.2108,137.41,18.84,1225,1830,2022/1/14,984.4375,-26.43,150,224,早すぎ,検出,3,2,1,2021/6/4,66.97,4,,,8647.13,3833.97,,-0.093992013,-0.139327798,-0.109270469,,,,,,
9024,9024.T,Seibu Holdings Inc.,汎用,2014/4/23,2021/6/4,2599,2015/4/27,3269.3386,-59.07,0.1548,2021/6/9,1399.5849,4.59,2026/6/25,3018,125.54,17.45,1236,1847,10,2021/6/18,1290.8331,133.8,18.44,1226,1833,-5,1271.2108,2021/6/21,1271.2108,137.41,18.84,1225,1830,2022/1/14,984.4375,-26.43,150,224,早すぎ,検出,3,2,1,2021/6/4,66.97,4,,,8647.13,3833.97,,-0.098134638,-0.141081572,-0.109811052,,,,,,
6555,6555.T,"MS&Consulting Co., Ltd.",汎用,2017/10/5,2021/4/19,1292,2017/10/26,1577.9134,-58.22,0.2463,2022/4/8,845.3678,28.23,2026/6/24,417,-36.75,-8.46,1265,1892,10,2021/5/7,564.5258,-26.13,-5.73,1255,1874,-5,626.2826,2021/4/21,626.2826,-33.42,-7.56,1263,1890,2025/5/2,359,-45.54,987,1474,早すぎ,検出,4,2,3,2021/4/19,70.7,1,,,19.17,30.31,,-0.084489282,-0.13775166,-0.109529874,,,,,,
6557,6557.T,AIAI Group Corporation,汎用,2017/10/31,2021/4/6,1253,2019/12/30,2372.5,-75.11,0.149,2021/7/15,650.5,10.16,2026/6/24,609,3.13,0.59,1274,1905,10,2021/4/20,495.5,22.91,4.06,1264,1891,-5,560.975,2021/4/13,560.975,8.56,1.59,1269,1898,2022/12/28,278.5,-52.84,423,631,早すぎ,検出,4,2,3,2021/4/6,74.07,1,,,41.36,40.1,,-0.099491298,-0.137931923,-0.111093578,,,,,,
9507.T,9507.T,"Shikoku Electric Power Company, Incorporated",汎用,2001/1/1,2021/3/22,7385,2007/12/7,2221.4802,-64.17,0.1331,2022/3/4,818.777,2.86,2026/6/25,1484,86.42,12.57,1286,1921,10,2021/4/5,745.487,99.06,14.1,1276,1907,-5,756.2423,2021/3/24,756.2423,96.23,13.69,1284,1919,2022/10/13,577.2466,-27.49,382,570,早すぎ,検出,3,1,2,2021/3/22,77.98,4,,,3034.95,1628.02,,-0.112732364,-0.141136928,-0.112443562,,,,,,
9507,9507.T,"Shikoku Electric Power Company, Incorporated",汎用,2001/1/1,2021/3/22,7385,2007/12/7,2221.4802,-64.17,0.1331,2022/3/4,818.777,2.86,2026/6/25,1484,86.42,12.57,1286,1921,10,2021/4/5,745.487,99.06,14.1,1276,1907,-5,756.2423,2021/3/24,756.2423,96.23,13.69,1284,1919,2022/10/13,577.2466,-27.49,382,570,早すぎ,検出,3,1,2,2021/3/22,77.98,4,,,3034.95,1628.02,,-0.128746763,-0.142789205,-0.11288657,,,,,,
9202.T,9202.T,ANA Holdings Inc.,汎用,2000/1/4,2021/3/17,7743,2018/1/5,4362.8844,-40.97,0.2346,2021/10/4,2804.6798,8.9,2026/6/24,2971,15.36,2.75,1288,1925,10,2021/3/31,2425.5671,22.49,3.95,1278,1911,-5,2446.7392,2021/3/24,2446.7392,21.43,3.77,1283,1918,2022/3/8,2027.593,-21.27,238,356,早すぎ,検出,4,2,3,2021/3/17,76.61,1,,,13841.73,11998.73,,-0.144624222,-0.133013543,-0.115041323,,,,,,
9202,9202.T,ANA Holdings Inc.,汎用,2000/1/4,2021/3/17,7743,2018/1/5,4362.8844,-40.97,0.2346,2021/10/4,2804.6798,8.9,2026/6/24,2971,15.36,2.75,1288,1925,10,2021/3/31,2425.5671,22.49,3.95,1278,1911,-5,2446.7392,2021/3/24,2446.7392,21.43,3.77,1283,1918,2022/3/8,2027.593,-21.27,238,356,早すぎ,検出,4,2,3,2021/3/17,76.61,1,,,13841.73,11998.73,,-0.135400809,-0.127827958,-0.114166637,,,,,,
1333.T,1333.T,Umios Corporation,汎用,2014/4/1,2021/3/5,2530,2018/6/28,1265.6154,-39.07,0.1993,2021/3/9,793.2743,2.87,2026/6/24,1279.5,65.92,10.02,1296,1937,10,2021/3/19,773.407,65.44,10.03,1286,1923,-5,732.5796,2021/4/20,732.5796,74.66,11.37,1264,1891,2022/5/27,648.0694,-15.96,299,448,早すぎ,検出,3,4,2,2021/3/5,82.29,1,,,1976.72,1191.37,,-0.12576134,-0.125917562,-0.111743527,,,,,,
6046,6046.T,Linkbal Inc.,汎用,2015/4/28,2021/2/26,2131,2018/12/14,1765,-79.6,0.1607,2021/3/1,368,2.22,2026/6/24,112,-68.89,-19.7,1301,1944,10,2021/3/12,361,-68.98,-19.87,1291,1930,-5,342,2021/2/26,342,-67.25,-18.92,1301,1944,2025/4/7,91,-74.72,1005,1501,早すぎ,検出,3,4,2,2021/2/26,83.17,1,,,22.9,73.61,,-0.129680894,-0.128128169,-0.112585206,,,,,,
9142.T,9142.T,Kyushu Railway Company,汎用,2016/10/25,2021/2/9,1568,2019/3/7,3161.3032,-33.08,0.1447,2021/6/9,2413.5103,14.09,2026/6/25,3446,62.9,9.51,1313,1962,10,2021/2/25,2336.9084,47.46,7.56,1303,1946,-5,2009.6825,2021/4/20,2009.6825,71.47,10.97,1265,1892,2021/12/2,1938.566,-8.36,199,296,許容,検出,3,4,2,2021/2/9,77.64,1,,,5424.18,3329.76,,-0.172017852,-0.128788907,-0.115298575,,,,,,
9142,9142.T,Kyushu Railway Company,汎用,2016/10/25,2021/2/9,1568,2019/3/7,3161.3032,-33.08,0.1447,2021/6/9,2413.5103,14.09,2026/6/25,3446,62.9,9.51,1313,1962,10,2021/2/25,2336.9084,47.46,7.56,1303,1946,-5,2009.6825,2021/4/20,2009.6825,71.47,10.97,1265,1892,2021/12/2,1938.566,-8.36,199,296,許容,検出,3,4,2,2021/2/9,77.64,1,,,5424.18,3329.76,,-0.179626932,-0.127998871,-0.11611193,,,,,,
6473.T,6473.T,JTEKT Corporation,汎用,2000/1/4,2021/2/9,7707,2015/6/25,1801.8671,-47.91,0.2114,2021/6/7,1086.5689,15.76,2026/6/25,2046,117.97,15.61,1313,1962,10,2021/2/25,1004.0814,103.77,14.29,1303,1946,-5,891.7379,2021/4/21,891.7379,129.44,17.4,1264,1891,2022/3/9,707.2277,-24.66,263,393,早すぎ,検出,2,3,1,2021/2/9,77.64,4,,,6783.65,3112.2,,-0.174949833,-0.129559261,-0.116927475,,,,,,
6473,6473.T,JTEKT Corporation,汎用,2000/1/4,2021/2/9,7707,2015/6/25,1801.8671,-47.91,0.2114,2021/6/7,1086.5689,15.76,2026/6/25,2046,117.97,15.61,1313,1962,10,2021/2/25,1004.0814,103.77,14.29,1303,1946,-5,891.7379,2021/4/21,891.7379,129.44,17.4,1264,1891,2022/3/9,707.2277,-24.66,263,393,早すぎ,検出,2,3,1,2021/2/9,77.64,4,,,6783.65,3112.2,,-0.178248739,-0.131082438,-0.11781649,,,,,,
1332.T,1332.T,Nissui Corporation,汎用,2000/1/4,2021/2/9,7707,2019/3/28,726.5111,-39.48,0.0647,2021/2/9,456.91,3.92,2026/6/24,1261,186.81,21.68,1312,1961,10,2021/2/25,443.9786,184.02,21.66,1302,1945,-5,417.6847,,,,,,,2021/2/18,419.84,-4.51,6,9,成功,検出,1,2,,2021/2/9,77.64,3,,,3922.82,1367.74,,-0.181500094,-0.131802955,-0.11871136,,,,,,
1332,1332.T,Nissui Corporation,汎用,2000/1/4,2021/2/9,7707,2019/3/28,726.5111,-39.48,0.0647,2021/2/9,456.91,3.92,2026/6/24,1261,186.81,21.68,1312,1961,10,2021/2/25,443.9786,184.02,21.66,1302,1945,-5,417.6847,,,,,,,2021/2/18,419.84,-4.51,6,9,成功,検出,1,2,,2021/2/9,77.64,3,,,3922.82,1367.74,,-0.182164217,-0.132922623,-0.119463068,,,,,,
9206.T,9206.T,Star Flyer Inc.,汎用,2011/12/21,2021/2/9,3338,2016/1/26,5850.0259,-54.89,0.1871,2023/7/31,3235,22.58,2026/6/24,1918,-27.32,-5.77,1312,1961,10,2021/2/25,2967,-35.36,-7.87,1302,1945,-5,2507.05,2022/3/8,2507.05,-23.5,-6.04,1050,1569,2026/5/1,1900,-28,1277,1907,早すぎ,検出,3,4,2,2021/2/9,77.64,1,,,73.02,100.47,,-0.182826787,-0.136339309,-0.120768955,,,,,,
9022.T,9022.T,Central Japan Railway Company,汎用,2001/1/4,2021/2/5,7337,2019/4/1,4963.2233,-35.73,0.2178,2024/3/25,3942.3818,23.59,2026/6/25,3341,4.74,0.86,1315,1966,10,2021/2/22,3365.8401,-0.74,-0.14,1305,1949,-5,3030.4033,2021/4/8,3030.4033,10.25,1.89,1273,1904,2025/4/7,2696.0555,-15.48,1018,1522,早すぎ,検出,3,4,2,2021/2/5,79.33,1,,,33497.63,31981.7,,-0.182602799,-0.142352102,-0.123624206,,,,,,
9022,9022.T,Central Japan Railway Company,汎用,2001/1/4,2021/2/5,7337,2019/4/1,4963.2233,-35.73,0.2178,2024/3/25,3942.3818,23.59,2026/6/25,3341,4.74,0.86,1315,1966,10,2021/2/22,3365.8401,-0.74,-0.14,1305,1949,-5,3030.4033,2021/4/8,3030.4033,10.25,1.89,1273,1904,2025/4/7,2696.0555,-15.48,1018,1522,早すぎ,検出,3,4,2,2021/2/5,79.33,1,,,33497.63,31981.7,,-0.175599851,-0.139248416,-0.119587027,,,,,,
9020.T,9020.T,East Japan Railway Company,汎用,2000/1/4,2021/2/5,7703,2015/8/5,3610.8591,-38.08,0.1631,2021/3/18,2629.5513,17.6,2026/6/25,3343,49.51,7.76,1315,1966,10,2021/2/22,2324.4062,43.82,7.05,1305,1949,-5,2124.2026,2021/9/2,2124.2026,57.38,9.89,1175,1757,2022/3/9,1968.0965,-11.98,265,397,許容,検出,3,4,2,2021/2/5,79.33,1,,,39054.48,26121.65,,-0.170690664,-0.13062978,-0.113130895,,,,,,
9020,9020.T,East Japan Railway Company,汎用,2000/1/4,2021/2/5,7703,2015/8/5,3610.8591,-38.08,0.1631,2021/3/18,2629.5513,17.6,2026/6/25,3343,49.51,7.76,1315,1966,10,2021/2/22,2324.4062,43.82,7.05,1305,1949,-5,2124.2026,2021/9/2,2124.2026,57.38,9.89,1175,1757,2022/3/9,1968.0965,-11.98,265,397,許容,検出,3,4,2,2021/2/5,79.33,1,,,39054.48,26121.65,,-0.171310201,-0.125557085,-0.109778682,,,,,,
9021.T,9021.T,West Japan Railway Company,汎用,2000/1/4,2021/2/5,7703,2019/11/26,4288.7827,-33.52,0.3586,2021/6/9,3095.0537,8.55,2026/6/25,2637.5,-7.5,-1.44,1315,1966,10,2021/2/22,2768.75,-4.74,-0.91,1305,1949,-5,2708.655,2021/2/19,2708.655,-2.63,-0.5,1306,1952,2022/3/8,2047.5489,-28.19,264,396,早すぎ,検出,4,3,2,2021/2/5,79.33,1,,,12726.42,13758.29,,-0.180040554,-0.116961208,-0.106340068,,,,,,
9021,9021.T,West Japan Railway Company,汎用,2000/1/4,2021/2/5,7703,2019/11/26,4288.7827,-33.52,0.3586,2021/6/9,3095.0537,8.55,2026/6/25,2637.5,-7.5,-1.44,1315,1966,10,2021/2/22,2768.75,-4.74,-0.91,1305,1949,-5,2708.655,2021/2/19,2708.655,-2.63,-0.5,1306,1952,2022/3/8,2047.5489,-28.19,264,396,早すぎ,検出,4,3,2,2021/2/5,79.33,1,,,12726.42,13758.29,,-0.173081067,-0.112162652,-0.106351713,,,,,,
7202.T,7202.T,Isuzu Motors Limited,汎用,2000/1/4,2021/2/4,7702,2018/1/12,1456.682,-39.68,0.0556,2021/2/9,949.9831,8.11,2026/6/25,2168.5,146.78,18.26,1316,1967,10,2021/2/19,873.1927,148.34,18.56,1306,1952,-5,834.7976,,,,,,,2021/3/12,844.6932,-3.87,24,36,成功,検出,2,1,,2021/2/4,80.37,3,,,15902.67,6444.07,,-0.170591799,-0.10727932,-0.106727762,,,,,,
7202,7202.T,Isuzu Motors Limited,汎用,2000/1/4,2021/2/4,7702,2018/1/12,1456.682,-39.68,0.0556,2021/2/9,949.9831,8.11,2026/6/25,2168.5,146.78,18.26,1316,1967,10,2021/2/19,873.1927,148.34,18.56,1306,1952,-5,834.7976,,,,,,,2021/3/12,844.6932,-3.87,24,36,成功,検出,2,1,,2021/2/4,80.37,3,,,15902.67,6444.07,,-0.172577695,-0.103503558,-0.106705652,,,,,,
9171.T,9171.T,"Kuribayashi Steamship Co., Ltd.",汎用,2001/1/12,2021/2/4,7328,2018/2/1,659.0529,-52.78,0.0177,2021/2/4,320.1769,2.87,2026/6/24,1773,469.67,38.16,1315,1966,10,2021/2/19,321.9656,450.68,37.63,1305,1951,-5,295.6717,,,,,,,2021/2/4,304.9729,-2.01,0,0,成功,検出,1,2,,2021/2/4,80.37,3,,,211.94,37.2,,-0.174280657,-0.103008359,-0.106683583,,,,,,
7752.T,7752.T,"Ricoh Company, Ltd.",汎用,1999/5/6,2021/2/1,7942,2007/6/25,1777.9595,-60.19,0.0206,2021/2/1,717.3014,1.35,2026/6/24,1427.5,101.69,13.9,1318,1969,10,2021/2/16,833.3864,71.29,10.58,1308,1954,-5,672.3834,,,,,,,2021/2/1,685.2481,-3.18,0,0,成功,検出,1,3,,2021/2/1,84.23,2,,,8181.3,4056.37,,-0.183706077,-0.103837694,-0.104560338,,,,,,
7752,7752.T,"Ricoh Company, Ltd.",汎用,1999/5/6,2021/2/1,7942,2007/6/25,1777.9595,-60.19,0.0206,2021/2/1,717.3014,1.35,2026/6/24,1427.5,101.69,13.9,1318,1969,10,2021/2/16,833.3864,71.29,10.58,1308,1954,-5,672.3834,,,,,,,2021/2/1,685.2481,-3.18,0,0,成功,検出,1,3,,2021/2/1,84.23,2,,,8181.3,4056.37,,-0.17376631,-0.103416133,-0.105189391,,,,,,
6770.T,6770.T,"Alps Alpine Co., Ltd.",汎用,2000/1/4,2021/1/27,7694,2015/11/24,3353.4731,-59.41,0.202,2021/3/10,1399.0479,2.78,2026/6/25,2113,55.24,8.47,1322,1975,10,2021/2/10,1282.7478,64.72,9.74,1312,1961,-5,1293.0856,2021/1/28,1293.0856,63.41,9.51,1321,1974,2021/12/2,856.8833,-37.05,208,309,早すぎ,検出,4,2,3,2021/1/27,85.24,1,,,4148.14,2672.08,,-0.164619149,-0.102995736,-0.105833024,,,,,,
6770,6770.T,"Alps Alpine Co., Ltd.",汎用,2000/1/4,2021/1/27,7694,2015/11/24,3353.4731,-59.41,0.202,2021/3/10,1399.0479,2.78,2026/6/25,2113,55.24,8.47,1322,1975,10,2021/2/10,1282.7478,64.72,9.74,1312,1961,-5,1293.0856,2021/1/28,1293.0856,63.41,9.51,1321,1974,2021/12/2,856.8833,-37.05,208,309,早すぎ,検出,4,2,3,2021/1/27,85.24,1,,,4148.14,2672.08,,-0.166163692,-0.103197309,-0.107084278,,,,,,
7731.T,7731.T,Nikon Corporation,汎用,2000/1/4,2021/1/27,7694,2000/4/11,2926.0881,-75.03,0.0179,2021/1/28,756.2348,3.5,2026/6/25,2269.5,210.61,23.32,1322,1975,10,2021/2/10,759.6451,198.76,22.61,1312,1961,-5,694.1246,2021/2/1,694.1246,226.96,24.56,1319,1970,2021/2/1,690.5864,-5.48,3,5,許容,検出,2,3,1,2021/1/27,85.24,4,,,7481.05,2408.5,,-0.16772495,-0.10339915,-0.108366663,,,,,,
7731,7731.T,Nikon Corporation,汎用,2000/1/4,2021/1/27,7694,2000/4/11,2926.0881,-75.03,0.0179,2021/1/28,756.2348,3.5,2026/6/25,2269.5,210.61,23.32,1322,1975,10,2021/2/10,759.6451,198.76,22.61,1312,1961,-5,694.1246,2021/2/1,694.1246,226.96,24.56,1319,1970,2021/2/1,690.5864,-5.48,3,5,許容,検出,2,3,1,2021/1/27,85.24,4,,,7481.05,2408.5,,-0.126428592,-0.106067587,-0.109340371,,,,,,
7060,7060.T,geechs inc.,汎用,2019/3/20,2021/1/18,670,2019/4/2,2414.1053,-51.16,0.4148,2021/11/19,1986.3288,68.47,2026/6/24,574,-51.32,-12.42,1328,1983,10,2021/2/1,1416.4528,-59.48,-15.43,1318,1969,-5,1120.0914,2022/1/28,1120.0914,-48.75,-14.09,1075,1608,2024/8/5,303.5309,-74.26,870,1295,早すぎ,検出,3,4,2,2021/1/19,82.15,1,,,59.43,122.09,,-0.12872155,-0.108723027,-0.108771001,,,,,,
5019.T,5019.T,"Idemitsu Kosan Co.,Ltd.",汎用,2006/10/24,2021/1/15,5197,2018/10/4,945.5506,-58.1,0.0233,2021/1/26,412.9742,4.24,2026/6/25,1209.5,205.3,22.77,1330,1987,10,2021/1/29,396.6492,204.93,22.92,1320,1973,-5,376.3561,,,,,,,2021/2/1,383.072,-3.3,11,17,成功,検出,1,2,,2021/1/15,83.85,3,,,14612.58,4786.3,,-0.135995309,-0.11101377,-0.111659411,,,,,,
5019,5019.T,"Idemitsu Kosan Co.,Ltd.",汎用,2006/10/24,2021/1/15,5197,2018/10/4,945.5506,-58.1,0.0233,2021/1/26,412.9742,4.24,2026/6/25,1209.5,205.3,22.77,1330,1987,10,2021/1/29,396.6492,204.93,22.92,1320,1973,-5,376.3561,,,,,,,2021/2/1,383.072,-3.3,11,17,成功,検出,1,2,,2021/1/15,83.85,3,,,14612.58,4786.3,,-0.13913826,-0.11015909,-0.116457773,,,,,,
7050,7050.T,Frontier International Inc.,汎用,2019/2/28,2021/1/14,686,2020/1/10,1600.8873,-51.35,0.1864,2021/3/1,1008.6697,29.52,2026/6/24,1290,65.64,9.72,1330,1987,10,2021/1/28,791.2768,63.03,9.47,1320,1973,-5,739.8438,2021/1/29,739.8438,74.36,10.85,1319,1972,2021/8/10,590.496,-24.18,139,208,早すぎ,検出,3,4,2,2021/1/14,81.91,1,,,119.32,72.04,,-0.135378239,-0.110520054,-0.115870649,,,,,,
7762.T,7762.T,"Citizen Watch Co., Ltd.",汎用,2000/1/4,2021/1/13,7680,2007/10/18,767.5244,-66.85,0.0185,2021/1/15,264.067,3.8,2026/6/24,2467,869.71,51.8,1331,1988,10,2021/1/27,251.9908,879,52.52,1321,1974,-5,241.6858,,,,,,,2021/1/22,244.7451,-3.8,7,9,成功,検出,2,1,,2021/1/13,82.19,3,,,5868.05,605.13,,-0.136096453,-0.113543249,-0.117365503,,,,,,
7762,7762.T,"Citizen Watch Co., Ltd.",汎用,2000/1/4,2021/1/13,7680,2007/10/18,767.5244,-66.85,0.0185,2021/1/15,264.067,3.8,2026/6/24,2467,869.71,51.8,1331,1988,10,2021/1/27,251.9908,879,52.52,1321,1974,-5,241.6858,,,,,,,2021/1/22,244.7451,-3.8,7,9,成功,検出,2,1,,2021/1/13,82.19,3,,,5868.05,605.13,,-0.136144815,-0.112744949,-0.116579099,,,,,,
5020.T,5020.T,"ENEOS Holdings, Inc.",汎用,2001/1/1,2021/1/12,7316,2007/7/19,670.5288,-49.59,0.0222,2021/1/12,342.1984,1.25,2026/6/25,1191,252.39,26.01,1333,1990,10,2021/1/26,346.8205,243.41,25.61,1323,1976,-5,321.0826,,,,,,,2021/1/12,330.4404,-2.23,0,0,成功,検出,1,2,,2021/1/12,82.31,3,,,32816.33,9312.5,,-0.136197361,-0.111999879,-0.11571032,,,,,,
5020,5020.T,"ENEOS Holdings, Inc.",汎用,2001/1/1,2021/1/12,7316,2007/7/19,670.5288,-49.59,0.0222,2021/1/12,342.1984,1.25,2026/6/25,1191,252.39,26.01,1333,1990,10,2021/1/26,346.8205,243.41,25.61,1323,1976,-5,321.0826,,,,,,,2021/1/12,330.4404,-2.23,0,0,成功,検出,1,2,,2021/1/12,82.31,3,,,32816.33,9312.5,,-0.13393042,-0.111153643,-0.115206732,,,,,,
7261.T,7261.T,Mazda Motor Corporation,汎用,2000/1/4,2021/1/12,7679,2006/11/15,2905.0227,-78.8,0.0124,2021/7/5,916.4353,48.8,2026/6/25,1092,77.31,11.08,1333,1990,10,2021/1/26,619.1685,76.37,11.06,1323,1976,-5,585.0897,,,,,,,2022/3/8,587.1426,-4.67,282,420,成功,検出,2,3,,2021/1/12,82.31,1,,,7190.89,4055.55,,-0.131694432,-0.109099166,-0.114671842,,,,,,
7261,7261.T,Mazda Motor Corporation,汎用,2000/1/4,2021/1/12,7679,2006/11/15,2905.0227,-78.8,0.0124,2021/7/5,916.4353,48.8,2026/6/25,1092,77.31,11.08,1333,1990,10,2021/1/26,619.1685,76.37,11.06,1323,1976,-5,585.0897,,,,,,,2022/3/8,587.1426,-4.67,282,420,成功,検出,2,3,,2021/1/12,82.31,1,,,7190.89,4055.55,,-0.134074473,-0.109958253,-0.114001703,,,,,,
1605.T,1605.T,Inpex Corporation,汎用,2000/1/4,2021/1/8,7675,2008/5/21,2306.2005,-78.71,0.0079,2021/1/15,536.8896,9.36,2026/6/25,3287,569.53,41.66,1334,1994,10,2021/1/25,498.1947,559.78,41.7,1324,1977,-5,466.3925,,,,,,,2021/1/28,476.429,-2.96,13,20,成功,検出,1,2,,2021/1/8,81.35,3,,,37678.19,5627.56,,-0.137601344,-0.111311876,-0.113328114,,,,,,
1605,1605.T,Inpex Corporation,汎用,2000/1/4,2021/1/8,7675,2008/5/21,2306.2005,-78.71,0.0079,2021/1/15,536.8896,9.36,2026/6/25,3287,569.53,41.66,1334,1994,10,2021/1/25,498.1947,559.78,41.7,1324,1977,-5,466.3925,,,,,,,2021/1/28,476.429,-2.96,13,20,成功,検出,1,2,,2021/1/8,81.35,3,,,37678.19,5627.56,,-0.139299092,-0.11177535,-0.113321758,,,,,,
9513.T,9513.T,"Electric Power Development Co., Ltd.",汎用,2004/10/6,2021/1/8,5938,2007/3/12,3770.3831,-63.77,0.0726,2021/3/23,1658.7752,21.42,2026/6/25,3661,167.97,19.79,1334,1994,10,2021/1/25,1430.6735,155.89,18.96,1324,1977,-5,1297.8827,2021/1/8,1297.8827,182.07,20.92,1334,1994,2021/11/18,1177.9579,-13.78,211,314,許容,検出,2,3,1,2021/1/8,81.35,4,,,6440.14,2403.31,,-0.134898489,-0.109063119,-0.113315252,,,,,,
9513,9513.T,"Electric Power Development Co., Ltd.",汎用,2004/10/6,2021/1/8,5938,2007/3/12,3770.3831,-63.77,0.0726,2021/3/23,1658.7752,21.42,2026/6/25,3661,167.97,19.79,1334,1994,10,2021/1/25,1430.6735,155.89,18.96,1324,1977,-5,1297.8827,2021/1/8,1297.8827,182.07,20.92,1334,1994,2021/11/18,1177.9579,-13.78,211,314,許容,検出,2,3,1,2021/1/8,81.35,4,,,6440.14,2403.31,,-0.137682113,-0.111195648,-0.114779115,,,,,,
7011.T,7011.T,"Mitsubishi Heavy Industries, Ltd.",汎用,2000/1/4,2020/12/16,7652,2007/7/25,619.7671,-55.52,0.1104,2021/3/19,328.3573,19.11,2026/6/24,3770,1267.56,60.62,1348,2016,10,2020/12/30,282.2925,1235.49,60.46,1338,2002,-5,261.8898,2020/12/21,261.8898,1339.54,62.32,1345,2011,2021/12/2,232.9569,-15.5,235,351,早すぎ,検出,2,3,1,2020/12/16,89.23,4,,,127419.14,9317.26,,-0.135326078,-0.113338948,-0.116301609,,,,,,
7011,7011.T,"Mitsubishi Heavy Industries, Ltd.",汎用,2000/1/4,2020/12/16,7652,2007/7/25,619.7671,-55.52,0.1104,2021/3/19,328.3573,19.11,2026/6/24,3770,1267.56,60.62,1348,2016,10,2020/12/30,282.2925,1235.49,60.46,1338,2002,-5,261.8898,2020/12/21,261.8898,1339.54,62.32,1345,2011,2021/12/2,232.9569,-15.5,235,351,早すぎ,検出,2,3,1,2020/12/16,89.23,4,,,127419.14,9317.26,,-0.133853427,-0.119498657,-0.117006518,,,,,,
7751.T,7751.T,Canon Inc.,汎用,2000/1/4,2020/12/14,7650,2007/6/26,3666.821,-53.74,0.0628,2020/12/16,1721.5086,1.49,2026/6/25,4258,151.04,18.12,1351,2019,10,2020/12/28,1653.6782,157.49,18.8,1341,2005,-5,1611.3657,2021/1/4,1611.3657,164.25,19.44,1338,1998,2021/1/4,1564.0534,-7.79,13,21,許容,検出,3,2,1,2020/12/14,92.1,4,,,36391.79,14496.41,,-0.132711678,-0.124900735,-0.117843749,,,,,,
7751,7751.T,Canon Inc.,汎用,2000/1/4,2020/12/14,7650,2007/6/26,3666.821,-53.74,0.0628,2020/12/16,1721.5086,1.49,2026/6/25,4258,151.04,18.12,1351,2019,10,2020/12/28,1653.6782,157.49,18.8,1341,2005,-5,1611.3657,2021/1/4,1611.3657,164.25,19.44,1338,1998,2021/1/4,1564.0534,-7.79,13,21,許容,検出,3,2,1,2020/12/14,92.1,4,,,36391.79,14496.41,,-0.123874134,-0.122784462,-0.100684713,,,,,,
7041,7041.T,"CRG Holdings Co.,Ltd.",汎用,2018/10/10,2020/12/10,792,2018/10/17,1919.0517,-71.32,0.1907,2021/3/22,681.8965,23.89,2026/6/24,252,-54.21,-13.16,1352,2022,10,2020/12/24,463.6896,-45.65,-10.5,1342,2008,-5,522.8685,2020/12/17,522.8685,-51.8,-12.39,1347,2015,2025/4/7,227.9483,-58.58,1056,1579,早すぎ,検出,4,2,3,2020/12/10,91.04,1,,,19.63,42.87,,-0.119512706,-0.120673834,-0.08773968,,,,,,
3402.T,3402.T,"Toray Industries, Inc.",汎用,2000/1/4,2020/11/24,7630,2017/11/8,1009.156,-49.66,0.0189,2021/6/16,695.3909,36.88,2026/6/25,1158,127.94,15.9,1365,2039,10,2020/12/8,543.5509,113.04,14.62,1355,2025,-5,482.6361,,,,,,,2022/3/8,498.3937,-1.9,314,469,成功,検出,1,2,,2020/11/24,94.14,3,,,17101.84,7502.78,,-0.123917036,-0.120888373,-0.09314104,,,,,,
3402,3402.T,"Toray Industries, Inc.",汎用,2000/1/4,2020/11/24,7630,2017/11/8,1009.156,-49.66,0.0189,2021/6/16,695.3909,36.88,2026/6/25,1158,127.94,15.9,1365,2039,10,2020/12/8,543.5509,113.04,14.62,1355,2025,-5,482.6361,,,,,,,2022/3/8,498.3937,-1.9,314,469,成功,検出,1,2,,2020/11/24,94.14,3,,,17101.84,7502.78,,-0.121243313,-0.120573319,-0.095724097,,,,,,
5021.T,5021.T,"Cosmo Energy Holdings Co., Ltd.",汎用,2015/10/1,2020/11/18,1875,2018/1/15,1834.6953,-62.16,0.0183,2020/11/25,741.1223,6.75,2026/6/25,3674,429.22,34.66,1368,2045,10,2020/12/3,715.512,413.48,34.23,1358,2030,-5,659.524,,,,,,,2020/12/8,672.9596,-3.06,13,20,成功,検出,1,2,,2020/11/18,98.29,3,,,6175.32,1166.87,,-0.118591866,-0.120248391,-0.096452912,,,,,,
5021,5021.T,"Cosmo Energy Holdings Co., Ltd.",汎用,2015/10/1,2020/11/18,1875,2018/1/15,1834.6953,-62.16,0.0183,2020/11/25,741.1223,6.75,2026/6/25,3674,429.22,34.66,1368,2045,10,2020/12/3,715.512,413.48,34.23,1358,2030,-5,659.524,,,,,,,2020/12/8,672.9596,-3.06,13,20,成功,検出,1,2,,2020/11/18,98.29,3,,,6175.32,1166.87,,-0.11836541,-0.121140558,-0.097713411,,,,,,
7272.T,7272.T,"Yamaha Motor Co., Ltd.",汎用,2001/1/1,2020/11/12,7255,2018/1/9,975.6582,-47.15,0.0178,2020/11/12,519.6991,0.78,2026/6/25,1242.5,140.95,16.95,1372,2051,10,2020/11/27,544.2031,128.32,15.96,1362,2036,-5,489.877,,,,,,,2020/11/12,507.3125,-1.62,0,0,成功,検出,1,2,,2020/11/12,101.23,3,,,12120.02,5030.1,,-0.118121516,-0.122064584,-0.097322407,,,,,,
7272,7272.T,"Yamaha Motor Co., Ltd.",汎用,2001/1/1,2020/11/12,7255,2018/1/9,975.6582,-47.15,0.0178,2020/11/12,519.6991,0.78,2026/6/25,1242.5,140.95,16.95,1372,2051,10,2020/11/27,544.2031,128.32,15.96,1362,2036,-5,489.877,,,,,,,2020/11/12,507.3125,-1.62,0,0,成功,検出,1,2,,2020/11/12,101.23,3,,,12120.02,5030.1,,-0.120478435,-0.122668514,-0.097022826,,,,,,
5803.T,5803.T,Fujikura Ltd.,汎用,2000/1/4,2020/11/6,7612,2006/4/5,175.822,-67.64,0.0148,2020/11/6,57.3404,0.79,2026/6/25,6436,11212.36,131.55,1376,2057,10,2020/11/20,60.9148,10465.58,130.06,1366,2043,-5,54.0488,,,,,,,2020/11/6,55.1063,-3.14,0,0,成功,検出,1,2,,2020/11/6,103.46,3,,,88710.22,784.19,,-0.122827667,-0.121200719,-0.097731926,,,,,,
5803,5803.T,Fujikura Ltd.,汎用,2000/1/4,2020/11/6,7612,2006/4/5,175.822,-67.64,0.0148,2020/11/6,57.3404,0.79,2026/6/25,6436,11212.36,131.55,1376,2057,10,2020/11/20,60.9148,10465.58,130.06,1366,2043,-5,54.0488,,,,,,,2020/11/6,55.1063,-3.14,0,0,成功,検出,1,2,,2020/11/6,103.46,3,,,88710.22,784.19,,-0.102848348,-0.103712011,-0.075670889,,,,,,
6834.T,6834.T,"SEIKOH GIKEN Co., Ltd.",汎用,2000/7/31,2020/10/8,7374,2000/9/1,52423.2452,-96.45,0.0123,2021/1/15,2495.7989,33.98,2026/6/24,29970,1508.85,62.69,1395,2085,10,2020/10/22,1725.4906,1636.9,65.44,1385,2071,-5,1769.6841,2020/10/15,1769.6841,1593.52,64.43,1390,2078,2023/11/10,1234.3491,-33.74,758,1128,早すぎ,検出,3,1,2,2020/10/8,107.95,4,,,2372.48,147.46,,-0.153900593,-0.174501124,-0.051209451,,,,,,
6173,6173.T,Aqualine Ltd,汎用,2015/8/31,2020/9/28,1855,2018/12/7,4415.3107,-79.39,0.2047,2023/9/1,1583,73.96,2026/6/2,13,-98.57,-52.7,1386,2073,10,2020/10/13,964,-98.65,-53.43,1376,2058,-5,864.5,2020/10/5,864.5,-98.5,-52.39,1382,2066,2026/5/28,8,-99.12,1383,2068,早すぎ,検出,3,4,2,2020/9/28,113.89,1,,,1.37,96.13,,-0.132832732,-0.155473807,-0.024244464,,,,,,
9104.T,9104.T,"Mitsui O.S.K. Lines, Ltd.",汎用,2000/1/4,2020/9/11,7556,2007/10/15,3546.6652,-85.57,0.0228,2020/9/11,514.7055,0.59,2026/6/25,5255,926.97,49.57,1412,2113,10,2020/9/29,458.51,1046.1,52.99,1402,2095,-5,486.1156,2020/9/14,486.1156,981.02,50.99,1411,2110,2020/10/2,440.9997,-13.82,12,21,許容,検出,3,1,2,2020/9/11,113.99,4,,,17843.98,1737.54,,-0.148285163,-0.1652553,-0.033487561,,,,,,
9104,9104.T,"Mitsui O.S.K. Lines, Ltd.",汎用,2000/1/4,2020/9/11,7556,2007/10/15,3546.6652,-85.57,0.0228,2020/9/11,514.7055,0.59,2026/6/25,5255,926.97,49.57,1412,2113,10,2020/9/29,458.51,1046.1,52.99,1402,2095,-5,486.1156,2020/9/14,486.1156,981.02,50.99,1411,2110,2020/10/2,440.9997,-13.82,12,21,許容,検出,3,1,2,2020/9/11,113.99,4,,,17843.98,1737.54,,-0.135228446,-0.1555313,-0.021259637,,,,,,
5214.T,5214.T,"Nippon Electric Glass Co., Ltd.",汎用,2001/1/1,2020/8/28,7179,2007/7/20,6788.9482,-76.89,0.0069,2020/9/14,1738.5334,10.83,2026/6/25,6697,326.94,28.31,1422,2127,10,2020/9/11,1711.281,291.34,26.6,1412,2113,-5,1490.177,,,,,,,2020/10/16,1532.5385,-2.3,32,49,成功,検出,1,2,,2020/8/28,106.12,3,,,4682.6,1096.78,,-0.121575108,-0.144909483,-0.007912349,,,,,,
5214,5214.T,"Nippon Electric Glass Co., Ltd.",汎用,2001/1/1,2020/8/28,7179,2007/7/20,6788.9482,-76.89,0.0069,2020/9/14,1738.5334,10.83,2026/6/25,6697,326.94,28.31,1422,2127,10,2020/9/11,1711.281,291.34,26.6,1412,2113,-5,1490.177,,,,,,,2020/10/16,1532.5385,-2.3,32,49,成功,検出,1,2,,2020/8/28,106.12,3,,,4682.6,1096.78,,-0.11864953,-0.149361632,0.015511549,,,,,,
6034,6034.T,MRT Inc.,汎用,2014/12/29,2020/2/20,1879,2016/4/1,5673.1608,-77.56,0.1371,2021/9/1,2422.3808,90.29,2026/6/24,635,-50.12,-10.39,1548,2316,10,2020/3/6,1034.5176,-38.62,-7.45,1538,2301,-5,1209.3746,2020/2/20,1209.3746,-47.49,-9.66,1548,2316,2024/8/5,574,-54.91,1090,1628,早すぎ,検出,4,2,3,2020/2/20,112.63,1,,,34.21,68.58,,-0.123364101,-0.153811009,0.037392446,,,,,,
1384.T,1384.T,"Hokuryo Co., Ltd.",汎用,2015/2/20,2020/2/3,1809,2018/1/26,1333.4436,-48.79,0.3013,2020/2/4,682.8039,0,2026/6/24,2012,194.67,18.43,1560,2333,10,2020/2/18,628.9628,219.89,20.11,1550,2318,-5,648.6637,2020/2/3,648.6637,210.18,19.39,1560,2333,2020/3/17,402.1772,-41.1,29,43,早すぎ,検出,3,1,2,2020/2/3,118.99,4,,,172.64,58.59,,-0.138622049,-0.163276562,0.051230609,,,,,,
1381.T,1381.T,"AXYZ Co., Ltd.",汎用,2000/12/12,2020/1/31,6989,2018/2/27,4948.5698,-53.92,0.2505,2020/1/31,2311.014,1.35,2026/6/24,3710,62.71,7.91,1561,2336,10,2020/2/17,2166.8362,71.22,8.84,1551,2319,-5,2166.1693,2020/2/3,2166.1693,71.27,8.79,1560,2333,2020/3/23,1388.4421,-39.11,33,52,早すぎ,検出,4,3,2,2020/1/31,120.47,1,,,197.39,121.31,,-0.141870222,-0.164190139,0.069805358,,,,,,
7013.T,7013.T,IHI Corporation,汎用,2000/1/4,2020/1/15,7316,2014/12/29,765.3008,-53.05,0.355,2020/2/10,367.5628,2.31,2026/6/25,2719,656.79,36.91,1574,2353,10,2020/1/29,353.2885,669.63,37.53,1564,2339,-5,341.3147,2020/1/30,341.3147,696.63,38.29,1563,2338,2020/4/6,135.8501,-62.19,55,82,早すぎ,検出,3,2,1,2020/1/15,113.93,4,,,30421.35,4019.79,,-0.152196745,-0.170988052,0.064169854,,,,,,
7013,7013.T,IHI Corporation,汎用,2000/1/4,2020/1/15,7316,2014/12/29,765.3008,-53.05,0.355,2020/2/10,367.5628,2.31,2026/6/25,2719,656.79,36.91,1574,2353,10,2020/1/29,353.2885,669.63,37.53,1564,2339,-5,341.3147,2020/1/30,341.3147,696.63,38.29,1563,2338,2020/4/6,135.8501,-62.19,55,82,早すぎ,検出,3,2,1,2020/1/15,113.93,4,,,30421.35,4019.79,,-0.140152924,-0.167493826,0.071181353,,,,,,
SLB,SLB,SLB N.V.,汎用,1981/12/31,2019/12/13,13861,2014/7/1,85.5235,-60.85,0.3078,2020/1/3,35.3219,5.49,2026/6/23,47.79,42.72,5.6,1637,2384,10,2019/12/30,34.6866,37.78,5.07,1627,2367,-5,31.8103,2020/1/21,31.8103,50.23,6.55,1613,2345,2020/3/19,10.3419,-69.11,65,97,早すぎ,検出,3,4,2,2019/12/13,120.96,1,,,,,,-0.135037795,-0.158325366,0.078519998,,,,,,
5401.T,5401.T,Nippon Steel Corporation,汎用,2000/1/4,2019/12/9,7279,2007/7/23,957.4199,-74.67,0.1556,2019/12/13,248.1063,2.29,2026/6/25,547,125.52,13.23,1596,2390,10,2019/12/23,233.663,134.1,13.97,1586,2376,-5,230.4236,2019/12/25,230.4236,137.39,14.23,1584,2374,2020/4/23,110.8389,-54.3,90,136,早すぎ,検出,3,2,1,2019/12/9,124.55,4,,,28650.54,12704.21,,-0.135356586,-0.153072675,0.078519998,,,,,,
5401,5401.T,Nippon Steel Corporation,汎用,2000/1/4,2019/12/9,7279,2007/7/23,957.4199,-74.67,0.1556,2019/12/13,248.1063,2.29,2026/6/25,547,125.52,13.23,1596,2390,10,2019/12/23,233.663,134.1,13.97,1586,2376,-5,230.4236,2019/12/25,230.4236,137.39,14.23,1584,2374,2020/4/23,110.8389,-54.3,90,136,早すぎ,検出,3,2,1,2019/12/9,124.55,4,,,28650.54,12704.21,,-0.146349221,-0.147097316,0.080162609,,,,,,
5411.T,5411.T,"JFE Holdings, Inc.",汎用,2002/9/26,2019/12/9,6283,2007/7/23,5125.3698,-77.91,0.1414,2019/12/13,1164.0342,2.81,2026/6/25,1546,36.55,4.88,1596,2390,10,2019/12/23,1082.1346,42.87,5.64,1586,2376,-5,1075.575,2019/12/24,1075.575,43.74,5.74,1585,2375,2020/4/6,474.7135,-58.07,77,119,早すぎ,検出,4,3,2,2019/12/9,124.55,1,,,10178.18,7453.81,,-0.156686664,-0.141233967,0.083749247,,,,,,
5411,5411.T,"JFE Holdings, Inc.",汎用,2002/9/26,2019/12/9,6283,2007/7/23,5125.3698,-77.91,0.1414,2019/12/13,1164.0342,2.81,2026/6/25,1546,36.55,4.88,1596,2390,10,2019/12/23,1082.1346,42.87,5.64,1586,2376,-5,1075.575,2019/12/24,1075.575,43.74,5.74,1585,2375,2020/4/6,474.7135,-58.07,77,119,早すぎ,検出,4,3,2,2019/12/9,124.55,1,,,10178.18,7453.81,,-0.156799512,-0.054161674,0.083486153,,,,,,
7044,7044.T,Piala Inc.,汎用,2018/12/11,2019/12/4,358,2018/12/14,3038.8782,-53.5,0.4283,2020/10/7,2828.0374,100.14,2026/6/24,548,-61.22,-13.46,1598,2394,10,2019/12/18,1376.4039,-60.19,-13.18,1588,2380,-5,1342.3775,2020/2/28,1342.3775,-59.18,-13.22,1543,2308,2025/4/7,195,-86.2,1302,1951,早すぎ,検出,4,3,2,2019/12/4,125.83,1,,,33.98,87.63,,-0.156895598,0.011852853,0.08309177,,,,,,
4395,4395.T,Accrete Inc.,汎用,2018/7/26,2019/12/3,495,2018/8/7,1866.3605,-57.96,0.2454,2022/12/14,4073.2599,419.11,2026/6/24,688,-12.32,-1.98,1599,2395,10,2019/12/17,756.6066,-9.07,-1.45,1589,2381,-5,745.4317,2019/12/18,745.4317,-7.7,-1.22,1588,2380,2024/8/6,432.8235,-44.84,1142,1708,早すぎ,検出,4,3,2,2019/12/3,127.39,1,,,57.75,65.86,,-0.156703492,-0.005272586,-0.052389032,,,,,,
3099.T,3099.T,Isetan Mitsukoshi Holdings Ltd.,汎用,2001/1/1,2019/11/8,6885,2006/1/10,2232.8114,-58.9,0.2689,2019/11/12,946.514,3.13,2026/6/25,4132,350.22,25.48,1617,2421,10,2019/11/22,889.0406,364.77,26.26,1607,2407,-5,871.8884,2019/11/21,871.8884,373.91,26.62,1608,2408,2020/7/31,434.1165,-52.7,176,266,早すぎ,検出,3,2,1,2019/11/8,125.86,4,,,13727.57,3049.08,,-0.171900974,-0.021250307,-0.088431579,,,,,,
3099,3099.T,Isetan Mitsukoshi Holdings Ltd.,汎用,2001/1/1,2019/11/8,6885,2006/1/10,2232.8114,-58.9,0.2689,2019/11/12,946.514,3.13,2026/6/25,4132,350.22,25.48,1617,2421,10,2019/11/22,889.0406,364.77,26.26,1607,2407,-5,871.8884,2019/11/21,871.8884,373.91,26.62,1608,2408,2020/7/31,434.1165,-52.7,176,266,早すぎ,検出,3,2,1,2019/11/8,125.86,4,,,13727.57,3049.08,,-0.168566165,-0.019466825,-0.089399993,,,,,,
4502.T,4502.T,Takeda Pharmaceutical Company Limited,汎用,2000/1/4,2019/11/7,7247,2018/1/10,4620.3532,-30.9,0.4197,2019/11/19,3404.7185,6.64,2026/6/25,5054,58.3,7.17,1618,2422,10,2019/11/21,3333.8179,51.6,6.51,1608,2408,-5,3033.1248,2020/2/25,3033.1248,66.63,8.4,1547,2312,2020/3/17,2160.2274,-32.34,86,131,早すぎ,検出,3,4,2,2019/11/7,125.86,1,,,84665.47,53484.19,,-0.165039703,-0.017564419,-0.090396957,,,,,,
4502,4502.T,Takeda Pharmaceutical Company Limited,汎用,2000/1/4,2019/11/7,7247,2018/1/10,4620.3532,-30.9,0.4197,2019/11/19,3404.7185,6.64,2026/6/25,5054,58.3,7.17,1618,2422,10,2019/11/21,3333.8179,51.6,6.51,1608,2408,-5,3033.1248,2020/2/25,3033.1248,66.63,8.4,1547,2312,2020/3/17,2160.2274,-32.34,86,131,早すぎ,検出,3,4,2,2019/11/7,125.86,1,,,84665.47,53484.19,,-0.135572352,0.020679105,-0.083839996,,,,,,
6752.T,6752.T,Panasonic Holdings Corporation,汎用,2000/1/4,2019/11/6,7246,2000/3/1,2182.3653,-60.31,0.1733,2020/2/6,1078.7436,24.53,2026/6/25,4610,432.19,28.66,1619,2423,10,2019/11/20,855.1432,439.09,29.1,1609,2409,-5,822.9259,2020/3/6,822.9259,460.2,31.44,1539,2302,2020/3/23,590.3219,-31.85,90,138,早すぎ,検出,3,2,1,2019/11/6,126.8,4,,,105581.72,19839.1,,-0.094429619,0.070065177,-0.076490144,,,,,,
6752,6752.T,Panasonic Holdings Corporation,汎用,2000/1/4,2019/11/6,7246,2000/3/1,2182.3653,-60.31,0.1733,2020/2/6,1078.7436,24.53,2026/6/25,4610,432.19,28.66,1619,2423,10,2019/11/20,855.1432,439.09,29.1,1609,2409,-5,822.9259,2020/3/6,822.9259,460.2,31.44,1539,2302,2020/3/23,590.3219,-31.85,90,138,早すぎ,検出,3,2,1,2019/11/6,126.8,4,,,105581.72,19839.1,,-0.11929301,0.053791496,-0.075415953,,,,,,
6088,6088.T,SIGMAXYZ Holdings Inc.,汎用,2013/12/18,2019/11/6,2149,2014/1/8,519.1964,-21.17,0.6277,2020/1/17,517.3631,26.4,2026/6/24,523,27.78,3.77,1618,2422,10,2019/11/20,472.2989,10.73,1.56,1608,2408,-5,388.8317,2019/11/6,388.8317,34.51,4.57,1618,2422,2020/3/19,224.0084,-45.27,89,134,早すぎ,検出,3,4,2,2019/11/6,126.8,1,,,462.77,362.16,,-0.16269126,0.037835988,-0.074332908,,,,,,
7320,7320.T,Solvvy Inc.,汎用,2018/4/2,2019/11/6,583,2018/4/2,897.3072,-47.01,0.2725,2020/2/6,827.5904,74.06,2026/6/24,1346,183.1,16.99,1618,2422,10,2019/11/20,540.0051,149.26,14.86,1608,2408,-5,451.6822,2020/3/12,451.6822,198,18.98,1534,2295,2020/3/23,317.4517,-33.23,90,138,早すぎ,検出,2,3,1,2019/11/6,126.8,4,,,156.35,55.23,,-0.206781236,0.032629552,-0.075152538,,,,,,
ABBV,ABBV,AbbVie Inc.,汎用,2013/1/2,2019/11/5,2498,2018/1/26,88.5873,-29.13,0.3541,2020/2/12,76.0853,21.19,2026/6/23,234.76,273.93,22.01,1664,2422,10,2019/11/19,68.2897,243.77,20.6,1654,2408,-5,59.6426,2020/3/16,59.6426,293.61,24.43,1575,2290,2020/3/23,48.6321,-22.54,94,139,早すぎ,検出,2,3,1,2019/11/5,126.68,4,,,,,,-0.209214198,0.032338607,-0.075891523,,,,,,
KHC,KHC,The Kraft Heinz Company,汎用,2015/7/6,2019/11/4,1582,2017/2/17,62.6309,-61.83,0.191,2019/11/6,23.9767,0.3,2026/6/25,23.505,-1.67,-0.25,1667,2425,10,2019/11/18,22.5114,4.41,0.66,1657,2411,-5,22.7097,2019/11/14,22.7097,3.5,0.52,1659,2415,2020/3/16,14.7611,-38.25,90,133,早すぎ,検出,4,2,3,2019/11/4,126.74,1,,,,,,-0.206001468,0.032059771,-0.074294289,,,,,,
6305.T,6305.T,"Hitachi Construction Machinery Co., Ltd.",汎用,2001/1/1,2019/10/31,6877,2018/1/31,3816.1236,-39.41,0.3488,2020/1/10,2775.4744,20.04,2026/6/25,5281,128.41,13.22,1622,2429,10,2019/11/15,2298.1587,129.79,13.42,1612,2414,-5,2196.4729,2019/11/21,2196.4729,140.43,14.23,1608,2408,2020/3/19,1506.4522,-34.84,92,140,早すぎ,検出,4,3,1,2019/10/31,130.03,2,,,11385.63,4984.74,,-0.208608636,0.031789977,-0.074294289,,,,,,
6305,6305.T,"Hitachi Construction Machinery Co., Ltd.",汎用,2001/1/1,2019/10/31,6877,2018/1/31,3816.1236,-39.41,0.3488,2020/1/10,2775.4744,20.04,2026/6/25,5281,128.41,13.22,1622,2429,10,2019/11/15,2298.1587,129.79,13.42,1612,2414,-5,2196.4729,2019/11/21,2196.4729,140.43,14.23,1608,2408,2020/3/19,1506.4522,-34.84,92,140,早すぎ,検出,4,3,1,2019/10/31,130.03,2,,,11385.63,4984.74,,-0.211876274,0.030212573,-0.075172037,,,,,,
6890,6890.T,Ferrotec Corporation,汎用,2000/1/4,2019/10/29,7238,2018/1/30,2247.7536,-58.5,0.3024,2019/10/29,955.4913,2.42,2026/6/24,9800,950.47,42.4,1623,2430,10,2019/11/13,771.6501,1170.01,46.87,1613,2415,-5,886.2686,2019/10/30,886.2686,1005.76,43.53,1622,2429,2020/3/13,362.8449,-61.11,90,136,早すぎ,検出,3,1,2,2019/10/29,130.03,4,,,4865.75,463.2,,-0.220886411,0.056131852,-0.07373708,,,,,,
9101.T,9101.T,Nippon Yusen Kabushiki Kaisha,汎用,2004/11/5,2019/10/25,5467,2007/7/26,2033.5634,-80.55,0.098,2019/11/8,412.1078,4.19,2026/6/25,5271,1232.57,47.47,1626,2435,10,2019/11/11,398.5437,1222.57,47.7,1616,2418,-5,375.7741,2019/11/21,375.7741,1302.7,49.27,1608,2408,2020/3/17,217.6232,-44.98,94,144,早すぎ,検出,2,3,1,2019/10/25,131.13,4,,,21029.31,1578.1,,-0.207375859,0.1083229,-0.070270382,,,,,,
9101,9101.T,Nippon Yusen Kabushiki Kaisha,汎用,2004/11/5,2019/10/25,5467,2007/7/26,2033.5634,-80.55,0.098,2019/11/8,412.1078,4.19,2026/6/25,5271,1232.57,47.47,1626,2435,10,2019/11/11,398.5437,1222.57,47.7,1616,2418,-5,375.7741,2019/11/21,375.7741,1302.7,49.27,1608,2408,2020/3/17,217.6232,-44.98,94,144,早すぎ,検出,2,3,1,2019/10/25,131.13,4,,,21029.31,1578.1,,-0.187711254,0.181430083,-0.069219992,,,,,,
256A,256A.T,TOBISHIMA HOLDINGS Inc.,汎用,2001/1/1,2019/10/17,6863,2004/4/13,8817.6134,-89.58,0.034,2019/12/9,1140.5177,24.13,2026/6/24,1967,114.08,12.06,1630,2442,10,2019/11/1,1020.7632,92.7,10.38,1620,2427,-5,872.8881,2020/2/27,872.8881,125.34,13.71,1544,2309,2020/3/13,640.8283,-30.26,97,148,早すぎ,検出,3,4,2,2019/10/17,133.3,1,,,387.84,181.17,,-0.167555809,0.264306194,-0.068183912,,,,,,
TSEM,TSEM,Tower Semiconductor Ltd.,汎用,1994/10/26,2019/10/15,9120,2000/3/27,652.5,-96.65,0.0152,2020/1/13,25.8,18.08,2026/6/25,276.605,1165.93,46.11,1681,2445,10,2019/10/29,21.92,1161.88,46.36,1671,2431,-5,20.7575,2019/11/13,20.7575,1232.55,47.92,1660,2416,2020/3/18,12.13,-44.49,106,155,早すぎ,検出,2,3,1,2019/10/15,133.92,4,,,,,,-0.174760735,0.259670306,-0.070102173,,,,,,
1401.T,1401.T,Mbs Inc,汎用,2015/8/13,2019/10/9,1518,2018/7/9,1913.6864,-55.47,0.2814,2019/12/10,1118.6554,31.28,2026/6/24,1316,54.44,6.69,1635,2450,10,2019/10/25,824.0262,59.7,7.28,1625,2434,-5,809.4819,2019/10/15,809.4819,62.57,7.53,1632,2444,2021/12/28,436.4686,-48.78,540,811,早すぎ,検出,4,3,2,2019/10/9,140.71,1,,,89.63,58.04,,-0.174760735,0.259670306,-0.069393768,,,,,,
8253.T,8253.T,"Credit Saison Co., Ltd.",汎用,2000/1/4,2019/10/2,7211,2006/4/5,4130.7279,-72.55,0.1033,2020/1/7,1527.9838,34.76,2026/6/25,4260,275.7,21.74,1641,2458,10,2019/10/17,1167.4484,264.9,21.35,1631,2443,-5,1077.1972,2020/3/10,1077.1972,295.47,24.42,1537,2298,2020/7/31,788.7237,-30.44,200,303,早すぎ,検出,2,3,1,2019/10/2,143.16,4,,,6595.23,1755.45,,-0.165961246,0.252459264,-0.070817745,,,,,,
8253,8253.T,"Credit Saison Co., Ltd.",汎用,2000/1/4,2019/10/2,7211,2006/4/5,4130.7279,-72.55,0.1033,2020/1/7,1527.9838,34.76,2026/6/25,4260,275.7,21.74,1641,2458,10,2019/10/17,1167.4484,264.9,21.35,1631,2443,-5,1077.1972,2020/3/10,1077.1972,295.47,24.42,1537,2298,2020/7/31,788.7237,-30.44,200,303,早すぎ,検出,2,3,1,2019/10/2,143.16,4,,,6595.23,1755.45,,-0.144220457,0.253949797,-0.070719245,,,,,,
6198,6198.T,"CAREER CO., LTD.",汎用,2016/6/27,2019/9/24,1184,2018/1/24,3946.038,-84.8,0.1099,2019/10/18,654.8405,9.16,2026/6/24,236,-60.66,-12.91,1646,2465,10,2019/10/8,542.7507,-56.52,-11.67,1636,2451,-5,569.8809,2019/9/27,569.8809,-58.59,-12.26,1643,2462,2020/3/17,186.8163,-68.86,115,175,早すぎ,検出,4,2,3,2019/9/24,136.53,1,,,19.49,49.54,,-0.136422995,0.255507646,-0.079715488,,,,,,
8795.T,8795.T,"T&D Holdings, Inc.",汎用,2004/4/1,2019/9/13,5643,2006/4/4,2877.5354,-67.61,0.1572,2019/12/23,1154.8584,23.91,2026/6/25,4690,403.23,26.91,1652,2477,10,2019/10/1,945.0657,396.26,26.86,1642,2459,-5,885.3857,2020/2/27,885.3857,429.71,30.16,1545,2310,2020/3/19,569.0375,-38.94,122,188,早すぎ,検出,2,3,1,2019/9/13,133.45,4,,,23772.55,4723.99,,-0.154625166,0.245319922,-0.090765956,,,,,,
8795,8795.T,"T&D Holdings, Inc.",汎用,2004/4/1,2019/9/13,5643,2006/4/4,2877.5354,-67.61,0.1572,2019/12/23,1154.8584,23.91,2026/6/25,4690,403.23,26.91,1652,2477,10,2019/10/1,945.0657,396.26,26.86,1642,2459,-5,885.3857,2020/2/27,885.3857,429.71,30.16,1545,2310,2020/3/19,569.0375,-38.94,122,188,早すぎ,検出,2,3,1,2019/9/13,133.45,4,,,23772.55,4723.99,,0.054817876,0.250834092,-0.091367721,,,,,,
3405.T,3405.T,"Kuraray Co., Ltd.",汎用,2000/1/4,2019/9/13,7192,2017/11/8,1857.0305,-41.06,0.3124,2019/11/12,1137.7752,3.95,2026/6/25,1699.5,55.27,6.7,1652,2477,10,2019/10/1,1088.1675,56.18,6.85,1642,2459,-5,1039.8403,2019/10/3,1039.8403,63.44,7.58,1640,2457,2020/3/17,748.1628,-31.65,120,186,早すぎ,検出,4,3,2,2019/9/13,133.45,1,,,5203.4,3351.2,,0.173215325,0.256528185,-0.091903443,,,,,,
3405,3405.T,"Kuraray Co., Ltd.",汎用,2000/1/4,2019/9/13,7192,2017/11/8,1857.0305,-41.06,0.3124,2019/11/12,1137.7752,3.95,2026/6/25,1699.5,55.27,6.7,1652,2477,10,2019/10/1,1088.1675,56.18,6.85,1642,2459,-5,1039.8403,2019/10/3,1039.8403,63.44,7.58,1640,2457,2020/3/17,748.1628,-31.65,120,186,早すぎ,検出,4,3,2,2019/9/13,133.45,1,,,5203.4,3351.2,,0.155461354,-0.051687683,-0.093805285,,,,,,
5110.T,5110.T,"Sumitomo Rubber Industries, Ltd.",汎用,2001/1/1,2019/9/13,6829,2017/11/2,1640.3475,-37.07,0.3605,2019/11/6,1172.7614,13.6,2026/6/25,2175.5,110.74,11.62,1652,2477,10,2019/10/1,1045.8051,108.02,11.49,1642,2459,-5,980.7,2020/1/27,980.7,121.83,13.24,1566,2341,2020/3/17,689.4894,-33.21,120,186,早すぎ,検出,3,4,2,2019/9/13,133.45,1,,,5903.29,2801.22,,0.137844531,-0.104959591,-0.095847125,,,,,,
5110,5110.T,"Sumitomo Rubber Industries, Ltd.",汎用,2001/1/1,2019/9/13,6829,2017/11/2,1640.3475,-37.07,0.3605,2019/11/6,1172.7614,13.6,2026/6/25,2175.5,110.74,11.62,1652,2477,10,2019/10/1,1045.8051,108.02,11.49,1642,2459,-5,980.7,2020/1/27,980.7,121.83,13.24,1566,2341,2020/3/17,689.4894,-33.21,120,186,早すぎ,検出,3,4,2,2019/9/13,133.45,1,,,5903.29,2801.22,,0.133142091,-0.108132494,-0.098013424,,,,,,
4188.T,4188.T,Mitsubishi Chemical Group Corporation,汎用,2000/1/4,2019/9/12,7191,2018/1/9,960.2473,-34.38,0.3732,2019/11/8,703.7405,11.68,2026/6/25,1095,73.77,8.49,1653,2478,10,2019/9/30,610.5797,79.34,9.06,1643,2460,-5,598.6319,2019/10/4,598.6319,82.92,9.4,1639,2456,2020/3/13,433.6139,-31.19,119,183,早すぎ,検出,4,3,2,2019/9/12,133.7,1,,,15799.91,9092.42,,0.127984713,-0.111445719,-0.097983644,,,,,,
4188,4188.T,Mitsubishi Chemical Group Corporation,汎用,2000/1/4,2019/9/12,7191,2018/1/9,960.2473,-34.38,0.3732,2019/11/8,703.7405,11.68,2026/6/25,1095,73.77,8.49,1653,2478,10,2019/9/30,610.5797,79.34,9.06,1643,2460,-5,598.6319,2019/10/4,598.6319,82.92,9.4,1639,2456,2020/3/13,433.6139,-31.19,119,183,早すぎ,検出,4,3,2,2019/9/12,133.7,1,,,15799.91,9092.42,,0.130651962,-0.109086283,-0.095571942,,,,,,
3086.T,3086.T,"J. Front Retailing Co., Ltd.",汎用,2000/1/4,2019/9/12,7191,2015/7/23,1908.1797,-42.9,0.4146,2020/1/6,1350.1239,23.9,2026/6/25,3212,194.77,17.27,1653,2478,10,2019/9/30,1058.6577,203.4,17.91,1643,2460,-5,1035.1647,2019/10/3,1035.1647,210.29,18.33,1640,2457,2020/8/3,509.948,-53.2,213,326,早すぎ,検出,3,2,1,2019/9/12,133.7,4,,,7825.74,2654.86,,0.133501952,-0.106399538,-0.095349681,,,,,,
3086,3086.T,"J. Front Retailing Co., Ltd.",汎用,2000/1/4,2019/9/12,7191,2015/7/23,1908.1797,-42.9,0.4146,2020/1/6,1350.1239,23.9,2026/6/25,3212,194.77,17.27,1653,2478,10,2019/9/30,1058.6577,203.4,17.91,1643,2460,-5,1035.1647,2019/10/3,1035.1647,210.29,18.33,1640,2457,2020/8/3,509.948,-53.2,213,326,早すぎ,検出,3,2,1,2019/9/12,133.7,4,,,7825.74,2654.86,,0.11369561,-0.108061883,-0.097927426,,,,,,
ACLS,ACLS,"Axcelis Technologies, Inc.",汎用,2000/7/11,2019/9/12,7002,2000/7/11,120,-84.84,0.0486,2020/2/13,29.24,60.75,2026/6/25,177.415,875.34,39.89,1704,2478,10,2019/9/26,17.79,897.27,40.62,1694,2464,-5,17.2805,2019/9/27,17.2805,926.68,41.25,1693,2463,2020/3/19,12.99,-28.59,130,189,早すぎ,検出,3,2,1,2019/9/12,133.7,4,,,,,,0.0945353,-0.109726719,-0.100500525,,,,,,
3092.T,3092.T,"ZOZO, Inc.",汎用,2007/12/11,2019/8/22,4272,2018/7/18,1382.2008,-53.37,0.2984,2019/11/14,769.8489,19.44,2026/6/25,1122,74.07,8.44,1668,2499,10,2019/9/5,583.9177,92.15,10.08,1658,2485,-5,612.3411,2019/8/28,612.3411,83.23,9.28,1664,2493,2020/3/17,330.8798,-48.67,136,208,早すぎ,検出,4,2,3,2019/8/22,142.28,1,,,10169.74,5842.33,,0.100023276,-0.105808963,-0.099298324,,,,,,
3092,3092.T,"ZOZO, Inc.",汎用,2007/12/11,2019/8/22,4272,2018/7/18,1382.2008,-53.37,0.2984,2019/11/14,769.8489,19.44,2026/6/25,1122,74.07,8.44,1668,2499,10,2019/9/5,583.9177,92.15,10.08,1658,2485,-5,612.3411,2019/8/28,612.3411,83.23,9.28,1664,2493,2020/3/17,330.8798,-48.67,136,208,早すぎ,検出,4,2,3,2019/8/22,142.28,1,,,10169.74,5842.33,,0.101296127,-0.104478063,-0.099259073,,,,,,
3436.T,3436.T,Sumco Corporation,汎用,2003/8/15,2019/7/26,5824,2007/7/17,5057.7027,-74.07,0.1336,2021/4/30,2633.0171,100.79,2026/6/25,3794,189.32,16.6,1686,2526,10,2019/8/9,1093.0767,247.09,19.83,1676,2512,-5,1245.7758,2019/8/1,1245.7758,204.55,17.52,1682,2520,2025/4/7,733.7009,-44.05,1389,2082,早すぎ,検出,3,1,2,2019/7/26,132.83,4,,,17814.39,6157.33,,0.097615296,-0.103138896,-0.102548755,,,,,,
3436,3436.T,Sumco Corporation,汎用,2003/8/15,2019/7/26,5824,2007/7/17,5057.7027,-74.07,0.1336,2021/4/30,2633.0171,100.79,2026/6/25,3794,189.32,16.6,1686,2526,10,2019/8/9,1093.0767,247.09,19.83,1676,2512,-5,1245.7758,2019/8/1,1245.7758,204.55,17.52,1682,2520,2025/4/7,733.7009,-44.05,1389,2082,早すぎ,検出,3,1,2,2019/7/26,132.83,4,,,17814.39,6157.33,,0.0965239,-0.104432703,-0.105420379,,,,,,
3778.T,3778.T,SAKURA Internet Inc.,汎用,2005/10/12,2019/7/4,5013,2016/1/13,2035.5135,-72.5,0.1371,2020/1/10,750.3201,34.03,2026/6/24,3010,437.68,27.28,1700,2547,10,2019/7/19,542.2236,455.12,28.05,1690,2532,-5,531.8186,2020/2/27,531.8186,465.98,31.55,1544,2309,2020/3/13,325.3341,-41.88,167,253,早すぎ,検出,3,2,1,2019/7/5,133.67,4,,,1127.09,209.62,,0.09492151,-0.10577679,-0.113588826,,,,,,
CRUS,CRUS,"Cirrus Logic, Inc.",汎用,1989/6/9,2019/5/6,10923,2017/6/9,71.97,-30.93,0.3591,2019/5/6,49.8,0.18,2026/6/25,157.15,216.13,17.5,1794,2607,10,2019/5/20,41,283.29,20.84,1784,2593,-5,47.2245,2019/5/13,47.2245,232.77,18.4,1789,2600,2019/5/31,37.24,-25.09,18,25,早すぎ,検出,3,1,2,2019/5/6,138.18,4,,,,,,0.140782221,-0.104235604,-0.123072609,,,,,,
6963.T,6963.T,"ROHM Co., Ltd.",汎用,2001/1/4,2019/4/18,6678,2001/5/7,4135.4559,-56.41,0.2442,2023/7/5,3323.9484,84.4,2026/6/25,5660,214,17.26,1750,2625,10,2019/5/10,1633.7811,246.44,19.05,1740,2603,-5,1712.4407,2019/4/26,1712.4407,230.52,18.16,1744,2617,2025/4/9,1048.8894,-41.81,1455,2183,早すぎ,検出,3,1,2,2019/4/18,138.09,4,,,22969.09,7315,,0.169651027,-0.100223079,-0.123296828,,,,,,
6963,6963.T,"ROHM Co., Ltd.",汎用,2001/1/4,2019/4/18,6678,2001/5/7,4135.4559,-56.41,0.2442,2023/7/5,3323.9484,84.4,2026/6/25,5660,214,17.26,1750,2625,10,2019/5/10,1633.7811,246.44,19.05,1740,2603,-5,1712.4407,2019/4/26,1712.4407,230.52,18.16,1744,2617,2025/4/9,1048.8894,-41.81,1455,2183,早すぎ,検出,3,1,2,2019/4/18,138.09,4,,,22969.09,7315,,0.195769145,-0.102533685,-0.123871222,,,,,,
253A,253A.T,"ETS Group Co.,Ltd",汎用,2000/1/4,2019/4/17,7043,2017/7/27,783.2306,-39.45,0.1171,2019/6/24,810.614,70.92,2026/6/24,1070,125.62,11.99,1750,2625,10,2019/5/9,556.249,92.36,9.61,1740,2603,-5,450.5429,2019/4/18,450.5429,137.49,12.79,1749,2624,2019/8/28,433.2592,-8.64,87,133,許容,検出,3,4,2,2019/4/17,138.15,1,,,71.65,31.76,,0.217950045,-0.104799498,-0.123823581,,,,,,
5713.T,5713.T,"Sumitomo Metal Mining Co., Ltd.",汎用,2000/1/4,2019/4/5,7031,2018/1/11,4258.6006,-32.8,0.4956,2019/10/30,2976.94,4.02,2026/6/25,7653,167.4,14.59,1759,2638,10,2019/4/19,2871.4612,166.52,14.62,1749,2624,-5,2718.8575,2019/5/7,2718.8575,181.48,15.61,1743,2606,2020/3/19,1489.6718,-47.95,229,349,早すぎ,検出,2,3,1,2019/4/5,139.38,4,,,21304.63,7967.33,,0.20838984,-0.107713256,-0.127594208,,,,,,
5713,5713.T,"Sumitomo Metal Mining Co., Ltd.",汎用,2000/1/4,2019/4/5,7031,2018/1/11,4258.6006,-32.8,0.4956,2019/10/30,2976.94,4.02,2026/6/25,7653,167.4,14.59,1759,2638,10,2019/4/19,2871.4612,166.52,14.62,1749,2624,-5,2718.8575,2019/5/7,2718.8575,181.48,15.61,1743,2606,2020/3/19,1489.6718,-47.95,229,349,早すぎ,検出,2,3,1,2019/4/5,139.38,4,,,21304.63,7967.33,,0.205656459,-0.106583051,-0.127702898,,,,,,
6954.T,6954.T,Fanuc Corporation,汎用,2000/1/4,2019/4/4,7030,2018/1/16,5481.9683,-34.16,0.4456,2019/12/13,3856.2438,6.84,2026/6/25,7357,103.83,10.36,1760,2639,10,2019/4/18,3765.0627,95.4,9.77,1750,2625,-5,3428.9116,2019/5/8,3428.9116,114.56,11.3,1742,2605,2020/3/19,2104.0419,-41.71,230,350,早すぎ,検出,3,4,2,2019/4/4,140.29,1,,,69417.66,34056.64,,0.202753777,-0.104216413,-0.126279652,,,,,,
6954,6954.T,Fanuc Corporation,汎用,2000/1/4,2019/4/4,7030,2018/1/16,5481.9683,-34.16,0.4456,2019/12/13,3856.2438,6.84,2026/6/25,7357,103.83,10.36,1760,2639,10,2019/4/18,3765.0627,95.4,9.77,1750,2625,-5,3428.9116,2019/5/8,3428.9116,114.56,11.3,1742,2605,2020/3/19,2104.0419,-41.71,230,350,早すぎ,検出,3,4,2,2019/4/4,140.29,1,,,69417.66,34056.64,,0.241702743,-0.094219001,-0.117030524,,,,,,
5332.T,5332.T,TOTO LTD.,汎用,2000/1/4,2019/3/26,7021,2018/1/5,5866.1026,-32.01,0.4125,2020/2/12,4412.1471,10.63,2026/6/25,8868,122.35,11.65,1767,2648,10,2019/4/9,4005.6182,121.39,11.65,1757,2634,-5,3788.8827,2019/5/7,3788.8827,134.05,12.66,1743,2606,2020/3/23,2670.0498,-33.05,238,363,早すぎ,検出,3,4,2,2019/3/26,145.74,1,,,14116.79,6348.91,,0.287296831,-0.094226616,-0.109318426,,,,,,
5332,5332.T,TOTO LTD.,汎用,2000/1/4,2019/3/26,7021,2018/1/5,5866.1026,-32.01,0.4125,2020/2/12,4412.1471,10.63,2026/6/25,8868,122.35,11.65,1767,2648,10,2019/4/9,4005.6182,121.39,11.65,1757,2634,-5,3788.8827,2019/5/7,3788.8827,134.05,12.66,1743,2606,2020/3/23,2670.0498,-33.05,238,363,早すぎ,検出,3,4,2,2019/3/26,145.74,1,,,14116.79,6348.91,,0.288991701,-0.102676984,-0.110566776,,,,,,
4382,4382.T,"HEROZ, Inc.",汎用,2018/4/24,2019/2/21,303,2018/4/24,12412.5,-65.84,0.3027,2019/6/19,10230,141.27,2026/6/24,710,-83.25,-21.62,1788,2680,10,2019/3/7,4025,-82.36,-21.16,1778,2666,-5,4028,2019/2/21,4028,-82.37,-21.07,1788,2680,2026/6/4,693,-83.66,1774,2660,早すぎ,検出,4,2,3,2019/2/21,149.39,1,,,109.04,650.98,,0.284620831,-0.103676548,-0.111064734,,,,,,
GDXJ|ETF,GDXJ,VanEck Junior Gold Miners ETF,汎用,2009/11/11,2019/1/31,3368,2011/4/8,130.8006,-77.19,0.107,2020/2/24,42.2068,41.44,2026/6/25,99.205,232.45,17.63,1859,2702,10,2019/2/14,29.2698,238.93,18.04,1849,2688,-5,28.3482,2019/3/4,28.3482,249.95,18.69,1838,2670,2020/3/13,17.7483,-40.52,281,407,早すぎ,検出,3,2,1,2019/1/31,154.61,4,,,,,,0.263317315,-0.109505267,-0.116017936,,,,,,
LRCX,LRCX,Lam Research Corporation,汎用,1984/5/4,2019/1/28,12687,2018/3/13,20.9738,-27.93,0.0988,2019/1/28,15.201,0.57,2026/6/23,371.33,2356.63,54.13,1860,2703,10,2019/2/11,16.0129,2218.94,53.27,1850,2689,-5,14.3596,,,,,,,2019/1/28,14.4728,-4.25,0,0,成功,検出,1,2,,2019/1/28,159.93,3,,,,,,-0.085724169,-0.109628909,-0.116017936,,,,,,
UNG|ETF,UNG,"United States Natural Gas Fund, LP",汎用,2007/4/18,2018/11/14,4228,2008/7/1,8177.9199,-98.08,0.018,2018/11/14,159.48,1.4,2026/6/25,11.84,-92.47,-28.81,1910,2780,10,2018/11/29,148.36,-92.02,-28.39,1900,2765,-5,149.416,2018/11/14,149.416,-92.08,-28.33,1910,2780,2026/1/15,9.95,-93.67,1800,2619,早すぎ,検出,4,2,3,2018/11/14,159.3,1,,,,,,-0.147087899,-0.109628909,-0.116017936,,,,,,
CMG,CMG,"Chipotle Mexican Grill, Inc.",汎用,2006/1/26,2017/12/1,4327,2015/8/5,15.1722,-59.45,0.1175,2018/1/19,6.9176,12.45,2026/6/25,32.045,420.9,21.25,2150,3128,10,2017/12/15,6.2424,413.34,21.15,2140,3114,-5,5.8442,2017/12/21,5.8442,448.32,22.14,2136,3108,2018/2/9,4.9504,-19.53,47,70,早すぎ,検出,2,3,1,2017/12/1,154.25,4,,,,,,-0.147087899,-0.109628909,-0.113354349,,,,,,
USO|ETF,USO,"United States Oil Fund, LP",汎用,2006/4/10,2017/10/31,4222,2008/7/11,953.36,-90.83,0.0753,2018/10/3,129.92,48.58,2026/6/25,108.73,24.35,2.55,2172,3159,10,2017/11/14,89.04,22.11,2.35,2162,3145,-5,83.068,2018/12/18,83.068,30.89,3.65,1888,2746,2020/4/28,16.88,-80.7,625,910,早すぎ,検出,3,4,2,2017/10/31,158.73,1,,,,,,-0.147087899,-0.107754559,-0.110776947,,,,,,
4565.T,4565.T,"Nxera Pharma Co., Ltd.",汎用,2004/7/29,2017/6/26,4715,2016/5/9,6545,-51.15,0.4304,2017/6/27,3225,0.86,2026/6/24,978,-69.41,-12.34,2216,3285,10,2017/7/10,3062.5,-68.07,-11.97,2206,3271,-5,3037.625,2017/6/28,3037.625,-67.8,-11.85,2214,3283,2025/4/9,668,-79.11,1922,2844,早すぎ,検出,4,3,2,2017/6/26,176.84,1,,,889.79,2908.77,,-0.140698838,-0.10595364,-0.11138621,,,,,,
GILD,GILD,"Gilead Sciences, Inc.",汎用,1992/1/22,2017/6/26,9287,2015/6/24,84.9777,-39.49,0.1498,2018/1/29,65.4789,27.34,2026/6/23,125.05,143.19,10.39,2259,3284,10,2017/7/11,50.0569,149.82,10.77,2249,3269,-5,48.85,2018/5/2,48.85,155.99,12.24,2045,2974,2018/12/26,45.5096,-11.5,378,548,許容,検出,4,3,2,2017/6/26,176.84,1,,,,,,-0.141378422,-0.110211302,-0.114941616,,,,,,
6871,6871.T,"Micronics Japan Co., Ltd.",汎用,2000/1/4,2017/5/26,6352,2014/2/25,5535.7236,-84.21,0.0665,2018/5/10,1147.356,31.24,2026/6/24,15990,1729.06,37.73,2237,3316,10,2017/6/9,1009.6719,1483.68,35.74,2227,3302,-5,830.5071,2017/8/29,830.5071,1825.33,39.85,2170,3221,2018/12/25,542.3996,-37.96,412,578,早すぎ,検出,2,3,1,2017/5/26,179.37,4,,,6202.28,339.1,,-0.137913978,-0.109741967,-0.113650369,,,,,,
5406.T,5406.T,"Kobe Steel, Ltd.",汎用,2000/1/4,2017/5/8,6334,2007/2/27,3208.0522,-74.26,0.2038,2017/7/31,1011.3501,22.48,2026/6/25,1875,127.07,9.4,2252,3335,10,2017/5/22,770.6559,143.3,10.27,2242,3321,-5,784.4669,2017/5/15,784.4669,139.02,10.04,2247,3328,2020/3/13,215.9341,-73.85,718,1040,早すぎ,検出,4,2,3,2017/5/8,183.41,1,,,7535.36,3318.52,,-0.130511234,-0.105632492,-0.109599118,,,,,,
5406,5406.T,"Kobe Steel, Ltd.",汎用,2000/1/4,2017/5/8,6334,2007/2/27,3208.0522,-74.26,0.2038,2017/7/31,1011.3501,22.48,2026/6/25,1875,127.07,9.4,2252,3335,10,2017/5/22,770.6559,143.3,10.27,2242,3321,-5,784.4669,2017/5/15,784.4669,139.02,10.04,2247,3328,2020/3/13,215.9341,-73.85,718,1040,早すぎ,検出,4,2,3,2017/5/8,183.41,1,,,7535.36,3318.52,,-0.128611634,-0.1068586,-0.108565576,,,,,,
2267.T,2267.T,"Yakult Honsha Co.,Ltd.",汎用,2001/1/1,2016/12/14,5826,2015/4/10,3977.1351,-41.14,0.0889,2017/11/9,4318.7575,84.49,2026/6/25,2725.5,16.43,1.61,2347,3480,10,2016/12/29,2434.5452,11.95,1.2,2337,3465,-5,2223.8633,2020/2/28,2223.8633,22.56,3.27,1544,2309,2020/3/2,2181.1701,-6.82,804,1174,許容,検出,3,4,2,2016/12/14,210.03,1,,,8217.16,7057.6,,-0.127752381,-0.108091849,-0.107535711,,,,,,
2267,2267.T,"Yakult Honsha Co.,Ltd.",汎用,2001/1/1,2016/12/14,5826,2015/4/10,3977.1351,-41.14,0.0889,2017/11/9,4318.7575,84.49,2026/6/25,2725.5,16.43,1.61,2347,3480,10,2016/12/29,2434.5452,11.95,1.2,2337,3465,-5,2223.8633,2020/2/28,2223.8633,22.56,3.27,1544,2309,2020/3/2,2181.1701,-6.82,804,1174,許容,検出,3,4,2,2016/12/14,210.03,1,,,8217.16,7057.6,,-0.124400779,-0.110628765,-0.107407659,,,,,,
8136.T,8136.T,"Sanrio Company, Ltd.",汎用,2001/1/1,2016/12/9,5821,2013/9/27,339.0557,-60.59,0.2331,2019/4/1,169.4977,26.83,2026/6/24,924.1,591.49,22.47,2349,3484,10,2016/12/26,133.8751,590.27,22.57,2339,3467,-5,126.9569,2017/3/23,126.9569,627.89,23.92,2280,3380,2020/3/13,71.2058,-46.72,816,1190,早すぎ,検出,2,3,1,2016/12/9,207.77,4,,,13185.18,1906.78,,-0.126911539,-0.112978657,-0.107260208,,,,,,
8136,8136.T,"Sanrio Company, Ltd.",汎用,2001/1/1,2016/12/9,5821,2013/9/27,339.0557,-60.59,0.2331,2019/4/1,169.4977,26.83,2026/6/24,924.1,591.49,22.47,2349,3484,10,2016/12/26,133.8751,590.27,22.57,2339,3467,-5,126.9569,2017/3/23,126.9569,627.89,23.92,2280,3380,2020/3/13,71.2058,-46.72,816,1190,早すぎ,検出,2,3,1,2016/12/9,207.77,4,,,13185.18,1906.78,,-0.130399833,-0.122698598,-0.110066523,,,,,,
6703.T,6703.T,"Oki Electric Industry Co., Ltd.",汎用,2000/1/4,2016/12/8,6183,2000/6/8,5766.2039,-78.78,0.1199,2019/11/11,1324.1665,8.23,2026/6/25,3855,215.08,12.78,2351,3486,10,2016/12/22,1222.0209,215.46,12.85,2341,3472,-5,1162.3112,2017/2/3,1162.3112,231.67,13.62,2314,3429,2022/9/28,604.7318,-50.57,1437,2120,早すぎ,検出,3,2,1,2016/12/8,209.2,4,,,2971.04,942.95,,-0.126574771,-0.132283354,-0.112918056,,,,,,
6703,6703.T,"Oki Electric Industry Co., Ltd.",汎用,2000/1/4,2016/12/8,6183,2000/6/8,5766.2039,-78.78,0.1199,2019/11/11,1324.1665,8.23,2026/6/25,3855,215.08,12.78,2351,3486,10,2016/12/22,1222.0209,215.46,12.85,2341,3472,-5,1162.3112,2017/2/3,1162.3112,231.67,13.62,2314,3429,2022/9/28,604.7318,-50.57,1437,2120,早すぎ,検出,3,2,1,2016/12/8,209.2,4,,,2971.04,942.95,,-0.125952137,-0.136999797,-0.11766233,,,,,,
CL=F|ETF,CL=F,Crude Oil Aug 26,汎用,2000/8/23,2016/12/2,5945,2008/7/11,147.27,-64.91,0.4172,2018/10/3,76.9,48.8,2026/6/25,71.57,38.49,3.46,2402,3492,10,2016/12/16,51.9,37.9,3.43,2392,3478,-5,49.096,2017/3/9,49.096,45.78,4.14,2337,3395,2020/4/21,-16.74,-132.39,848,1236,早すぎ,検出,3,4,2,2016/12/2,217.89,1,,,,,,-0.134108402,-0.141848779,-0.122494772,,,,,,
MU,MU,"Micron Technology, Inc.",汎用,1984/6/1,2016/11/21,11861,2000/7/14,95.0905,-80.01,0.0165,2016/11/25,19.9349,4.87,2026/6/23,1051.77,5433.21,52,2407,3501,10,2016/12/6,18.589,5558.03,52.63,2397,3486,-5,18.0579,2016/12/1,18.0579,5724.44,53,2400,3491,2016/12/1,17.7307,-6.72,7,10,許容,検出,3,2,1,2016/11/21,217.45,4,,,,,,-0.135297717,-0.140475111,-0.122004462,,,,,,
8750.T,8750.T,"Daiichi Life Group, Inc.",汎用,2010/4/1,2016/11/16,2421,2015/8/11,465.6935,-28.84,0.4976,2018/10/4,463.2455,39.79,2026/6/25,1705.5,414.64,18.6,2366,3508,10,2016/12/1,338.6552,403.61,18.42,2356,3493,-5,314.8284,2017/9/6,314.8284,441.72,21.17,2165,3214,2020/3/17,198.3901,-40.14,834,1217,早すぎ,検出,2,3,1,2016/11/16,219.91,4,,,66365.53,12895.52,,-0.131550695,-0.139154561,-0.121528081,,,,,,
8750,8750.T,"Daiichi Life Group, Inc.",汎用,2010/4/1,2016/11/16,2421,2015/8/11,465.6935,-28.84,0.4976,2018/10/4,463.2455,39.79,2026/6/25,1705.5,414.64,18.6,2366,3508,10,2016/12/1,338.6552,403.61,18.42,2356,3493,-5,314.8284,2017/9/6,314.8284,441.72,21.17,2165,3214,2020/3/17,198.3901,-40.14,834,1217,早すぎ,検出,2,3,1,2016/11/16,219.91,4,,,66365.53,12895.52,,-0.126860771,-0.137281926,-0.119398836,,,,,,
5711.T,5711.T,Mitsubishi Materials Corporation,汎用,2000/1/4,2016/11/15,6160,2007/7/18,5242.3007,-49.76,0.3111,2017/11/8,3559.2969,35.14,2026/6/25,4424,67.97,5.55,2367,3509,10,2016/11/30,2565.6653,72.43,5.86,2357,3494,-5,2502.1869,2017/4/3,2502.1869,76.81,6.37,2274,3370,2020/3/13,1455.6921,-44.73,833,1214,早すぎ,検出,4,3,2,2016/11/15,218.6,1,,,5952.36,3543.7,,-0.120590563,-0.13264094,-0.117201202,,,,,,
5711,5711.T,Mitsubishi Materials Corporation,汎用,2000/1/4,2016/11/15,6160,2007/7/18,5242.3007,-49.76,0.3111,2017/11/8,3559.2969,35.14,2026/6/25,4424,67.97,5.55,2367,3509,10,2016/11/30,2565.6653,72.43,5.86,2357,3494,-5,2502.1869,2017/4/3,2502.1869,76.81,6.37,2274,3370,2020/3/13,1455.6921,-44.73,833,1214,早すぎ,検出,4,3,2,2016/11/15,218.6,1,,,5952.36,3543.7,,-0.120646633,-0.133395413,-0.119486818,,,,,,
8306.T,8306.T,"Mitsubishi UFJ Financial Group, Inc.",汎用,2005/9/29,2016/11/14,4064,2006/4/7,1064.176,-59.25,0.1811,2018/1/16,644.7764,48.67,2026/6/25,3233,645.45,23.25,2368,3510,10,2016/11/29,473.6939,582.51,22.23,2358,3495,-5,412.0131,2018/12/20,412.0131,684.68,31.55,1829,2744,2020/3/23,294.2585,-32.15,839,1225,早すぎ,検出,2,3,1,2016/11/14,221.35,4,,,375068.8,50314.41,,-0.134220196,-0.137430088,-0.118780797,,,,,,
8306,8306.T,"Mitsubishi UFJ Financial Group, Inc.",汎用,2005/9/29,2016/11/14,4064,2006/4/7,1064.176,-59.25,0.1811,2018/1/16,644.7764,48.67,2026/6/25,3233,645.45,23.25,2368,3510,10,2016/11/29,473.6939,582.51,22.23,2358,3495,-5,412.0131,2018/12/20,412.0131,684.68,31.55,1829,2744,2020/3/23,294.2585,-32.15,839,1225,早すぎ,検出,2,3,1,2016/11/14,221.35,4,,,375068.8,50314.41,,-0.149785308,-0.144675313,-0.121263969,,,,,,
8801.T,8801.T,"Mitsui Fudosan Co., Ltd.",汎用,2000/1/4,2016/11/14,6159,2015/8/14,1053.3884,-31.46,0.4546,2020/2/10,879.5731,21.83,2026/6/25,1475,104.3,7.72,2368,3510,10,2016/11/29,744.6556,98.08,7.4,2358,3495,-5,685.8942,2017/3/21,685.8942,115.05,8.62,2283,3383,2020/3/23,445.7276,-38.26,839,1225,早すぎ,検出,3,4,2,2016/11/14,221.35,1,,,41445.8,20286.74,,-0.170426384,-0.162014466,-0.135180311,,,,,,
8801,8801.T,"Mitsui Fudosan Co., Ltd.",汎用,2000/1/4,2016/11/14,6159,2015/8/14,1053.3884,-31.46,0.4546,2020/2/10,879.5731,21.83,2026/6/25,1475,104.3,7.72,2368,3510,10,2016/11/29,744.6556,98.08,7.4,2358,3495,-5,685.8942,2017/3/21,685.8942,115.05,8.62,2283,3383,2020/3/23,445.7276,-38.26,839,1225,早すぎ,検出,3,4,2,2016/11/14,221.35,1,,,41445.8,20286.74,,-0.161431925,-0.152166966,-0.125690225,,,,,,
8604.T,8604.T,"Nomura Holdings, Inc.",汎用,2000/1/4,2016/11/14,6159,2000/2/9,1791.0357,-77.42,0.1057,2016/12/12,536.7409,32.7,2026/6/25,1413.5,249.47,13.91,2368,3510,10,2016/11/29,414.6732,240.87,13.67,2358,3495,-5,384.2489,2018/6/22,384.2489,267.86,17.66,1958,2925,2019/6/3,240.5927,-40.52,644,931,早すぎ,検出,2,3,1,2016/11/14,221.35,4,,,43011.52,12307.64,,-0.151714874,-0.141359964,-0.115432983,,,,,,
8604,8604.T,"Nomura Holdings, Inc.",汎用,2000/1/4,2016/11/14,6159,2000/2/9,1791.0357,-77.42,0.1057,2016/12/12,536.7409,32.7,2026/6/25,1413.5,249.47,13.91,2368,3510,10,2016/11/29,414.6732,240.87,13.67,2358,3495,-5,384.2489,2018/6/22,384.2489,267.86,17.66,1958,2925,2019/6/3,240.5927,-40.52,644,931,早すぎ,検出,2,3,1,2016/11/14,221.35,4,,,43011.52,12307.64,,-0.146505796,-0.13583814,-0.104547562,,,,,,
3289.T,3289.T,Tokyu Fudosan Holdings Corporation,汎用,2013/10/1,2016/11/14,1140,2013/10/1,789.8688,-36.95,0.3652,2018/1/24,713.9176,43.36,2026/6/25,1269.5,154.93,10.23,2368,3510,10,2016/11/29,497.9876,154.93,10.27,2358,3495,-5,473.0882,2017/3/21,473.0882,168.34,11.25,2283,3383,2020/8/3,330.0883,-33.72,928,1358,早すぎ,検出,3,4,2,2016/11/14,221.35,1,,,9504.31,3728.2,,-0.140914848,-0.125284574,-0.094390523,,,,,,
3289,3289.T,Tokyu Fudosan Holdings Corporation,汎用,2013/10/1,2016/11/14,1140,2013/10/1,789.8688,-36.95,0.3652,2018/1/24,713.9176,43.36,2026/6/25,1269.5,154.93,10.23,2368,3510,10,2016/11/29,497.9876,154.93,10.27,2358,3495,-5,473.0882,2017/3/21,473.0882,168.34,11.25,2283,3383,2020/8/3,330.0883,-33.72,928,1358,早すぎ,検出,3,4,2,2016/11/14,221.35,1,,,9504.31,3728.2,,-0.142847171,-0.122987607,-0.096052003,,,,,,
5334.T,5334.T,"Niterra Co., Ltd.",汎用,2001/1/1,2016/11/14,5796,2015/6/8,2676.7411,-40.77,0.3673,2018/10/2,2506.3518,58.08,2026/6/25,10860,584.94,22.17,2368,3510,10,2016/11/29,1684.3669,544.75,21.5,2358,3495,-5,1506.2587,2017/8/8,1506.2587,620.99,24.92,2186,3243,2020/3/19,952.0617,-39.95,838,1221,早すぎ,検出,2,3,1,2016/11/14,221.35,4,,,21464.63,3133.8,,-0.145746548,-0.124522117,-0.097762858,,,,,,
5334,5334.T,"Niterra Co., Ltd.",汎用,2001/1/1,2016/11/14,5796,2015/6/8,2676.7411,-40.77,0.3673,2018/10/2,2506.3518,58.08,2026/6/25,10860,584.94,22.17,2368,3510,10,2016/11/29,1684.3669,544.75,21.5,2358,3495,-5,1506.2587,2017/8/8,1506.2587,620.99,24.92,2186,3243,2020/3/19,952.0617,-39.95,838,1221,早すぎ,検出,2,3,1,2016/11/14,221.35,4,,,21464.63,3133.8,,-0.14982821,-0.125531334,-0.096185727,,,,,,
9508.T,9508.T,"Kyushu Electric Power Company, Incorporated",汎用,2001/1/1,2016/11/4,5786,2007/2/7,2464.107,-66.56,0.1324,2018/10/3,1132.7852,37.46,2026/6/25,1649,100.1,7.46,2374,3520,10,2016/11/18,845.1683,95.11,7.21,2364,3506,-5,782.8926,2019/11/19,782.8926,110.63,11.95,1610,2410,2020/3/13,573.7883,-30.37,840,1225,早すぎ,検出,3,4,2,2016/11/4,227.13,1,,,8053.78,4024.88,,-0.150657957,-0.126156952,-0.094620799,,,,,,
9508,9508.T,"Kyushu Electric Power Company, Incorporated",汎用,2001/1/1,2016/11/4,5786,2007/2/7,2464.107,-66.56,0.1324,2018/10/3,1132.7852,37.46,2026/6/25,1649,100.1,7.46,2374,3520,10,2016/11/18,845.1683,95.11,7.21,2364,3506,-5,782.8926,2019/11/19,782.8926,110.63,11.95,1610,2410,2020/3/13,573.7883,-30.37,840,1225,早すぎ,検出,3,4,2,2016/11/4,227.13,1,,,8053.78,4024.88,,-0.15240878,-0.126931767,-0.092676046,,,,,,
9503.T,9503.T,"The Kansai Electric Power Company, Incorporated",汎用,2000/1/4,2016/11/2,6147,2007/2/7,2450.6782,-69.3,0.026,2016/11/9,757.7275,0.72,2026/6/25,2308,206.79,12.33,2375,3522,10,2016/11/17,770.4046,199.58,12.11,2365,3507,-5,714.6797,2016/11/9,714.6797,222.94,12.95,2371,3515,2016/11/9,707.0191,-6.02,4,7,許容,検出,3,4,2,2016/11/2,224.56,1,,,25350.36,8263.1,,-0.153537922,-0.123932687,-0.09072491,,,,,,
9503,9503.T,"The Kansai Electric Power Company, Incorporated",汎用,2000/1/4,2016/11/2,6147,2007/2/7,2450.6782,-69.3,0.026,2016/11/9,757.7275,0.72,2026/6/25,2308,206.79,12.33,2375,3522,10,2016/11/17,770.4046,199.58,12.11,2365,3507,-5,714.6797,2016/11/9,714.6797,222.94,12.95,2371,3515,2016/11/9,707.0191,-6.02,4,7,許容,検出,3,4,2,2016/11/2,224.56,1,,,25350.36,8263.1,,-0.148033813,-0.116147319,-0.084919504,,,,,,
NG=F|ETF,NG=F,Natural Gas Jul 26,汎用,2000/8/30,2016/10/12,5887,2005/12/13,15.78,-79.66,0.1239,2018/11/14,4.929,53.55,2026/6/25,3.298,2.74,0.28,2439,3543,10,2016/10/26,2.731,20.76,1.97,2429,3529,-5,3.0495,2016/10/21,3.0495,8.15,0.81,2432,3534,2020/6/26,1.432,-55.39,931,1353,早すぎ,検出,4,2,3,2016/10/12,218.81,1,,,,,,-0.144787727,-0.113088206,-0.079405743,,,,,,
8411.T,8411.T,"Mizuho Financial Group, Inc.",汎用,2003/3/12,2016/9/2,4923,2006/4/19,4776.3208,-75.03,0.0941,2018/1/16,1538.7584,29.02,2026/6/25,7725,547.73,20.98,2415,3583,10,2016/9/16,1140.6595,577.24,21.62,2405,3569,-5,1132.9957,2016/9/14,1132.9957,581.82,21.69,2407,3571,2020/3/13,820.3216,-31.22,881,1288,早すぎ,検出,3,2,1,2016/9/2,213.43,4,,,196815.51,30385.42,,-0.143269264,-0.113171329,-0.079405743,,,,,,
8411,8411.T,"Mizuho Financial Group, Inc.",汎用,2003/3/12,2016/9/2,4923,2006/4/19,4776.3208,-75.03,0.0941,2018/1/16,1538.7584,29.02,2026/6/25,7725,547.73,20.98,2415,3583,10,2016/9/16,1140.6595,577.24,21.62,2405,3569,-5,1132.9957,2016/9/14,1132.9957,581.82,21.69,2407,3571,2020/3/13,820.3216,-31.22,881,1288,早すぎ,検出,3,2,1,2016/9/2,213.43,4,,,196815.51,30385.42,,-0.143155809,-0.108265129,-0.072749674,,,,,,
6981.T,6981.T,"Murata Manufacturing Co., Ltd.",汎用,2001/1/4,2016/9/2,5720,2015/7/2,2003.6017,-36.1,0.1758,2016/10/31,1369.0025,6.93,2026/6/25,11825,823.65,25.44,2415,3583,10,2016/9/16,1220.8079,868.62,26.16,2405,3569,-5,1216.2358,2016/9/7,1216.2358,872.26,26.13,2412,3578,2016/11/9,1126.0033,-12.05,44,68,許容,検出,3,2,1,2016/9/2,213.43,4,,,201688.2,21836,,-0.144434152,-0.104181851,-0.065749597,,,,,,
6981,6981.T,"Murata Manufacturing Co., Ltd.",汎用,2001/1/4,2016/9/2,5720,2015/7/2,2003.6017,-36.1,0.1758,2016/10/31,1369.0025,6.93,2026/6/25,11825,823.65,25.44,2415,3583,10,2016/9/16,1220.8079,868.62,26.16,2405,3569,-5,1216.2358,2016/9/7,1216.2358,872.26,26.13,2412,3578,2016/11/9,1126.0033,-12.05,44,68,許容,検出,3,2,1,2016/9/2,213.43,4,,,201688.2,21836,,-0.143219118,-0.104988199,-0.065046859,,,,,,
AMKR,AMKR,"Amkor Technology, Inc.",汎用,1998/5/1,2016/8/5,6671,2000/3/24,60.6805,-87.66,0.0444,2019/10/30,14.1685,89.21,2026/6/25,86.425,1054.12,28.07,2484,3611,10,2016/8/19,8.6033,904.56,26.4,2474,3597,-5,7.114,2016/8/5,7.114,1114.86,28.74,2484,3611,2020/3/19,5.017,-33,910,1322,早すぎ,検出,2,3,1,2016/8/5,217.61,4,,,,,,-0.147500948,-0.109138893,-0.06418792,,,,,,
WBD,WBD,"Warner Bros. Discovery, Inc.",汎用,2005/7/8,2016/8/4,4045,2013/12/31,46.3771,-43.03,0.4978,2021/3/19,78.14,195.76,2026/6/25,27.105,2.59,0.26,2485,3612,10,2016/8/18,26.84,0.99,0.1,2475,3598,-5,25.099,2016/9/6,25.099,7.99,0.79,2463,3579,2024/8/13,6.64,-74.87,2018,2931,早すぎ,検出,3,4,2,2016/8/4,219.64,1,,,,,,-0.144939851,-0.107960189,-0.065943637,,,,,,
PPLT|ETF,PPLT,abrdn Physical Platinum Shares ETF,汎用,2010/1/8,2016/7/29,2394,2011/8/22,18.92,-41.8,0.4107,2016/8/10,11.377,3.31,2026/6/25,14.61,32.67,2.9,2489,3618,10,2016/8/12,10.801,35.27,3.11,2479,3604,-5,10.4614,2016/8/24,10.4614,39.66,3.45,2471,3592,2020/3/19,5.5,-50.05,915,1329,早すぎ,検出,4,3,2,2016/7/29,218.1,1,,,,,,-0.142524533,-0.106825388,-0.067641227,,,,,,
AXP,AXP,American Express Company,汎用,1972/6/1,2016/4/22,16031,2014/7/1,81.3092,-29.5,0.2414,2016/4/27,57.9674,1.12,2026/6/25,347.74,506.62,19.39,2557,3716,10,2016/5/6,56.0894,519.97,19.72,2547,3702,-5,54.4578,2016/5/17,54.4578,538.55,20.14,2540,3691,2016/6/28,49.6901,-13.32,46,67,許容,検出,3,2,1,2016/4/22,227.01,4,,,,,,-0.142524533,-0.106825388,-0.070026721,,,,,,
UCTT,UCTT,"Ultra Clean Holdings, Inc.",汎用,2004/3/25,2016/4/20,4409,2007/4/23,19.99,-72.69,0.03,2016/4/28,6,9.89,2026/6/25,120.5324,2107.55,35.53,2559,3718,10,2016/5/4,5.43,2119.75,35.76,2549,3704,-5,5.187,2016/5/13,5.187,2223.74,36.47,2542,3695,2016/5/17,5.01,-8.24,19,27,許容,検出,3,2,1,2016/4/20,225.37,4,,,,,,-0.136130294,-0.106825388,-0.070026721,,,,,,
6069,6069.T,"Trenders, Inc.",汎用,2012/10/22,2016/4/18,1274,2012/10/24,1810.3167,-88.77,0.01,2016/5/17,254.7207,25.24,2026/6/24,603,196.49,11.26,2507,3719,10,2016/5/6,210.0952,187.01,10.97,2497,3701,-5,193.2126,2016/6/14,193.2126,212.09,12.02,2470,3662,2016/6/14,187.1901,-7.96,37,57,許容,検出,3,4,2,2016/4/18,228.15,1,,,51.14,17.25,,-0.130141641,-0.106825388,-0.070026721,,,,,,
6301.T,6301.T,Komatsu Ltd.,汎用,2000/1/4,2016/4/15,5946,2007/10/15,2377.2265,-39.8,0.2089,2016/4/22,1453.8133,1.59,2026/6/25,6250,336.74,15.56,2509,3723,10,2016/5/2,1302.0341,380.02,16.72,2499,3706,-5,1359.511,2016/4/18,1359.511,359.72,16.16,2508,3720,2016/6/28,1181.1788,-17.46,48,74,早すぎ,検出,3,1,2,2016/4/15,230.51,4,,,59232.49,13562.41,,-0.143106139,-0.110527638,-0.076218744,,,,,,
6301,6301.T,Komatsu Ltd.,汎用,2000/1/4,2016/4/15,5946,2007/10/15,2377.2265,-39.8,0.2089,2016/4/22,1453.8133,1.59,2026/6/25,6250,336.74,15.56,2509,3723,10,2016/5/2,1302.0341,380.02,16.72,2499,3706,-5,1359.511,2016/4/18,1359.511,359.72,16.16,2508,3720,2016/6/28,1181.1788,-17.46,48,74,早すぎ,検出,3,1,2,2016/4/15,230.51,4,,,59232.49,13562.41,,-0.127100075,-0.090893972,-0.065118554,,,,,,
6857.T,6857.T,Advantest Corporation,汎用,2000/1/4,2015/11/20,5799,2000/1/4,2539.5842,-90.65,0.0167,2015/12/2,249.9887,5.29,2026/6/24,31180,13032,58.48,2606,3869,10,2015/12/7,245.0106,12625.98,58.33,2596,3852,-5,225.5634,2015/12/15,225.5634,13723.16,59.73,2590,3844,2016/1/18,198.2594,-16.5,36,59,早すぎ,検出,2,3,1,2015/11/20,227.66,4,,,212696.57,1619.68,,-0.107780521,-0.074396252,-0.052226238,,,,,,
6857,6857.T,Advantest Corporation,汎用,2000/1/4,2015/11/20,5799,2000/1/4,2539.5842,-90.65,0.0167,2015/12/2,249.9887,5.29,2026/6/24,31180,13032,58.48,2606,3869,10,2015/12/7,245.0106,12625.98,58.33,2596,3852,-5,225.5634,2015/12/15,225.5634,13723.16,59.73,2590,3844,2016/1/18,198.2594,-16.5,36,59,早すぎ,検出,2,3,1,2015/11/20,227.66,4,,,212696.57,1619.68,,-0.069522472,-0.040167812,-0.015836829,,,,,,
POWI,POWI,"Power Integrations, Inc.",汎用,1997/12/12,2015/10/16,6517,2014/3/21,30.5188,-30.49,0.2679,2015/11/9,23.8156,12.27,2026/6/25,86.23,306.49,14.02,2686,3905,10,2015/10/30,22.7459,279.1,13.33,2676,3891,-5,20.1526,2016/1/7,20.1526,327.88,14.9,2630,3822,2016/2/5,17.8083,-16.05,76,112,早すぎ,検出,2,3,1,2015/10/16,230.39,4,,,,,,0.032556091,0.064937274,0.073663708,,,,,,
SOYB|ETF,SOYB,Teucrium Soybean Fund,汎用,2011/9/19,2015/7/2,1382,2012/9/4,28.88,-28.91,0.4651,2016/6/10,21.95,6.92,2026/6/25,24.47,19.19,1.61,2760,4011,10,2015/7/17,20.05,22.04,1.84,2750,3996,-5,19.5035,2015/7/24,19.5035,25.46,2.1,2745,3989,2020/4/21,13.27,-35.36,1208,1755,早すぎ,検出,4,3,2,2015/7/2,218.3,1,,,,,,0.032556091,0.091737163,0.05890339,,,,,,
208A,208A.T,KOZO KEIKAKU ENGINEERING HOLDINGS Inc.,汎用,2000/3/23,2015/4/27,5513,2000/3/23,2720.0579,-79.83,0.0854,2015/5/13,567.4484,3.41,2026/6/24,2821,414.11,15.8,2745,4076,10,2015/5/15,513.8365,449.01,16.56,2735,4058,-5,521.2808,2015/5/8,521.2808,441.17,16.38,2740,4065,2015/8/25,345.8881,-36.96,81,120,早すぎ,検出,3,1,2,2015/4/27,207.74,4,,,303.91,59.11,,0.045515493,0.11215912,0.062243267,,,,,,
7157,7157.T,Lifenet Insurance Company,汎用,2012/3/15,2015/2/25,1077,2012/3/26,1326,-73.98,0.0091,2015/2/25,352,2.03,2026/6/24,1555,350.72,14.22,2788,4137,10,2015/3/11,384,304.95,13.19,2778,4123,-5,327.75,,,,,,,2015/2/27,336,-2.61,2,2,成功,検出,1,2,,2015/2/25,215.14,3,,,1316.78,292.15,,0.041002158,0.104036469,0.056538839,,,,,,
8473.T,8473.T,"SBI Holdings, Inc.",汎用,2001/1/4,2014/11/5,5053,2001/4/19,3420.2967,-87.68,0.0429,2015/6/4,576.5005,36.84,2026/6/25,2737.5,549.76,17.45,2862,4250,10,2014/11/19,429.6238,537.19,17.31,2852,4236,-5,400.2431,2014/12/16,400.2431,583.96,18.16,2834,4209,2016/2/12,286.8598,-31.91,309,464,早すぎ,検出,2,3,1,2014/11/5,227.72,4,,,17423.49,2681.53,,0.013718767,0.094260907,0.044680473,,,,,,
8473,8473.T,"SBI Holdings, Inc.",汎用,2001/1/4,2014/11/5,5053,2001/4/19,3420.2967,-87.68,0.0429,2015/6/4,576.5005,36.84,2026/6/25,2737.5,549.76,17.45,2862,4250,10,2014/11/19,429.6238,537.19,17.31,2852,4236,-5,400.2431,2014/12/16,400.2431,583.96,18.16,2834,4209,2016/2/12,286.8598,-31.91,309,464,早すぎ,検出,2,3,1,2014/11/5,227.72,4,,,17423.49,2681.53,,0.003276668,0.098239956,0.040690586,,,,,,
6085,6085.T,Architects Studio Japan Inc.,汎用,2013/12/18,2014/9/18,274,2013/12/26,179.6667,-48.7,0.479,2014/9/22,132.1667,43.4,2026/6/24,300,225.5,10.55,2892,4297,10,2014/10/3,95.0333,215.68,10.3,2882,4282,-5,87.5584,2014/9/18,87.5584,242.63,11.04,2892,4297,2020/3/23,11.7333,-87.27,1364,2013,早すぎ,検出,2,4,1,2014/9/18,220.64,3,,,246.69,75.79,,-0.008541693,0.102172669,0.031928297,,,,,,
7014.T,7014.T,"Namura Shipbuilding Co., Ltd.",汎用,2000/4/4,2014/9/5,5267,2007/10/31,1637.9,-45.51,0.5038,2014/11/26,1207.0766,35.25,2026/6/25,3640,307.85,12.65,2901,4311,10,2014/9/22,959.8381,279.23,12.01,2891,4294,-5,847.8705,2014/10/8,847.8705,329.31,13.25,2880,4278,2020/8/7,135.648,-84.8,1465,2163,早すぎ,検出,2,3,1,2014/9/5,217.91,4,,,2528.54,619.97,,-0.043336111,0.094945828,0.012474307,,,,,,
7014,7014.T,"Namura Shipbuilding Co., Ltd.",汎用,2000/4/4,2014/9/5,5267,2007/10/31,1637.9,-45.51,0.5038,2014/11/26,1207.0766,35.25,2026/6/25,3640,307.85,12.65,2901,4311,10,2014/9/22,959.8381,279.23,12.01,2891,4294,-5,847.8705,2014/10/8,847.8705,329.31,13.25,2880,4278,2020/8/7,135.648,-84.8,1465,2163,早すぎ,検出,2,3,1,2014/9/5,217.91,4,,,2528.54,619.97,,-0.048132345,0.091452511,-0.000988214,,,,,,
SIMO,SIMO,Silicon Motion Technology Corporation,汎用,2005/6/30,2013/9/27,3011,2007/7/16,20.4633,-53.77,0.0735,2013/10/2,9.8791,4.42,2026/6/25,330.76,3396.04,32.17,3203,4654,10,2013/10/11,9.527,3371.81,32.21,3193,4640,-5,8.9879,2013/10/24,8.9879,3580.04,32.92,3184,4627,2013/10/24,8.5883,-9.22,19,27,許容,検出,2,3,1,2013/9/27,266.02,4,,,,,,-0.052765037,0.102296221,-0.014337551,,,,,,
FORM,FORM,"FormFactor, Inc.",汎用,2003/6/12,2013/5/20,3630,2006/8/31,49.71,-88.59,0.0152,2013/7/22,7.75,36.68,2026/6/25,152.61,2591.53,28.58,3294,4784,10,2013/6/4,6.03,2430.85,28.08,3284,4769,-5,5.3865,2013/5/22,5.3865,2733.19,29.1,3292,4782,2013/11/20,4.99,-11.99,129,184,許容,検出,2,3,1,2013/5/20,273.37,4,,,,,,-0.054467192,0.122910196,-0.08555325,,,,,,
6472.T,6472.T,NTN Corporation,汎用,2000/1/4,2013/5/14,4879,2007/11/1,756.4102,-68.32,0.1575,2015/6/17,633.4664,164.39,2026/6/25,421,75.71,4.39,3227,4790,10,2013/5/28,258.615,62.79,3.8,3217,4776,-5,227.6192,2013/6/3,227.6192,84.96,4.82,3213,4770,2020/4/6,142.9904,-40.32,1708,2519,早すぎ,検出,3,4,2,2013/5/14,276.72,1,,,2430.34,1383.16,,-0.056071379,0.122910196,-0.122856664,,,,,,
6472,6472.T,NTN Corporation,汎用,2000/1/4,2013/5/14,4879,2007/11/1,756.4102,-68.32,0.1575,2015/6/17,633.4664,164.39,2026/6/25,421,75.71,4.39,3227,4790,10,2013/5/28,258.615,62.79,3.8,3217,4776,-5,227.6192,2013/6/3,227.6192,84.96,4.82,3213,4770,2020/4/6,142.9904,-40.32,1708,2519,早すぎ,検出,3,4,2,2013/5/14,276.72,1,,,2430.34,1383.16,,-0.077509431,0.098690424,-0.127469075,,,,,,
6723.T,6723.T,Renesas Electronics Corporation,汎用,2003/7/24,2013/5/10,3578,2003/10/21,9397.9626,-96.85,0.0012,2013/5/10,299.4305,1.3,2026/6/24,4661,1476.9,23.39,3228,4793,10,2013/5/24,489.102,852.97,18.8,3218,4779,-5,280.8003,,,,,,,2013/5/10,284.9886,-3.58,0,0,成功,検出,1,2,,2013/5/10,278.92,3,,,87449.01,5545.63,,-0.10194176,0.073558339,-0.13264334,,,,,,
6723,6723.T,Renesas Electronics Corporation,汎用,2003/7/24,2013/5/10,3578,2003/10/21,9397.9626,-96.85,0.0012,2013/5/10,299.4305,1.3,2026/6/24,4661,1476.9,23.39,3228,4793,10,2013/5/24,489.102,852.97,18.8,3218,4779,-5,280.8003,,,,,,,2013/5/10,284.9886,-3.58,0,0,成功,検出,1,2,,2013/5/10,278.92,3,,,87449.01,5545.63,,-0.113640185,0.05458919,-0.131433978,,,,,,
3659.T,3659.T,"NEXON Co., Ltd.",汎用,2011/12/14,2013/4/17,490,2012/7/10,789.1408,-35.19,0.3382,2013/7/24,645.1046,26.14,2026/6/25,2134,317.28,11.44,3243,4817,10,2013/5/2,535.3195,298.64,11.09,3233,4802,-5,485.8424,2013/6/3,485.8424,339.24,12,3213,4770,2014/4/11,369.5051,-27.75,241,359,早すぎ,検出,2,4,1,2013/4/17,301.6,3,,,18096.42,4336.76,,-0.125162882,0.036370231,-0.130323979,,,,,,
3659,3659.T,"NEXON Co., Ltd.",汎用,2011/12/14,2013/4/17,490,2012/7/10,789.1408,-35.19,0.3382,2013/7/24,645.1046,26.14,2026/6/25,2134,317.28,11.44,3243,4817,10,2013/5/2,535.3195,298.64,11.09,3233,4802,-5,485.8424,2013/6/3,485.8424,339.24,12,3213,4770,2014/4/11,369.5051,-27.75,241,359,早すぎ,検出,2,4,1,2013/4/17,301.6,3,,,18096.42,4336.76,,-0.119444611,0.023097036,-0.130265479,,,,,,
9506.T,9506.T,"Tohoku Electric Power Company, Incorporated",汎用,2001/1/1,2013/4/12,4484,2007/2/7,2290.353,-67.96,0.1191,2015/8/18,1431.1154,95,2026/6/25,1044,42.25,2.71,3246,4822,10,2013/4/26,745.7082,40,2.59,3236,4808,-5,697.2115,2013/4/12,697.2115,49.74,3.11,3246,4822,2022/10/13,523.4487,-28.68,2342,3471,早すぎ,検出,3,4,2,2013/4/12,291.22,1,,,5346.71,3758.67,,-0.112982156,0.010847608,-0.13019491,,,,,,
9506,9506.T,"Tohoku Electric Power Company, Incorporated",汎用,2001/1/1,2013/4/12,4484,2007/2/7,2290.353,-67.96,0.1191,2015/8/18,1431.1154,95,2026/6/25,1044,42.25,2.71,3246,4822,10,2013/4/26,745.7082,40,2.59,3236,4808,-5,697.2115,2013/4/12,697.2115,49.74,3.11,3246,4822,2022/10/13,523.4487,-28.68,2342,3471,早すぎ,検出,3,4,2,2013/4/12,291.22,1,,,5346.71,3758.67,,-0.113531974,-0.007982615,-0.13489183,,,,,,
5801.T,5801.T,"Furukawa Electric Co., Ltd.",汎用,2000/1/4,2013/4/12,4847,2000/10/23,25000.017,-92.62,0.0203,2013/5/22,2485.1845,34.71,2026/6/25,49920,2605.94,28.38,3246,4822,10,2013/4/26,1844.83,2605.94,28.47,3236,4808,-5,1752.5885,2013/4/16,1752.5885,2748.36,28.91,3244,4818,2014/10/28,1365.8401,-25.96,379,564,早すぎ,検出,2,3,1,2013/4/12,291.22,4,,,28139.92,1039.93,,-0.114237398,-0.010952162,-0.141914369,,,,,,
5801,5801.T,"Furukawa Electric Co., Ltd.",汎用,2000/1/4,2013/4/12,4847,2000/10/23,25000.017,-92.62,0.0203,2013/5/22,2485.1845,34.71,2026/6/25,49920,2605.94,28.38,3246,4822,10,2013/4/26,1844.83,2605.94,28.47,3236,4808,-5,1752.5885,2013/4/16,1752.5885,2748.36,28.91,3244,4818,2014/10/28,1365.8401,-25.96,379,564,早すぎ,検出,2,3,1,2013/4/12,291.22,4,,,28139.92,1039.93,,-0.073818462,0.019586757,-0.136100178,,,,,,
RMBS,RMBS,Rambus Inc.,汎用,1997/5/14,2013/4/9,5809,2000/6/23,127,-95.27,0.0026,2013/4/16,7.4,23.13,2026/6/25,125.91,1995.01,25.9,3323,4825,10,2013/4/23,6.04,1984.6,25.93,3313,4811,-5,5.7095,2013/4/19,5.7095,2105.27,26.45,3315,4815,2013/4/19,5.69,-5.32,8,10,許容,検出,2,3,1,2013/4/9,296.7,4,,,,,,0.000978471,0.053234273,-0.127615695,,,,,,
7974.T,7974.T,"Nintendo Co., Ltd.",汎用,2001/1/4,2013/3/12,4450,2007/11/1,4814.6606,-83.47,0.0256,2013/4/11,931.3505,17.02,2026/6/24,6880,764.43,17.63,3267,4852,10,2013/3/27,776.2522,786.31,17.91,3257,4837,-5,756.1077,2013/3/26,756.1077,809.92,18.14,3258,4838,2013/6/7,690.3398,-13.26,59,87,許容,検出,3,2,1,2013/3/12,296.38,4,,,82219.74,9511.44,,0.023243334,0.051276914,-0.127615695,,,,,,
7974,7974.T,"Nintendo Co., Ltd.",汎用,2001/1/4,2013/3/12,4450,2007/11/1,4814.6606,-83.47,0.0256,2013/4/11,931.3505,17.02,2026/6/24,6880,764.43,17.63,3267,4852,10,2013/3/27,776.2522,786.31,17.91,3257,4837,-5,756.1077,2013/3/26,756.1077,809.92,18.14,3258,4838,2013/6/7,690.3398,-13.26,59,87,許容,検出,3,2,1,2013/3/12,296.38,4,,,82219.74,9511.44,,0.043898748,0.063561252,-0.126106959,,,,,,
EA,EA,Electronic Arts Inc.,汎用,1989/9/20,2013/2/4,8538,2005/3/9,69.0578,-77.52,0.0011,2013/2/4,15.7117,1.19,2026/6/25,204.585,1217.58,21.24,3367,4889,10,2013/2/19,17.0703,1098.48,20.46,3357,4874,-5,14.7509,,,,,,,2013/2/4,15.4691,-0.37,0,0,成功,検出,1,2,,2013/2/4,305.57,3,,,,,,0.061949411,0.076428545,-0.122437412,,,,,,
MS,MS,Morgan Stanley,汎用,1993/2/23,2013/1/23,7274,2000/9/12,53.3946,-69.43,0.0457,2013/2/20,17.6579,8.18,2026/6/23,226.03,1284.72,21.65,3373,4899,10,2013/2/6,16.8786,1239.15,21.41,3363,4885,-5,15.507,2013/4/2,15.507,1357.6,22.46,3326,4830,2013/4/19,14.5478,-10.88,60,86,許容,検出,2,3,1,2013/1/23,305.4,4,,,,,,0.055973035,0.055151681,-0.120384025,,,,,,
6758.T,6758.T,Sony Group Corporation,汎用,2000/1/4,2013/1/21,4766,2000/3/1,2795.3661,-92.23,0.0039,2013/1/21,226.2572,4.21,2026/6/24,3198,1372.97,22.19,3302,4902,10,2013/2/4,266.497,1100.01,20.4,3292,4888,-5,206.2562,,,,,,,2013/1/24,207.052,-4.63,3,3,成功,検出,1,2,,2013/1/22,304.83,3,,,199077.5,13515.38,,0.085153952,0.035718138,-0.119654063,,,,,,
6758,6758.T,Sony Group Corporation,汎用,2000/1/4,2013/1/21,4766,2000/3/1,2795.3661,-92.23,0.0039,2013/1/21,226.2572,4.21,2026/6/24,3198,1372.97,22.19,3302,4902,10,2013/2/4,266.497,1100.01,20.4,3292,4888,-5,206.2562,,,,,,,2013/1/24,207.052,-4.63,3,3,成功,検出,1,2,,2013/1/22,304.83,3,,,199077.5,13515.38,,0.077626509,0.023661653,-0.126313536,,,,,,
ON,ON,ON Semiconductor Corporation,汎用,2000/5/2,2013/1/14,4640,2000/6/26,26.8125,-71.43,0.0449,2014/4/10,10.07,31.46,2026/6/25,118.655,1449.02,22.61,3381,4910,10,2013/1/29,7.8,1421.22,22.52,3371,4895,-5,7.277,2013/4/19,7.277,1530.55,23.58,3315,4815,2014/10/15,6.76,-11.75,442,639,許容,検出,2,3,1,2013/1/14,308.45,4,,,,,,0.047632512,0.008726396,-0.133965124,,,,,,
5333.T,5333.T,NGK Corporation,汎用,2000/1/4,2013/1/4,4749,2007/11/5,2854.8263,-73.11,0.0401,2013/1/21,798.8836,4.07,2026/6/25,7853,922.99,18.84,3313,4920,10,2013/1/21,790.1685,893.84,18.66,3303,4903,-5,729.272,2013/2/1,729.272,976.83,19.42,3294,4892,2013/2/8,680.5037,-11.35,24,35,許容,検出,2,3,1,2013/1/4,310.45,4,,,21026.31,2055.38,,0.051584707,0.004551694,-0.133965124,,,,,,
5333,5333.T,NGK Corporation,汎用,2000/1/4,2013/1/4,4749,2007/11/5,2854.8263,-73.11,0.0401,2013/1/21,798.8836,4.07,2026/6/25,7853,922.99,18.84,3313,4920,10,2013/1/21,790.1685,893.84,18.66,3303,4903,-5,729.272,2013/2/1,729.272,976.83,19.42,3294,4892,2013/2/8,680.5037,-11.35,24,35,許容,検出,2,3,1,2013/1/4,310.45,4,,,21026.31,2055.38,,0.062393381,-0.000273299,-0.13436365,,,,,,
7733.T,7733.T,Olympus Corporation,汎用,2000/1/4,2012/12/20,4734,2007/10/9,1173.4064,-69.9,0.0119,2012/12/21,363.7785,2.98,2026/6/25,1635.5,362.99,12.01,3319,4935,10,2013/1/10,394.456,314.62,11.15,3309,4914,-5,335.5852,,,,,,,2012/12/21,343.4033,-2.79,1,1,成功,検出,1,3,,2012/12/20,316.48,2,,,18778.96,4056.02,,0.072836153,-0.011998436,-0.13477284,,,,,,
7733,7733.T,Olympus Corporation,汎用,2000/1/4,2012/12/20,4734,2007/10/9,1173.4064,-69.9,0.0119,2012/12/21,363.7785,2.98,2026/6/25,1635.5,362.99,12.01,3319,4935,10,2013/1/10,394.456,314.62,11.15,3309,4914,-5,335.5852,,,,,,,2012/12/21,343.4033,-2.79,1,1,成功,検出,1,3,,2012/12/20,316.48,2,,,18778.96,4056.02,,0.089836684,-0.020576448,-0.140741589,,,,,,
2768.T,2768.T,Sojitz Corporation,汎用,2000/1/4,2012/12/20,4734,2001/6/14,5717.5549,-93.67,0.0011,2012/12/20,365.1506,0.83,2026/6/25,5235,1345.5,21.86,3319,4935,10,2013/1/10,407.0532,1186.07,20.91,3309,4914,-5,344.0497,,,,,,,2012/12/20,356.1715,-1.65,0,0,成功,検出,1,2,,2012/12/20,316.48,3,,,10875.31,752.36,,0.106630379,-0.024711108,-0.146990027,,,,,,
2768,2768.T,Sojitz Corporation,汎用,2000/1/4,2012/12/20,4734,2001/6/14,5717.5549,-93.67,0.0011,2012/12/20,365.1506,0.83,2026/6/25,5235,1345.5,21.86,3319,4935,10,2013/1/10,407.0532,1186.07,20.91,3309,4914,-5,344.0497,,,,,,,2012/12/20,356.1715,-1.65,0,0,成功,検出,1,2,,2012/12/20,316.48,3,,,10875.31,752.36,,0.152239371,-0.023532299,-0.14393177,,,,,,
9107.T,9107.T,"Kawasaki Kisen Kaisha, Ltd.",汎用,2000/1/4,2012/12/19,4733,2007/10/15,1137.1132,-92.2,0.0307,2015/3/3,276.285,211.69,2026/6/25,2447,2660.61,27.83,3320,4936,10,2013/1/9,102.9366,2277.19,26.55,3310,4915,-5,84.2078,2019/8/13,84.2078,2805.91,63.34,1675,2508,2020/3/19,55.3857,-37.52,1790,2647,早すぎ,検出,2,3,1,2012/12/19,319.87,4,,,16081.23,582.52,,0.193327227,-0.107807832,-0.143802467,,,,,,
9107,9107.T,"Kawasaki Kisen Kaisha, Ltd.",汎用,2000/1/4,2012/12/19,4733,2007/10/15,1137.1132,-92.2,0.0307,2015/3/3,276.285,211.69,2026/6/25,2447,2660.61,27.83,3320,4936,10,2013/1/9,102.9366,2277.19,26.55,3310,4915,-5,84.2078,2019/8/13,84.2078,2805.91,63.34,1675,2508,2020/3/19,55.3857,-37.52,1790,2647,早すぎ,検出,2,3,1,2012/12/19,319.87,4,,,16081.23,582.52,,0.281016671,-0.142409828,-0.136699184,,,,,,
6702.T,6702.T,Fujitsu Limited,汎用,2000/1/4,2012/12/18,4732,2000/1/4,3671.518,-92.37,0.0015,2012/12/18,280.1616,0,2026/6/25,3187,1037.56,19.71,3321,4937,10,2013/1/8,286.9125,1010.79,19.59,3311,4916,-5,266.1535,,,,,,,2012/12/18,275.0984,-1.81,0,0,成功,検出,1,2,,2012/12/18,318.29,3,,,57698.71,5072.15,,0.38410327,-0.125165669,-0.127381853,,,,,,
6702,6702.T,Fujitsu Limited,汎用,2000/1/4,2012/12/18,4732,2000/1/4,3671.518,-92.37,0.0015,2012/12/18,280.1616,0,2026/6/25,3187,1037.56,19.71,3321,4937,10,2013/1/8,286.9125,1010.79,19.59,3311,4916,-5,266.1535,,,,,,,2012/12/18,275.0984,-1.81,0,0,成功,検出,1,2,,2012/12/18,318.29,3,,,57698.71,5072.15,,0.363026837,-0.120391327,-0.129000529,,,,,,
7012.T,7012.T,"Kawasaki Heavy Industries, Ltd.",汎用,2004/11/5,2012/12/14,2961,2007/7/23,818.925,-61.4,0.1557,2015/4/28,1054.5673,233.65,2026/6/25,2941.5,830.65,17.93,3323,4941,10,2013/1/4,370.2987,694.36,16.63,3313,4920,-5,300.2674,2020/3/9,300.2674,879.63,43.7,1538,2299,2020/10/29,223.347,-29.34,1942,2876,早すぎ,検出,2,3,1,2012/12/14,325.66,4,,,23570.92,2532.74,,0.313122777,-0.117874488,-0.126182019,,,,,,
7012,7012.T,"Kawasaki Heavy Industries, Ltd.",汎用,2004/11/5,2012/12/14,2961,2007/7/23,818.925,-61.4,0.1557,2015/4/28,1054.5673,233.65,2026/6/25,2941.5,830.65,17.93,3323,4941,10,2013/1/4,370.2987,694.36,16.63,3313,4920,-5,300.2674,2020/3/9,300.2674,879.63,43.7,1538,2299,2020/10/29,223.347,-29.34,1942,2876,早すぎ,検出,2,3,1,2012/12/14,325.66,4,,,23570.92,2532.74,,0.269958348,-0.116481648,-0.12444807,,,,,,
BAC,BAC,Bank of America Corporation,汎用,1973/2/21,2012/12/7,14534,2007/10/11,36.8537,-77.57,0.0049,2012/12/7,8.298,0.38,2026/6/23,57.91,600.5,15.46,3403,4946,10,2012/12/21,8.772,560.17,15,3393,4932,-5,7.8536,,,,,,,2012/12/10,8.1271,-1.69,1,3,成功,検出,1,2,,2012/12/7,327.36,3,,,,,,0.234835851,-0.114436634,-0.125346971,,,,,,
4183.T,4183.T,"Mitsui Chemicals, Inc.",汎用,2000/1/4,2012/11/20,4704,2007/10/5,1736.3296,-82.73,0.0023,2012/11/26,327.9811,9.39,2026/6/25,2187,629.43,15.74,3340,4965,10,2012/12/5,301.4776,625.43,15.74,3330,4950,-5,284.83,,,,,,,2012/12/5,296.5082,-1.1,10,15,成功,検出,1,2,,2012/11/20,341.27,3,,,8031.93,1101.12,,0.204247837,-0.111611195,-0.125346971,,,,,,
4183,4183.T,"Mitsui Chemicals, Inc.",汎用,2000/1/4,2012/11/20,4704,2007/10/5,1736.3296,-82.73,0.0023,2012/11/26,327.9811,9.39,2026/6/25,2187,629.43,15.74,3340,4965,10,2012/12/5,301.4776,625.43,15.74,3330,4950,-5,284.83,,,,,,,2012/12/5,296.5082,-1.1,10,15,成功,検出,1,2,,2012/11/20,341.27,3,,,8031.93,1101.12,,0.158756326,-0.115338994,-0.12918005,,,,,,
8725.T,8725.T,"MS&AD Insurance Group Holdings, Inc.",汎用,2008/4/1,2012/9/19,1632,2008/5/2,790.3928,-64.6,0.0429,2012/10/19,288.5287,3.12,2026/6/25,4252,1419.67,21.86,3383,5027,10,2012/10/3,273.3219,1455.67,22.14,3373,5013,-5,265.807,2012/10/10,265.807,1499.66,22.42,3369,5006,2012/11/13,256.9146,-8.18,38,55,許容,検出,3,2,1,2012/9/19,325.3,4,,,64585.31,4249.96,,0.149378678,-0.12298154,-0.136124744,,,,,,
8725,8725.T,"MS&AD Insurance Group Holdings, Inc.",汎用,2008/4/1,2012/9/19,1632,2008/5/2,790.3928,-64.6,0.0429,2012/10/19,288.5287,3.12,2026/6/25,4252,1419.67,21.86,3383,5027,10,2012/10/3,273.3219,1455.67,22.14,3373,5013,-5,265.807,2012/10/10,265.807,1499.66,22.42,3369,5006,2012/11/13,256.9146,-8.18,38,55,許容,検出,3,2,1,2012/9/19,325.3,4,,,64585.31,4249.96,,0.150893753,-0.125411811,-0.137796381,,,,,,
ILMN,ILMN,"Illumina, Inc.",汎用,2000/7/28,2012/9/17,4434,2011/7/6,77.2374,-39.92,0.0843,2012/10/5,51.5272,11.05,2026/6/25,180.875,289.81,10.39,3461,5029,10,2012/10/1,47.6946,279.24,10.2,3451,5015,-5,44.0808,2012/10/23,44.0808,310.33,10.88,3435,4993,2012/10/24,43.5603,-6.12,27,37,許容,検出,3,4,2,2012/9/17,324.95,1,,,,,,0.147512605,-0.124181011,-0.136575489,,,,,,
C,C,Citigroup Inc.,汎用,1977/1/3,2012/9/10,13034,2006/12/28,378.652,-93.81,0.0011,2012/9/11,25.3858,8.36,2026/6/23,144.97,518.79,14.14,3464,5034,10,2012/9/24,24.6497,488.12,13.76,3454,5020,-5,22.2565,,,,,,,2012/9/11,23.0525,-1.6,1,1,成功,検出,1,2,,2012/9/10,338.14,3,,,,,,0.142800723,-0.124181011,-0.128663376,,,,,,
GS,GS,"The Goldman Sachs Group, Inc.",汎用,1999/5/4,2012/9/7,4875,2007/10/31,183.5348,-51.02,0.0353,2012/9/14,94.7437,5.39,2026/6/23,1094.4399,1117.42,19.87,3465,5037,10,2012/9/21,90.1997,1113.35,19.9,3455,5023,-5,85.4034,,,,,,,2012/9/26,86.4748,-3.81,13,19,成功,検出,1,2,,2012/9/7,334.86,3,,,,,,0.144194975,-0.124181011,-0.128663376,,,,,,
NVDA,NVDA,NVIDIA Corporation,汎用,1999/1/22,2012/8/13,4952,2007/10/18,0.9082,-62.67,0.1283,2012/8/14,0.3406,0.49,2026/6/23,200.04,58908.85,58.47,3483,5062,10,2012/8/27,0.3285,60792.44,59.03,3473,5048,-5,0.3221,2012/8/30,0.3221,62014.58,59.3,3470,5045,2012/11/16,0.2553,-24.7,66,95,早すぎ,検出,3,2,1,2012/8/13,346.61,4,,,,,,0.145513054,-0.121671029,-0.128663376,,,,,,
7951.T,7951.T,Yamaha Corporation,汎用,2000/1/4,2012/3/29,4468,2007/4/23,715.5427,-67.96,0.1011,2012/3/29,231.9308,1.16,2026/6/24,1127.5,391.8,11.84,3501,5200,10,2012/4/12,213.782,427.41,12.42,3491,5186,-5,217.7988,2012/4/9,217.7988,417.68,12.27,3494,5189,2012/6/4,174.5486,-23.86,44,67,早すぎ,検出,3,1,2,2012/3/29,339.84,4,,,5118.2,1040.71,,0.108641915,-0.119254567,-0.128663376,,,,,,
7951,7951.T,Yamaha Corporation,汎用,2000/1/4,2012/3/29,4468,2007/4/23,715.5427,-67.96,0.1011,2012/3/29,231.9308,1.16,2026/6/24,1127.5,391.8,11.84,3501,5200,10,2012/4/12,213.782,427.41,12.42,3491,5186,-5,217.7988,2012/4/9,217.7988,417.68,12.27,3494,5189,2012/6/4,174.5486,-23.86,44,67,早すぎ,検出,3,1,2,2012/3/29,339.84,4,,,5118.2,1040.71,,0.061152602,-0.125848465,-0.135882147,,,,,,
1808.T,1808.T,HASEKO Corporation,汎用,2001/1/1,2012/3/13,4089,2007/2/23,1531.2153,-86.07,0.0519,2012/3/14,225.868,5.88,2026/6/25,2761,1194.3,19.63,3513,5217,10,2012/3/28,216.4568,1175.54,19.57,3503,5202,-5,202.6538,2012/4/9,202.6538,1262.42,20.18,3495,5190,2012/9/6,141.1675,-33.82,122,177,早すぎ,検出,2,3,1,2012/3/13,336.02,4,,,7476.2,577.63,,0.053707653,-0.132953749,-0.138839857,,,,,,
1808,1808.T,HASEKO Corporation,汎用,2001/1/1,2012/3/13,4089,2007/2/23,1531.2153,-86.07,0.0519,2012/3/14,225.868,5.88,2026/6/25,2761,1194.3,19.63,3513,5217,10,2012/3/28,216.4568,1175.54,19.57,3503,5202,-5,202.6538,2012/4/9,202.6538,1262.42,20.18,3495,5190,2012/9/6,141.1675,-33.82,122,177,早すぎ,検出,2,3,1,2012/3/13,336.02,4,,,7476.2,577.63,,0.068364772,-0.130050788,-0.131745774,,,,,,
5201.T,5201.T,AGC Inc.,汎用,2000/1/4,2012/2/28,4438,2006/1/13,4739.8925,-52.98,0.2727,2012/2/29,2268.2953,1.77,2026/6/25,7264,225.9,8.6,3523,5231,10,2012/3/13,2122.9307,242.17,8.99,3513,5217,-5,2117.4795,2012/3/7,2117.4795,243.05,9,3517,5223,2012/7/26,1287.5677,-42.23,102,149,早すぎ,検出,4,3,2,2012/2/28,338.9,1,,,14623.31,4487.06,,0.072022679,-0.127032056,-0.13303663,,,,,,
5201,5201.T,AGC Inc.,汎用,2000/1/4,2012/2/28,4438,2006/1/13,4739.8925,-52.98,0.2727,2012/2/29,2268.2953,1.77,2026/6/25,7264,225.9,8.6,3523,5231,10,2012/3/13,2122.9307,242.17,8.99,3513,5217,-5,2117.4795,2012/3/7,2117.4795,243.05,9,3517,5223,2012/7/26,1287.5677,-42.23,102,149,早すぎ,検出,4,3,2,2012/2/28,338.9,1,,,14623.31,4487.06,,0.074177197,-0.131600071,-0.141066504,,,,,,
3401.T,3401.T,Teijin Limited,汎用,2000/1/4,2012/2/27,4437,2006/5/10,2823.838,-66.75,0.1733,2012/3/28,1013.9881,8.01,2026/6/25,1631,73.73,3.93,3524,5232,10,2012/3/12,928.5713,75.65,4.02,3514,5218,-5,891.8725,2012/3/7,891.8725,82.87,4.31,3517,5223,2012/11/14,543.7584,-42.08,180,261,早すぎ,検出,4,3,2,2012/2/27,343.05,1,,,3315.26,1908.28,,0.065621246,-0.136467807,-0.145416965,,,,,,
3401,3401.T,Teijin Limited,汎用,2000/1/4,2012/2/27,4437,2006/5/10,2823.838,-66.75,0.1733,2012/3/28,1013.9881,8.01,2026/6/25,1631,73.73,3.93,3524,5232,10,2012/3/12,928.5713,75.65,4.02,3514,5218,-5,891.8725,2012/3/7,891.8725,82.87,4.31,3517,5223,2012/11/14,543.7584,-42.08,180,261,早すぎ,検出,4,3,2,2012/2/27,343.05,1,,,3315.26,1908.28,,0.034926159,-0.153402513,-0.157061451,,,,,,
8308.T,8308.T,"Resona Holdings, Inc.",汎用,2000/1/4,2012/2/17,4427,2000/1/7,3835.1202,-94.12,0.0142,2012/3/19,253.9294,12.63,2026/6/25,2107,834.59,16.85,3530,5242,10,2012/3/2,236.9603,789.18,16.49,3520,5228,-5,214.1734,2012/4/24,214.1734,883.78,17.51,3484,5175,2012/6/4,173.5965,-23,72,108,早すぎ,検出,2,3,1,2012/2/17,345.16,4,,,50362.97,5388.78,,0.01071867,-0.171900929,-0.169560731,,,,,,
8308,8308.T,"Resona Holdings, Inc.",汎用,2000/1/4,2012/2/17,4427,2000/1/7,3835.1202,-94.12,0.0142,2012/3/19,253.9294,12.63,2026/6/25,2107,834.59,16.85,3530,5242,10,2012/3/2,236.9603,789.18,16.49,3520,5228,-5,214.1734,2012/4/24,214.1734,883.78,17.51,3484,5175,2012/6/4,173.5965,-23,72,108,早すぎ,検出,2,3,1,2012/2/17,345.16,4,,,50362.97,5388.78,,0.009306352,-0.172516869,-0.169211771,,,,,,
6762.T,6762.T,TDK Corporation,汎用,2000/1/4,2012/2/17,4427,2000/8/28,766.7149,-72.58,0.1092,2012/4/2,252.7586,20.22,2026/6/25,3908,1758.8,22.58,3530,5242,10,2012/3/2,225.2603,1634.88,22.06,3520,5228,-5,199.7308,2012/5/7,199.7308,1856.63,23.42,3478,5162,2012/7/25,141.9939,-32.46,108,159,早すぎ,検出,2,3,1,2012/2/17,345.16,4,,,70212.72,3777.31,,-0.132133492,-0.177438738,-0.168839628,,,,,,
6762,6762.T,TDK Corporation,汎用,2000/1/4,2012/2/17,4427,2000/8/28,766.7149,-72.58,0.1092,2012/4/2,252.7586,20.22,2026/6/25,3908,1758.8,22.58,3530,5242,10,2012/3/2,225.2603,1634.88,22.06,3520,5228,-5,199.7308,2012/5/7,199.7308,1856.63,23.42,3478,5162,2012/7/25,141.9939,-32.46,108,159,早すぎ,検出,2,3,1,2012/2/17,345.16,4,,,70212.72,3777.31,,-0.191775787,-0.179045952,-0.157329497,,,,,,
8630.T,8630.T,"Sompo Holdings, Inc.",汎用,2010/4/1,2012/2/2,672,2010/4/15,590.2787,-41.07,0.171,2012/3/15,421.284,21.11,2026/6/25,6105,1655.03,22.03,3541,5257,10,2012/2/16,376.9815,1519.44,21.41,3531,5243,-5,330.464,2012/5/7,330.464,1747.4,22.92,3478,5162,2012/8/31,297.8613,-14.37,146,211,許容,検出,2,3,1,2012/2/2,355.39,4,,,59200.26,3373.18,,-0.183702657,-0.177101163,-0.146268564,,,,,,
8630,8630.T,"Sompo Holdings, Inc.",汎用,2010/4/1,2012/2/2,672,2010/4/15,590.2787,-41.07,0.171,2012/3/15,421.284,21.11,2026/6/25,6105,1655.03,22.03,3541,5257,10,2012/2/16,376.9815,1519.44,21.41,3531,5243,-5,330.464,2012/5/7,330.464,1747.4,22.92,3478,5162,2012/8/31,297.8613,-14.37,146,211,許容,検出,2,3,1,2012/2/2,355.39,4,,,59200.26,3373.18,,-0.175302743,-0.174188246,-0.143494516,,,,,,
8601.T,8601.T,Daiwa Securities Group Inc.,汎用,2000/1/4,2012/1/24,4403,2000/2/9,953.8745,-84.01,0.0273,2012/3/14,198.1227,29.86,2026/6/25,1589.5,941.81,17.65,3548,5266,10,2012/2/7,153.6686,934.37,17.64,3538,5252,-5,144.9424,2012/5/15,144.9424,996.64,18.5,3472,5154,2012/6/4,130.0999,-14.73,90,132,許容,検出,2,3,1,2012/1/24,364.84,4,,,23350.35,2241.33,,-0.164568476,-0.167915493,-0.142196815,,,,,,
8601,8601.T,Daiwa Securities Group Inc.,汎用,2000/1/4,2012/1/24,4403,2000/2/9,953.8745,-84.01,0.0273,2012/3/14,198.1227,29.86,2026/6/25,1589.5,941.81,17.65,3548,5266,10,2012/2/7,153.6686,934.37,17.64,3538,5252,-5,144.9424,2012/5/15,144.9424,996.64,18.5,3472,5154,2012/6/4,130.0999,-14.73,90,132,許容,検出,2,3,1,2012/1/24,364.84,4,,,23350.35,2241.33,,-0.159470744,-0.165712525,-0.14384615,,,,,,
UMC,UMC,United Microelectronics Corporation,汎用,2000/9/19,2012/1/23,4143,2000/9/21,6.6737,-80.05,0.0807,2014/7/15,1.4983,12.52,2026/6/25,27.7,1980.2,23.43,3626,5267,10,2012/2/6,1.3945,1886.39,23.1,3616,5253,-5,1.265,2012/4/5,1.265,2089.69,24.24,3574,5194,2015/8/24,0.8627,-35.22,902,1309,早すぎ,検出,2,3,1,2012/1/23,363.48,4,,,,,,-0.154088647,-0.16593085,-0.143603387,,,,,,
CSCO,CSCO,"Cisco Systems, Inc.",汎用,1990/2/16,2011/10/31,7927,2000/3/27,52.7722,-77.15,0.0514,2012/4/2,13.9091,15.33,2026/6/23,121.15,904.55,17.06,3680,5349,10,2011/11/14,12.3269,882.81,16.94,3670,5335,-5,11.4571,2011/11/1,11.4571,957.42,17.48,3679,5348,2012/7/25,9.8519,-18.31,184,268,早すぎ,検出,2,3,1,2011/10/31,378.55,4,,,,,,-0.148865813,-0.16593085,-0.14327608,,,,,,
MPWR,MPWR,"Monolithic Power Systems, Inc.",汎用,2004/11/19,2011/4/25,2348,2008/8/11,24.8379,-47.02,0.3018,2011/4/29,15.858,20.52,2026/6/25,1448.05,10905.09,36.33,3814,5540,10,2011/5/9,13.8928,10323.01,35.95,3804,5526,-5,12.5001,2011/6/16,12.5001,11484.31,37.2,3777,5488,2011/10/4,8.1084,-38.38,113,162,早すぎ,検出,2,3,1,2011/4/25,327.17,4,,,,,,-0.148865813,-0.16593085,-0.14327608,,,,,,
5233.T,5233.T,Taiheiyo Cement Corporation,汎用,2000/1/4,2011/2/18,4063,2006/4/7,4054.9122,-77.98,0.0551,2011/3/14,1084.3944,21.43,2026/6/25,4092,358.21,10.43,3775,5606,10,2011/3/4,829.243,393.46,10.99,3765,5592,-5,848.3794,2011/2/24,848.3794,382.33,10.81,3771,5600,2011/3/15,708.7547,-20.63,17,25,早すぎ,検出,3,1,2,2011/2/18,328.29,4,,,4454.16,972.08,,-0.154504942,-0.170478043,-0.133682358,,,,,,
5233,5233.T,Taiheiyo Cement Corporation,汎用,2000/1/4,2011/2/18,4063,2006/4/7,4054.9122,-77.98,0.0551,2011/3/14,1084.3944,21.43,2026/6/25,4092,358.21,10.43,3775,5606,10,2011/3/4,829.243,393.46,10.99,3765,5592,-5,848.3794,2011/2/24,848.3794,382.33,10.81,3771,5600,2011/3/15,708.7547,-20.63,17,25,早すぎ,検出,3,1,2,2011/2/18,328.29,4,,,4454.16,972.08,,-0.172420843,-0.186782375,-0.132414898,,,,,,
TMUS,TMUS,"T-Mobile US, Inc.",汎用,2007/4/19,2011/1/5,1357,2007/7/20,64.7654,-65.11,0.247,2011/5/19,29.7759,31.77,2026/6/25,182.55,707.84,14.46,3889,5650,10,2011/1/20,19.9668,814.27,15.42,3879,5635,-5,21.4675,2011/1/6,21.4675,750.35,14.84,3888,5649,2012/6/26,8.7632,-61.22,371,538,早すぎ,検出,3,1,2,2011/1/5,347.66,4,,,,,,-0.185999922,-0.199564717,-0.136500012,,,,,,
6701.T,6701.T,NEC Corporation,汎用,2000/1/4,2010/12/16,3999,2000/7/5,5138.8643,-92.31,0.0482,2011/1/6,421.1967,6.53,2026/6/25,3757,850.23,15.61,3816,5670,10,2011/1/4,403.4451,831.23,15.51,3806,5651,-5,375.6074,2011/1/31,375.6074,900.25,16.13,3788,5624,2012/7/24,154.9229,-60.82,393,586,早すぎ,検出,2,3,1,2010/12/16,359.74,4,,,55282.02,5817.75,,-0.185999922,-0.18687216,-0.132660016,,,,,,
6701,6701.T,NEC Corporation,汎用,2000/1/4,2010/12/16,3999,2000/7/5,5138.8643,-92.31,0.0482,2011/1/6,421.1967,6.53,2026/6/25,3757,850.23,15.61,3816,5670,10,2011/1/4,403.4451,831.23,15.51,3806,5651,-5,375.6074,2011/1/31,375.6074,900.25,16.13,3788,5624,2012/7/24,154.9229,-60.82,393,586,早すぎ,検出,2,3,1,2010/12/16,359.74,4,,,55282.02,5817.75,,-0.186601291,-0.187383152,-0.132707836,,,,,,
8316.T,8316.T,"Sumitomo Mitsui Financial Group, Inc.",汎用,2000/1/4,2010/11/22,3975,2006/4/11,2257.3035,-79.11,0.0532,2011/2/18,572.7158,21.47,2026/6/25,6340,1244.67,18.14,3833,5694,10,2010/12/7,461.7243,1273.11,18.35,3823,5679,-5,447.9169,2011/3/15,447.9169,1315.44,18.94,3758,5581,2011/11/10,371.0539,-21.3,237,353,早すぎ,検出,3,2,1,2010/11/22,369.78,4,,,254336.7,18914.43,,-0.181719851,-0.187913021,-0.132756996,,,,,,
8316,8316.T,"Sumitomo Mitsui Financial Group, Inc.",汎用,2000/1/4,2010/11/22,3975,2006/4/11,2257.3035,-79.11,0.0532,2011/2/18,572.7158,21.47,2026/6/25,6340,1244.67,18.14,3833,5694,10,2010/12/7,461.7243,1273.11,18.35,3823,5679,-5,447.9169,2011/3/15,447.9169,1315.44,18.94,3758,5581,2011/11/10,371.0539,-21.3,237,353,早すぎ,検出,3,2,1,2010/11/22,369.78,4,,,254336.7,18914.43,,-0.189294481,-0.198584318,-0.144674114,,,,,,
8591.T,8591.T,ORIX Corporation,汎用,2001/1/1,2010/10/8,3567,2006/4/3,2219.5218,-80.09,0.0546,2011/2/17,589.704,33.43,2026/6/25,6169,1295.79,18.27,3862,5739,10,2010/10/25,455.4574,1254.46,18.1,3852,5722,-5,419.873,2011/8/23,419.873,1369.25,19.85,3649,5420,2011/9/26,339.3333,-23.22,235,353,早すぎ,検出,2,3,1,2010/10/8,378.22,4,,,69444.1,4975.25,,-0.202689777,-0.209916226,-0.157265875,,,,,,
8591,8591.T,ORIX Corporation,汎用,2001/1/1,2010/10/8,3567,2006/4/3,2219.5218,-80.09,0.0546,2011/2/17,589.704,33.43,2026/6/25,6169,1295.79,18.27,3862,5739,10,2010/10/25,455.4574,1254.46,18.1,3852,5722,-5,419.873,2011/8/23,419.873,1369.25,19.85,3649,5420,2011/9/26,339.3333,-23.22,235,353,早すぎ,検出,2,3,1,2010/10/8,378.22,4,,,69444.1,4975.25,,-0.201576349,-0.202304223,-0.156625258,,,,,,
3231.T,3231.T,"Nomura Real Estate Holdings, Inc.",汎用,2006/10/3,2010/10/8,1466,2007/5/29,536.1521,-70.48,0.0679,2011/3/1,208.9331,31.99,2026/6/25,913.3,476.98,11.8,3862,5739,10,2010/10/25,157.0428,481.56,11.89,3852,5722,-5,150.3757,2011/3/15,150.3757,507.35,12.53,3758,5581,2011/9/26,130.7756,-17.38,235,353,早すぎ,検出,3,2,1,2010/10/8,378.22,4,,,8065.44,1397.87,,-0.200743633,,,,,,,,
3231,3231.T,"Nomura Real Estate Holdings, Inc.",汎用,2006/10/3,2010/10/8,1466,2007/5/29,536.1521,-70.48,0.0679,2011/3/1,208.9331,31.99,2026/6/25,913.3,476.98,11.8,3862,5739,10,2010/10/25,157.0428,481.56,11.89,3852,5722,-5,150.3757,2011/3/15,150.3757,507.35,12.53,3758,5581,2011/9/26,130.7756,-17.38,235,353,早すぎ,検出,3,2,1,2010/10/8,378.22,4,,,8065.44,1397.87,,-0.210157287,,,,,,,,
8972.T,8972.T,KDX Realty Investment Corporation,汎用,2005/9/29,2010/4/27,1671,2007/5/31,88852.3493,-58.79,0.151,2010/12/15,49044.6408,33.94,2026/6/25,154200,321.11,9.3,3971,5903,10,2010/5/17,33343,362.47,9.97,3961,5883,-5,34786.8699,2010/5/7,34786.8699,343.27,9.67,3967,5893,2011/11/16,27330.1427,-25.36,379,568,早すぎ,検出,4,2,3,2010/4/27,394.88,1,,,6353.66,1508.79,,-0.220253732,,,,,,,,
8972,8972.T,KDX Realty Investment Corporation,汎用,2005/9/29,2010/4/27,1671,2007/5/31,88852.3493,-58.79,0.151,2010/12/15,49044.6408,33.94,2026/6/25,154200,321.11,9.3,3971,5903,10,2010/5/17,33343,362.47,9.97,3961,5883,-5,34786.8699,2010/5/7,34786.8699,343.27,9.67,3967,5893,2011/11/16,27330.1427,-25.36,379,568,早すぎ,検出,4,2,3,2010/4/27,394.88,1,,,6353.66,1508.79,,-0.235074793,,,,,,,,
6501.T,6501.T,"Hitachi, Ltd.",汎用,2000/1/4,2010/4/26,3765,2000/1/4,1147.154,-73.77,0.0732,2010/4/30,314.9668,4.69,2026/6/25,4554,1413.7,18.3,3972,5904,10,2010/5/14,299.367,1421.21,18.4,3962,5886,-5,285.8101,2010/5/7,285.8101,1493.37,18.72,3967,5893,2010/7/2,233.9965,-22.22,45,67,早すぎ,検出,3,2,1,2010/4/26,380.93,4,,,207527.05,13709.92,,-0.255707185,,,,,,,,
6501,6501.T,"Hitachi, Ltd.",汎用,2000/1/4,2010/4/26,3765,2000/1/4,1147.154,-73.77,0.0732,2010/4/30,314.9668,4.69,2026/6/25,4554,1413.7,18.3,3972,5904,10,2010/5/14,299.367,1421.21,18.4,3962,5886,-5,285.8101,2010/5/7,285.8101,1493.37,18.72,3967,5893,2010/7/2,233.9965,-22.22,45,67,早すぎ,検出,3,2,1,2010/4/26,380.93,4,,,207527.05,13709.92,,-0.270796368,,,,,,,,
CME,CME,CME Group Inc.,汎用,2002/12/6,2010/4/26,2698,2007/12/10,70.629,-49.79,0.2442,2010/4/26,36.0594,1.68,2026/6/23,242.26,583.14,12.63,4064,5902,10,2010/5/10,34.5547,601.09,12.84,4054,5888,-5,33.6896,2010/4/28,33.6896,619.1,12.99,4062,5900,2012/1/11,24.1017,-32.04,433,625,早すぎ,検出,3,2,1,2010/4/26,380.93,4,,,,,,-0.282582647,,,,,,,,
8309.T,8309.T,"Sumitomo Mitsui Trust Group, Inc.",汎用,2001/1/1,2010/4/9,3385,2006/1/27,5044.4226,-79.32,0.1056,2010/4/27,1094.5477,4.93,2026/6/25,5979,473.19,11.37,3983,5921,10,2010/4/23,1040.2485,474.77,11.42,3973,5907,-5,990.9513,2010/5/6,990.9513,503.36,11.78,3968,5894,2012/6/4,570.4937,-45.31,525,787,早すぎ,検出,3,2,1,2010/4/9,380.93,4,,,43870.4,7653.73,,-0.287757843,,,,,,,,
8309,8309.T,"Sumitomo Mitsui Trust Group, Inc.",汎用,2001/1/1,2010/4/9,3385,2006/1/27,5044.4226,-79.32,0.1056,2010/4/27,1094.5477,4.93,2026/6/25,5979,473.19,11.37,3983,5921,10,2010/4/23,1040.2485,474.77,11.42,3973,5907,-5,990.9513,2010/5/6,990.9513,503.36,11.78,3968,5894,2012/6/4,570.4937,-45.31,525,787,早すぎ,検出,3,2,1,2010/4/9,380.93,4,,,43870.4,7653.73,,-0.294284453,,,,,,,,
1812.T,1812.T,Kajima Corporation,汎用,2000/1/4,2010/4/2,3741,2006/1/30,950.0017,-68.89,0.08,2010/4/15,313.5277,6.09,2026/6/25,5670,1818.53,19.96,3988,5928,10,2010/4/16,301.9631,1777.71,19.86,3978,5914,-5,280.7615,2010/5/7,280.7615,1919.51,20.48,3967,5893,2010/10/13,238.6553,-19.25,128,194,早すぎ,検出,2,3,1,2010/4/5,383.74,4,,,28496.87,1485.35,,-0.295117656,,,,,,,,
1812,1812.T,Kajima Corporation,汎用,2000/1/4,2010/4/2,3741,2006/1/30,950.0017,-68.89,0.08,2010/4/15,313.5277,6.09,2026/6/25,5670,1818.53,19.96,3988,5928,10,2010/4/16,301.9631,1777.71,19.86,3978,5914,-5,280.7615,2010/5/7,280.7615,1919.51,20.48,3967,5893,2010/10/13,238.6553,-19.25,128,194,早すぎ,検出,2,3,1,2010/4/5,383.74,4,,,28496.87,1485.35,,-0.287724808,,,,,,,,
9697.T,9697.T,"Capcom Co., Ltd.",汎用,2001/1/4,2010/3/26,3368,2001/5/9,372.8132,-55.04,0.2175,2010/4/26,182.1289,8.66,2026/6/25,2889,1623.62,19.15,3993,5935,10,2010/4/9,169.2357,1607.09,19.13,3983,5921,-5,159.2315,2010/5/17,159.2315,1714.34,19.71,3961,5883,2010/11/2,110.577,-34.03,147,221,早すぎ,検出,2,3,1,2010/3/26,397.63,4,,,13607.59,789.48,,-0.277806213,,,,,,,,
9697,9697.T,"Capcom Co., Ltd.",汎用,2001/1/4,2010/3/26,3368,2001/5/9,372.8132,-55.04,0.2175,2010/4/26,182.1289,8.66,2026/6/25,2889,1623.62,19.15,3993,5935,10,2010/4/9,169.2357,1607.09,19.13,3983,5921,-5,159.2315,2010/5/17,159.2315,1714.34,19.71,3961,5883,2010/11/2,110.577,-34.03,147,221,早すぎ,検出,2,3,1,2010/3/26,397.63,4,,,13607.59,789.48,,-0.265778037,,,,,,,,
255A,255A.T,"Gltechno Holdings, Inc.",汎用,2005/3/3,2010/3/26,1849,2006/1/5,845.6361,-60.72,0.1282,2011/3/10,357.3516,7.58,2026/6/24,5980,1700.25,19.47,3992,5934,10,2010/4/9,325.3109,1738.24,19.68,3982,5920,-5,315.568,2010/5/7,315.568,1795,20.01,3966,5892,2011/3/15,256.6523,-22.74,235,354,早すぎ,検出,3,2,1,2010/3/26,397.63,4,,,827.27,45.95,,-0.255575257,,,,,,,,
CDNS,CDNS,"Cadence Design Systems, Inc.",汎用,1987/6/10,2010/3/22,8321,1998/5/20,39,-82.77,0.0341,2010/4/30,7.68,14.29,2026/6/25,367.485,5368.53,27.9,4090,5939,10,2010/4/6,6.76,5336.17,27.94,4080,5924,-5,6.384,2010/5/20,6.384,5656.34,28.63,4048,5880,2010/7/6,5.58,-16.96,73,106,早すぎ,検出,2,3,1,2010/3/22,397.17,4,,,,,,-0.241722815,,,,,,,,
PLD,PLD,"Prologis, Inc.",汎用,1997/11/21,2010/3/18,4500,2007/10/12,36.2656,-52.81,0.1592,2010/3/25,17.7133,3.5,2026/6/25,139.275,713.77,13.75,4092,5943,10,2010/4/1,16.467,745.78,14.06,4082,5929,-5,16.2591,2010/4/16,16.2591,756.6,14.18,4072,5914,2010/7/21,13.4889,-21.19,86,125,早すぎ,検出,3,2,1,2010/3/18,395,4,,,,,,-0.241722815,,,,,,,,
1802.T,1802.T,Obayashi Corporation,汎用,2000/1/4,2010/3/16,3724,2006/3/27,590.5572,-57.32,0.1362,2010/4/14,284.7409,12.98,2026/6/25,3117,1136.8,16.71,4000,5945,10,2010/3/31,267.3472,1065.9,16.33,3990,5930,-5,239.421,2010/5/17,239.421,1201.89,17.27,3961,5883,2012/6/4,198.6388,-21.18,542,811,早すぎ,検出,2,3,1,2010/3/16,395.57,4,,,22719.28,1836.94,,-0.247321414,,,,,,,,
1802,1802.T,Obayashi Corporation,汎用,2000/1/4,2010/3/16,3724,2006/3/27,590.5572,-57.32,0.1362,2010/4/14,284.7409,12.98,2026/6/25,3117,1136.8,16.71,4000,5945,10,2010/3/31,267.3472,1065.9,16.33,3990,5930,-5,239.421,2010/5/17,239.421,1201.89,17.27,3961,5883,2012/6/4,198.6388,-21.18,542,811,早すぎ,検出,2,3,1,2010/3/16,395.57,4,,,22719.28,1836.94,,-0.249369365,,,,,,,,
1803.T,1803.T,Shimizu Corporation,汎用,2000/1/4,2010/3/16,3724,2006/1/31,597.8419,-57.94,0.2122,2011/3/14,278.3104,10.69,2026/6/25,2488.5,889.75,15.12,4000,5945,10,2010/3/31,261.7454,850.73,14.88,3990,5930,-5,238.8553,2010/5/7,238.8553,941.84,15.63,3967,5893,2012/11/14,158.1412,-37.1,656,974,早すぎ,検出,2,3,1,2010/3/16,395.57,4,,,17652.44,1783.53,,-0.246052825,,,,,,,,
1803,1803.T,Shimizu Corporation,汎用,2000/1/4,2010/3/16,3724,2006/1/31,597.8419,-57.94,0.2122,2011/3/14,278.3104,10.69,2026/6/25,2488.5,889.75,15.12,4000,5945,10,2010/3/31,261.7454,850.73,14.88,3990,5930,-5,238.8553,2010/5/7,238.8553,941.84,15.63,3967,5893,2012/11/14,158.1412,-37.1,656,974,早すぎ,検出,2,3,1,2010/3/16,395.57,4,,,17652.44,1783.53,,-0.230418897,,,,,,,,
1801.T,1801.T,Taisei Corporation,汎用,2000/1/4,2010/3/16,3724,2006/1/31,1937.0098,-67.06,0.0642,2010/4/22,743.0227,16.46,2026/6/25,13705,2048.1,20.74,4000,5945,10,2010/3/31,689.4717,1887.75,20.22,3990,5930,-5,606.1057,2010/5/17,606.1057,2161.16,21.36,3961,5883,2010/8/26,548.8998,-13.97,110,163,許容,検出,2,3,1,2010/3/16,395.57,4,,,23880.84,1111.72,,-0.231520966,,,,,,,,
1801,1801.T,Taisei Corporation,汎用,2000/1/4,2010/3/16,3724,2006/1/31,1937.0098,-67.06,0.0642,2010/4/22,743.0227,16.46,2026/6/25,13705,2048.1,20.74,4000,5945,10,2010/3/31,689.4717,1887.75,20.22,3990,5930,-5,606.1057,2010/5/17,606.1057,2161.16,21.36,3961,5883,2010/8/26,548.8998,-13.97,110,163,許容,検出,2,3,1,2010/3/16,395.57,4,,,23880.84,1111.72,,-0.216373746,,,,,,,,
2871.T,2871.T,Nichirei Corporation,汎用,2000/1/4,2010/3/9,3717,2007/2/21,551.1716,-52.69,0.1404,2011/2/21,303.2623,16.29,2026/6/25,2148,723.68,13.81,4005,5952,10,2010/3/24,263.7521,714.4,13.77,3995,5937,-5,247.7412,2011/3/15,247.7412,767.03,15.18,3758,5581,2011/3/15,213.3505,-18.19,247,371,早すぎ,検出,2,3,1,2010/3/9,405.48,4,,,5423.36,658.43,,-0.198832947,,,,,,,,
2871,2871.T,Nichirei Corporation,汎用,2000/1/4,2010/3/9,3717,2007/2/21,551.1716,-52.69,0.1404,2011/2/21,303.2623,16.29,2026/6/25,2148,723.68,13.81,4005,5952,10,2010/3/24,263.7521,714.4,13.77,3995,5937,-5,247.7412,2011/3/15,247.7412,767.03,15.18,3758,5581,2011/3/15,213.3505,-18.19,247,371,早すぎ,検出,2,3,1,2010/3/9,405.48,4,,,5423.36,658.43,,-0.203754438,,,,,,,,
8951.T,8951.T,Nippon Building Fund Inc.,汎用,2005/9/29,2010/1/22,1576,2007/5/7,102787.7946,-55.2,0.1177,2011/2/2,52446.1673,13.89,2026/6/25,125500,172.54,6.3,4036,5998,10,2010/2/5,44896.25,179.53,6.48,4026,5984,-5,43746.4721,2010/2/9,43746.4721,186.88,6.65,4024,5980,2011/12/29,38480.1328,-16.44,473,706,早すぎ,検出,4,3,2,2010/1/22,422.94,1,,,11309.64,4149.72,,-0.198201575,,,,,,,,
8951,8951.T,Nippon Building Fund Inc.,汎用,2005/9/29,2010/1/22,1576,2007/5/7,102787.7946,-55.2,0.1177,2011/2/2,52446.1673,13.89,2026/6/25,125500,172.54,6.3,4036,5998,10,2010/2/5,44896.25,179.53,6.48,4026,5984,-5,43746.4721,2010/2/9,43746.4721,186.88,6.65,4024,5980,2011/12/29,38480.1328,-16.44,473,706,早すぎ,検出,4,3,2,2010/1/22,422.94,1,,,11309.64,4149.72,,-0.205418725,,,,,,,,
8267.T,8267.T,"Aeon Co., Ltd.",汎用,2000/1/4,2010/1/14,3663,2006/1/13,755.4809,-70.79,0.0152,2010/4/26,285.8623,29.55,2026/6/25,1300,489.16,11.39,4042,6006,10,2010/1/28,229.8663,465.55,11.14,4032,5992,-5,209.6191,,,,,,,2011/3/15,212.4082,-3.74,284,425,成功,検出,1,2,,2010/1/14,391.15,3,,,38940.24,6609.45,,-0.236080252,,,,,,,,
8267,8267.T,"Aeon Co., Ltd.",汎用,2000/1/4,2010/1/14,3663,2006/1/13,755.4809,-70.79,0.0152,2010/4/26,285.8623,29.55,2026/6/25,1300,489.16,11.39,4042,6006,10,2010/1/28,229.8663,465.55,11.14,4032,5992,-5,209.6191,,,,,,,2011/3/15,212.4082,-3.74,284,425,成功,検出,1,2,,2010/1/14,391.15,3,,,38940.24,6609.45,,-0.252046433,,,,,,,,
4005.T,4005.T,"Sumitomo Chemical Company, Limited",汎用,2000/1/4,2010/1/14,3663,2007/11/1,636.4103,-58.48,0.2702,2010/4/12,306.0951,15.85,2026/6/25,520.6,97.04,4.21,4042,6006,10,2010/1/28,252.4242,106.24,4.51,4032,5992,-5,250.9977,2010/1/26,250.9977,107.41,4.55,4034,5994,2012/9/6,126.385,-52.16,651,966,早すぎ,検出,4,3,2,2010/1/14,391.15,1,,,9148.82,4643.13,,-0.258434916,,,,,,,,
4005,4005.T,"Sumitomo Chemical Company, Limited",汎用,2000/1/4,2010/1/14,3663,2007/11/1,636.4103,-58.48,0.2702,2010/4/12,306.0951,15.85,2026/6/25,520.6,97.04,4.21,4042,6006,10,2010/1/28,252.4242,106.24,4.51,4032,5992,-5,250.9977,2010/1/26,250.9977,107.41,4.55,4034,5994,2012/9/6,126.385,-52.16,651,966,早すぎ,検出,4,3,2,2010/1/14,391.15,1,,,9148.82,4643.13,,-0.284865173,,,,,,,,
7203.T,7203.T,Toyota Motor Corporation,汎用,1999/5/6,2010/1/13,3905,2007/2/27,1001.767,-48.28,0.3041,2010/1/21,541.0996,4.44,2026/6/24,2699.5,421.04,10.56,4042,6006,10,2010/1/27,473.3822,470.26,11.2,4032,5992,-5,492.196,2010/1/27,492.196,448.46,10.93,4032,5992,2011/11/24,306.7202,-40.8,456,680,早すぎ,検出,3,1,2,2010/1/13,392.16,4,,,334864.97,64268.57,,-0.31662766,,,,,,,,
7203,7203.T,Toyota Motor Corporation,汎用,1999/5/6,2010/1/13,3905,2007/2/27,1001.767,-48.28,0.3041,2010/1/21,541.0996,4.44,2026/6/24,2699.5,421.04,10.56,4042,6006,10,2010/1/27,473.3822,470.26,11.2,4032,5992,-5,492.196,2010/1/27,492.196,448.46,10.93,4032,5992,2011/11/24,306.7202,-40.8,456,680,早すぎ,検出,3,1,2,2010/1/13,392.16,4,,,334864.97,64268.57,,,,,,,,,,
8001.T,8001.T,ITOCHU Corporation,汎用,2000/1/4,2010/1/13,3662,2007/7/17,173.2536,-48.87,0.1229,2010/4/15,105.8294,19.46,2026/6/25,1814,1947.66,20.15,4043,6007,10,2010/1/27,82.3599,2102.53,20.74,4033,5993,-5,84.1594,2010/1/27,84.1594,2055.43,20.58,4033,5993,2010/7/22,76.7234,-13.39,128,190,許容,検出,3,1,2,2010/1/13,392.16,4,,,132004.5,6446.6,,,,,,,,,,
8001,8001.T,ITOCHU Corporation,汎用,2000/1/4,2010/1/13,3662,2007/7/17,173.2536,-48.87,0.1229,2010/4/15,105.8294,19.46,2026/6/25,1814,1947.66,20.15,4043,6007,10,2010/1/27,82.3599,2102.53,20.74,4033,5993,-5,84.1594,2010/1/27,84.1594,2055.43,20.58,4033,5993,2010/7/22,76.7234,-13.39,128,190,許容,検出,3,1,2,2010/1/13,392.16,4,,,132004.5,6446.6,,,,,,,,,,
3407.T,3407.T,Asahi Kasei Corporation,汎用,2000/1/4,2010/1/12,3661,2007/10/17,578.2711,-47.13,0.1492,2011/2/4,383.4138,25.4,2026/6/25,1794,486.74,11.36,4044,6008,10,2010/1/26,290.063,518.49,11.74,4034,5994,-5,290.4709,2010/1/26,290.4709,517.62,11.73,4034,5994,2012/8/3,257.9629,-15.63,629,934,早すぎ,検出,3,1,2,2010/1/12,396.25,4,,,24997.12,4260.34,,,,,,,,,,
3407,3407.T,Asahi Kasei Corporation,汎用,2000/1/4,2010/1/12,3661,2007/10/17,578.2711,-47.13,0.1492,2011/2/4,383.4138,25.4,2026/6/25,1794,486.74,11.36,4044,6008,10,2010/1/26,290.063,518.49,11.74,4034,5994,-5,290.4709,2010/1/26,290.4709,517.62,11.73,4034,5994,2012/8/3,257.9629,-15.63,629,934,早すぎ,検出,3,1,2,2010/1/12,396.25,4,,,24997.12,4260.34,,,,,,,,,,
8593.T,8593.T,Mitsubishi HC Capital Inc.,汎用,2001/1/4,2010/1/8,3291,2006/5/9,400.8922,-52.4,0.1434,2011/2/21,230.3245,20.7,2026/6/25,1302.5,582.55,12.38,4045,6012,10,2010/1/25,194.1715,570.8,12.3,4035,5995,-5,181.2875,2010/2/9,181.2875,618.47,12.8,4024,5980,2011/3/15,155.6697,-18.42,287,431,早すぎ,検出,2,3,1,2010/1/8,393.18,4,,,19399.3,2842.18,,,,,,,,,,
8593,8593.T,Mitsubishi HC Capital Inc.,汎用,2001/1/4,2010/1/8,3291,2006/5/9,400.8922,-52.4,0.1434,2011/2/21,230.3245,20.7,2026/6/25,1302.5,582.55,12.38,4045,6012,10,2010/1/25,194.1715,570.8,12.3,4035,5995,-5,181.2875,2010/2/9,181.2875,618.47,12.8,4024,5980,2011/3/15,155.6697,-18.42,287,431,早すぎ,検出,2,3,1,2010/1/8,393.18,4,,,19399.3,2842.18,,,,,,,,,,
BKR,BKR,Baker Hughes Company,汎用,1987/4/6,2010/1/7,8312,2007/10/16,48.7816,-52.7,0.3742,2011/7/26,41.1705,78.43,2026/6/25,57.68,149.98,5.72,4140,6013,10,2010/1/22,22.1241,160.71,6.01,4130,5998,-5,21.92,2010/1/25,21.92,163.14,6.07,4129,5995,2020/3/23,7.7023,-66.62,2568,3728,早すぎ,検出,4,3,2,2010/1/7,396.25,1,,,,,,,,,,,,,,
6479.T,6479.T,MINEBEA MITSUMI Inc.,汎用,2000/1/4,2009/12/15,3633,2000/1/4,1216.2984,-69.61,0.1766,2010/4/6,461.7665,24.93,2026/6/25,5246,1319.32,17.41,4060,6036,10,2009/12/30,388.1717,1251.46,17.11,4050,6021,-5,351.1329,2010/2/9,351.1329,1394.02,17.96,4024,5980,2011/10/4,187.9659,-49.15,439,658,早すぎ,検出,2,3,1,2009/12/15,413.08,4,,,19469.35,1371.74,,,,,,,,,,
6479,6479.T,MINEBEA MITSUMI Inc.,汎用,2000/1/4,2009/12/15,3633,2000/1/4,1216.2984,-69.61,0.1766,2010/4/6,461.7665,24.93,2026/6/25,5246,1319.32,17.41,4060,6036,10,2009/12/30,388.1717,1251.46,17.11,4050,6021,-5,351.1329,2010/2/9,351.1329,1394.02,17.96,4024,5980,2011/10/4,187.9659,-49.15,439,658,早すぎ,検出,2,3,1,2009/12/15,413.08,4,,,19469.35,1371.74,,,,,,,,,,
CI,CI,The Cigna Group,汎用,1982/3/31,2009/12/14,10120,2007/6/4,51.588,-36.75,0.2527,2010/1/20,35.3113,8.21,2026/6/23,283.08,767.52,13.97,4154,6035,10,2009/12/29,32.5681,769.2,14.02,4144,6020,-5,30.9994,2010/1/26,30.9994,813.18,14.43,4126,5992,2010/7/1,26.2213,-19.64,137,199,早すぎ,検出,3,2,1,2009/12/14,408.98,4,,,,,,,,,,,,,,
ELV,ELV,"Elevance Health, Inc.",汎用,2001/10/30,2009/12/14,2967,2008/1/8,71.1846,-35.91,0.2567,2010/1/20,55.3658,21.36,2026/6/23,395.1,766.04,13.96,4154,6035,10,2009/12/29,46.3254,752.88,13.89,4144,6020,-5,43.3403,2010/4/30,43.3403,811.62,14.67,4060,5898,2010/7/1,36.7945,-19.35,137,199,早すぎ,検出,2,3,1,2009/12/14,408.98,4,,,,,,,,,,,,,,
UNH,UNH,UnitedHealth Group Incorporated,汎用,1984/10/17,2009/12/14,9189,2005/12/27,49.5616,-51.93,0.0992,2010/1/20,27.7636,16.54,2026/6/23,409.25,1617.91,18.78,4154,6035,10,2009/12/29,23.7457,1623.47,18.85,4144,6020,-5,22.6315,2010/5/4,22.6315,1708.32,19.65,4058,5894,2010/7/1,20.9893,-11.89,137,199,許容,検出,3,2,1,2009/12/14,408.98,4,,,,,,,,,,,,,,
6988.T,6988.T,Nitto Denko Corporation,汎用,2001/1/1,2009/12/7,3262,2006/2/3,1383.3503,-67.78,0.0786,2010/1/18,529.5916,18.81,2026/6/24,3148,606.21,12.54,4065,6043,10,2009/12/21,447.1198,604.06,12.55,4055,6029,-5,423.4689,2010/5/21,423.4689,643.38,13.28,3956,5878,2010/9/1,365.7458,-17.95,180,268,早すぎ,検出,2,3,1,2009/12/7,408.5,4,,,21517.16,3046.85,,,,,,,,,,
6988,6988.T,Nitto Denko Corporation,汎用,2001/1/1,2009/12/7,3262,2006/2/3,1383.3503,-67.78,0.0786,2010/1/18,529.5916,18.81,2026/6/24,3148,606.21,12.54,4065,6043,10,2009/12/21,447.1198,604.06,12.55,4055,6029,-5,423.4689,2010/5/21,423.4689,643.38,13.28,3956,5878,2010/9/1,365.7458,-17.95,180,268,早すぎ,検出,2,3,1,2009/12/7,408.5,4,,,21517.16,3046.85,,,,,,,,,,
7741.T,7741.T,HOYA Corporation,汎用,2001/1/1,2009/11/16,3241,2006/2/6,3484.5862,-50.45,0.2294,2010/4/27,2008.5665,16.33,2026/6/25,26120,1412.84,17.77,4080,6065,10,2009/12/1,1692.552,1443.23,17.96,4070,6050,-5,1640.2267,2009/11/20,1640.2267,1492.46,18.15,4076,6061,2011/3/15,1203.2156,-30.31,322,484,早すぎ,検出,3,2,1,2009/11/16,403.06,4,,,86739.61,5733.56,,,,,,,,,,
7741,7741.T,HOYA Corporation,汎用,2001/1/1,2009/11/16,3241,2006/2/6,3484.5862,-50.45,0.2294,2010/4/27,2008.5665,16.33,2026/6/25,26120,1412.84,17.77,4080,6065,10,2009/12/1,1692.552,1443.23,17.96,4070,6050,-5,1640.2267,2009/11/20,1640.2267,1492.46,18.15,4076,6061,2011/3/15,1203.2156,-30.31,322,484,早すぎ,検出,3,2,1,2009/11/16,403.06,4,,,86739.61,5733.56,,,,,,,,,,
ICE,ICE,"Intercontinental Exchange, Inc.",汎用,2005/11/16,2009/10/20,1434,2007/12/26,33.1437,-45.64,0.134,2010/6/16,22.0249,22.26,2026/6/25,128.27,612,12.49,4194,6092,10,2009/11/3,17.2265,644.61,12.82,4184,6078,-5,17.1147,2009/10/28,17.1147,649.47,12.85,4188,6084,2010/8/25,15.674,-13,213,309,許容,検出,3,2,1,2009/10/20,412.35,4,,,,,,,,,,,,,,
XLE|ETF,XLE,State Street Energy Select Sector SPDR ETF,汎用,1998/12/22,2009/10/12,3947,2008/5/21,25.8348,-36.12,0.4536,2014/6/23,32.014,93.98,2026/6/25,53.92,226.71,7.35,4200,6100,10,2009/10/26,16.6256,224.32,7.32,4190,6086,-5,15.6786,2010/2/5,15.6786,243.91,7.83,4120,5984,2020/3/18,8.758,-46.93,2625,3810,早すぎ,検出,3,4,2,2009/10/12,422.76,1,,,,,,,,,,,,,,
COP,COP,ConocoPhillips,汎用,1981/12/31,2009/10/9,10144,2008/6/17,39.0063,-44.53,0.2248,2018/10/1,61.8154,185.7,2026/6/23,109.97,408.27,10.22,4199,6101,10,2009/10/23,22.1433,396.63,10.09,4189,6087,-5,20.5545,2010/1/28,20.5545,435.02,10.77,4124,5990,2020/3/18,16.5993,-23.28,2626,3813,早すぎ,検出,3,4,1,2009/10/9,422.63,2,,,,,,,,,,,,,,
AEHR,AEHR,"Aehr Test Systems, Inc.",汎用,1997/8/15,2009/9/23,4422,1997/9/11,25.25,-94.89,0.0358,2010/4/26,3.34,158.91,2026/6/25,100.055,7656.2,29.66,4213,6119,10,2009/10/7,1.15,8600.43,30.63,4203,6105,-5,1.2255,2009/9/23,1.2255,8064.42,30.05,4213,6119,2011/11/22,0.4,-68.99,547,790,早すぎ,検出,3,1,2,2009/9/23,428.89,4,,,,,,,,,,,,,,
4063.T,4063.T,"Shin-Etsu Chemical Co., Ltd.",汎用,2000/1/4,2009/9/9,3536,2007/7/13,1338.2314,-37.55,0.3967,2009/9/24,868.9859,3.98,2026/6/25,7150,755.54,13.64,4124,6133,10,2009/9/25,832.5471,758.81,13.7,4114,6117,-5,793.9438,2009/9/14,793.9438,800.57,14,4121,6128,2011/3/15,505.3584,-39.53,366,552,早すぎ,検出,3,2,1,2009/9/9,441.74,4,,,129387.41,15123.48,,,,,,,,,,
4063,4063.T,"Shin-Etsu Chemical Co., Ltd.",汎用,2000/1/4,2009/9/9,3536,2007/7/13,1338.2314,-37.55,0.3967,2009/9/24,868.9859,3.98,2026/6/25,7150,755.54,13.64,4124,6133,10,2009/9/25,832.5471,758.81,13.7,4114,6117,-5,793.9438,2009/9/14,793.9438,800.57,14,4121,6128,2011/3/15,505.3584,-39.53,366,552,早すぎ,検出,3,2,1,2009/9/9,441.74,4,,,129387.41,15123.48,,,,,,,,,,
SYK,SYK,Stryker Corporation,汎用,1980/3/17,2009/9/9,10768,2007/12/27,61.6253,-40.43,0.0742,2009/9/18,39.064,6.42,2026/6/23,310,744.48,13.55,4221,6131,10,2009/9/23,37.2935,731.24,13.48,4211,6117,-5,34.8734,2009/10/6,34.8734,788.93,13.97,4202,6104,2009/10/6,34.7109,-5.44,19,27,許容,検出,2,3,1,2009/9/9,441.74,4,,,,,,,,,,,,,,
7550.T,7550.T,"Zensho Holdings Co., Ltd.",汎用,2001/1/5,2009/8/13,3142,2005/12/29,1617.547,-65.41,0.0484,2009/9/16,590.9311,5.61,2026/6/25,8064,1341.13,17.14,4142,6160,10,2009/8/27,571.4312,1311.19,17.04,4132,6146,-5,531.5838,2009/9/18,531.5838,1416.98,17.61,4117,6124,2009/10/2,505.6944,-9.63,33,50,許容,検出,2,3,1,2009/8/13,458.67,4,,,12879.98,893.74,,,,,,,,,,
7550,7550.T,"Zensho Holdings Co., Ltd.",汎用,2001/1/5,2009/8/13,3142,2005/12/29,1617.547,-65.41,0.0484,2009/9/16,590.9311,5.61,2026/6/25,8064,1341.13,17.14,4142,6160,10,2009/8/27,571.4312,1311.19,17.04,4132,6146,-5,531.5838,2009/9/18,531.5838,1416.98,17.61,4117,6124,2009/10/2,505.6944,-9.63,33,50,許容,検出,2,3,1,2009/8/13,458.67,4,,,12879.98,893.74,,,,,,,,,,
4568.T,4568.T,"Daiichi Sankyo Company, Limited",汎用,2000/1/4,2009/8/12,3508,2007/2/19,838.2773,-48.94,0.2391,2009/8/20,464.4301,8.51,2026/6/25,2566.5,499.66,11.2,4143,6161,10,2009/8/26,444.4133,477.5,10.98,4133,6147,-5,406.5954,2009/10/2,406.5954,531.22,11.64,4109,6110,2012/10/11,299.0908,-30.12,775,1156,早すぎ,検出,2,3,1,2009/8/12,465.24,4,,,48211.71,8039.84,,,,,,,,,,
4568,4568.T,"Daiichi Sankyo Company, Limited",汎用,2000/1/4,2009/8/12,3508,2007/2/19,838.2773,-48.94,0.2391,2009/8/20,464.4301,8.51,2026/6/25,2566.5,499.66,11.2,4143,6161,10,2009/8/26,444.4133,477.5,10.98,4133,6147,-5,406.5954,2009/10/2,406.5954,531.22,11.64,4109,6110,2012/10/11,299.0908,-30.12,775,1156,早すぎ,検出,2,3,1,2009/8/12,465.24,4,,,48211.71,8039.84,,,,,,,,,,
8031.T,8031.T,"Mitsui & Co., Ltd.",汎用,2000/1/4,2009/8/6,3502,2007/10/29,821.2835,-56.72,0.1491,2010/4/12,458.1597,28.91,2026/6/25,4446,1150.91,16.14,4147,6167,10,2009/8/20,337.2151,1218.45,16.54,4137,6153,-5,337.6499,2009/8/17,337.6499,1216.75,16.53,4140,6156,2010/7/6,273.7951,-22.97,222,334,早すぎ,検出,3,1,2,2009/8/6,466.57,4,,,130372.66,10422.23,,,,,,,,,,
8031,8031.T,"Mitsui & Co., Ltd.",汎用,2000/1/4,2009/8/6,3502,2007/10/29,821.2835,-56.72,0.1491,2010/4/12,458.1597,28.91,2026/6/25,4446,1150.91,16.14,4147,6167,10,2009/8/20,337.2151,1218.45,16.54,4137,6153,-5,337.6499,2009/8/17,337.6499,1216.75,16.53,4140,6156,2010/7/6,273.7951,-22.97,222,334,早すぎ,検出,3,1,2,2009/8/6,466.57,4,,,130372.66,10422.23,,,,,,,,,,
ACWI,ACWI,iShares MSCI ACWI ETF,汎用,2008/3/28,2009/7/27,486,2008/4/21,42.7599,-37.79,0.0287,2009/7/27,26.6799,0.29,2026/6/24,154.23,479.78,10.95,4253,6176,10,2009/8/10,27.2217,466.57,10.83,4243,6162,-5,25.2713,,,,,,,2009/7/29,26.1237,-1.8,2,2,成功,検出,1,3,,2009/7/27,479.78,2,,,,,,,,,,,,,,
VT|ETF,VT,Vanguard Total World Stock Index Fund ETF Shares,汎用,2008/6/26,2009/7/27,396,2008/6/30,35.3364,-25.39,0.0537,2009/7/27,26.3649,0,2026/6/25,155.26,488.89,11.05,4254,6177,10,2009/8/10,27.0044,474.94,10.92,4244,6163,-5,25.0467,,,,,,,2009/7/29,25.856,-1.93,2,2,成功,検出,1,3,,2009/7/27,479.78,2,,,,,,,,,,,,,,
ACWI|ETF,ACWI,iShares MSCI ACWI ETF,汎用,2008/3/28,2009/7/27,486,2008/4/21,42.7599,-37.79,0.0287,2009/7/27,26.6799,0.29,2026/6/24,154.23,479.78,10.95,4253,6176,10,2009/8/10,27.2217,466.57,10.83,4243,6162,-5,25.2713,,,,,,,2009/7/29,26.1237,-1.8,2,2,成功,検出,1,3,,2009/7/27,479.78,2,,,,,,,,,,,,,,
2802.T,2802.T,"Ajinomoto Co., Inc.",汎用,2000/1/4,2009/7/24,3489,2007/1/5,616.8648,-47.83,0.0904,2011/3/1,382.3593,18.81,2026/6/25,5742,1684.2,18.57,4156,6180,10,2009/8/7,349.5547,1542.66,18.03,4146,6166,-5,305.7335,2009/11/27,305.7335,1778.11,19.36,4072,6054,2011/3/15,292.4869,-9.12,398,599,許容,検出,2,3,1,2009/7/24,481.34,4,,,58948.18,3303.9,,,,,,,,,,
2802,2802.T,"Ajinomoto Co., Inc.",汎用,2000/1/4,2009/7/24,3489,2007/1/5,616.8648,-47.83,0.0904,2011/3/1,382.3593,18.81,2026/6/25,5742,1684.2,18.57,4156,6180,10,2009/8/7,349.5547,1542.66,18.03,4146,6166,-5,305.7335,2009/11/27,305.7335,1778.11,19.36,4072,6054,2011/3/15,292.4869,-9.12,398,599,許容,検出,2,3,1,2009/7/24,481.34,4,,,58948.18,3303.9,,,,,,,,,,
EXC,EXC,Exelon Corporation,汎用,1973/5/2,2009/7/23,13231,2008/7/7,32.3789,-39.17,0.4168,2009/7/24,19.8561,0.81,2026/6/25,46.705,137.13,5.23,4256,6181,10,2009/8/6,18.0845,158.26,5.78,4246,6167,-5,18.7109,2009/7/28,18.7109,149.61,5.56,4253,6176,2010/5/6,10.6301,-46.03,198,287,早すぎ,検出,4,2,3,2009/7/23,483.85,1,,,,,,,,,,,,,,
9347,9347.T,"NIPPON KANZAI Holdings Co.,Ltd.",汎用,2002/2/12,2009/7/22,2717,2005/9/16,1295.0837,-61.27,0.0823,2009/10/28,646.723,28.95,2026/6/24,2607,419.81,10.23,4157,6181,10,2009/8/5,491.6675,430.24,10.38,4147,6167,-5,476.4518,2010/5/25,476.4518,447.17,11.15,3954,5874,2010/10/12,430.3481,-14.19,297,447,許容,検出,4,3,2,2009/7/22,498.22,1,,,969.04,186.42,,,,,,,,,,
ASML,ASML,ASML Holding N.V.,汎用,1995/3/15,2009/7/17,5238,2000/3/3,47.2225,-52.99,0.0194,2009/7/17,22.2253,0.13,2026/6/23,1778.46,7912.06,29.55,4258,6185,10,2009/7/31,24.2483,7234.37,28.95,4248,6171,-5,21.0874,,,,,,,2009/7/17,21.7032,-2.23,0,0,成功,検出,1,2,,2009/7/17,510.37,3,,,,,,,,,,,,,,
AMAT,AMAT,"Applied Materials, Inc.",汎用,1980/3/17,2009/7/17,10714,2000/4/7,41.5487,-76.76,0.056,2011/3/3,13.374,38.51,2026/6/23,585.88,5967.65,27.44,4258,6185,10,2009/7/31,10.5169,5470.84,26.86,4248,6171,-5,9.173,2009/10/28,9.173,6287,28.36,4186,6082,2011/10/4,7.764,-19.59,559,809,早すぎ,検出,2,3,1,2009/7/17,510.37,4,,,,,,,,,,,,,,
SMH,SMH,VanEck Semiconductor ETF,汎用,2000/6/5,2009/7/17,3329,2000/6/20,44.8997,-77.62,0.0076,2009/7/17,10.0796,0.3,2026/6/25,631.935,6187.97,27.7,4260,6187,10,2009/7/31,10.5934,5865.38,27.37,4250,6173,-5,9.5474,,,,,,,2009/7/17,9.7824,-2.66,0,0,成功,検出,1,2,,2009/7/17,510.37,3,,,,,,,,,,,,,,
SMH|ETF,SMH,VanEck Semiconductor ETF,汎用,2000/6/5,2009/7/17,3329,2000/6/20,44.8997,-77.62,0.0076,2009/7/17,10.0796,0.3,2026/6/25,631.935,6187.97,27.7,4260,6187,10,2009/7/31,10.5934,5865.38,27.37,4250,6173,-5,9.5474,,,,,,,2009/7/17,9.7824,-2.66,0,0,成功,検出,1,2,,2009/7/17,510.37,3,,,,,,,,,,,,,,
8354.T,8354.T,"Fukuoka Financial Group, Inc.",汎用,2001/1/1,2009/5/21,3062,2005/12/21,3124.8044,-64.42,0.1104,2010/4/16,1330.0579,19.63,2026/6/25,6783,510.1,11.16,4201,6244,10,2009/6/4,1219.0906,456.4,10.59,4191,6230,-5,1056.1973,2009/9/28,1056.1973,542.21,11.75,4113,6114,2011/3/15,862.0919,-22.46,443,663,早すぎ,検出,3,4,2,2009/5/21,542.98,1,,,13644.99,2236.52,,,,,,,,,,
8354,8354.T,"Fukuoka Financial Group, Inc.",汎用,2001/1/1,2009/5/21,3062,2005/12/21,3124.8044,-64.42,0.1104,2010/4/16,1330.0579,19.63,2026/6/25,6783,510.1,11.16,4201,6244,10,2009/6/4,1219.0906,456.4,10.59,4191,6230,-5,1056.1973,2009/9/28,1056.1973,542.21,11.75,4113,6114,2011/3/15,862.0919,-22.46,443,663,早すぎ,検出,3,4,2,2009/5/21,542.98,1,,,13644.99,2236.52,,,,,,,,,,
4612.T,4612.T,"Nippon Paint Holdings Co., Ltd.",汎用,2001/1/1,2009/5/14,3055,2007/5/10,112.6153,-38.84,0.0499,2009/5/15,70.6796,2.62,2026/6/25,1049,1423.03,17.25,4206,6251,10,2009/5/28,71.3356,1370.51,17.05,4196,6237,-5,65.4319,,,,,,,2009/5/25,66.5799,-3.33,7,11,成功,検出,1,2,,2009/5/14,556.34,3,,,25224.11,1656.18,,,,,,,,,,
4612,4612.T,"Nippon Paint Holdings Co., Ltd.",汎用,2001/1/1,2009/5/14,3055,2007/5/10,112.6153,-38.84,0.0499,2009/5/15,70.6796,2.62,2026/6/25,1049,1423.03,17.25,4206,6251,10,2009/5/28,71.3356,1370.51,17.05,4196,6237,-5,65.4319,,,,,,,2009/5/25,66.5799,-3.33,7,11,成功,検出,1,2,,2009/5/14,556.34,3,,,25224.11,1656.18,,,,,,,,,,
PFE,PFE,Pfizer Inc.,汎用,1972/6/1,2009/5/14,13496,1999/4/12,17.5816,-59.09,0.0594,2009/5/14,7.2681,1.04,2026/6/23,24.72,243.67,7.48,4302,6249,10,2009/5/29,7.1227,247.06,7.56,4292,6234,-5,6.8333,2009/5/28,6.8333,261.76,7.82,4293,6235,2009/6/10,6.5366,-9.13,18,27,許容,検出,4,3,2,2009/5/14,556.34,1,,,,,,,,,,,,,,
DBA|ETF,DBA,Invesco DB Agriculture Fund,汎用,2007/1/5,2009/5/12,858,2008/2/27,36.6912,-37.12,0.4571,2011/3/4,30.5843,32.56,2026/6/25,26.835,16.31,0.89,4306,6253,10,2009/5/27,23.8193,12.66,0.7,4296,6238,-5,21.9179,2009/6/22,21.9179,22.43,1.2,4278,6212,2020/6/26,11.6041,-49.7,2801,4063,早すぎ,検出,3,4,2,2009/5/12,541.66,1,,,,,,,,,,,,,,
DBC|ETF,DBC,Invesco DB Commodity Index Tracking Fund,汎用,2006/2/6,2009/5/12,1191,2008/7/3,38.8107,-52.42,0.3161,2011/5/2,27.0709,46.61,2026/6/25,26.85,45.41,2.21,4306,6253,10,2009/5/27,18.9209,41.91,2.07,4296,6238,-5,17.5412,2009/7/8,17.5412,53.07,2.54,4267,6196,2020/3/18,9.0581,-50.94,2731,3963,早すぎ,検出,3,4,2,2009/5/12,541.66,1,,,,,,,,,,,,,,
2801.T,2801.T,Kikkoman Corporation,汎用,2000/1/4,2009/5/11,3415,2007/5/14,301.6568,-48.34,0.2043,2009/8/31,197.8705,26.96,2026/6/25,1636.5,950.06,14.72,4209,6254,10,2009/5/25,154.5243,959.06,14.81,4199,6240,-5,148.0554,2010/8/12,148.0554,1005.33,16.35,3900,5796,2011/3/17,118.414,-24.02,453,675,早すぎ,検出,3,2,1,2009/5/11,544.89,4,,,15116.47,1439.58,,,,,,,,,,
2801,2801.T,Kikkoman Corporation,汎用,2000/1/4,2009/5/11,3415,2007/5/14,301.6568,-48.34,0.2043,2009/8/31,197.8705,26.96,2026/6/25,1636.5,950.06,14.72,4209,6254,10,2009/5/25,154.5243,959.06,14.81,4199,6240,-5,148.0554,2010/8/12,148.0554,1005.33,16.35,3900,5796,2011/3/17,118.414,-24.02,453,675,早すぎ,検出,3,2,1,2009/5/11,544.89,4,,,15116.47,1439.58,,,,,,,,,,
9064.T,9064.T,"Yamato Holdings Co., Ltd.",汎用,2000/1/4,2009/5/7,3411,2000/1/4,2783.382,-69.63,0.041,2009/8/31,1206.5335,42.75,2026/6/25,1812,114.39,4.55,4211,6258,10,2009/5/21,864.9617,109.49,4.42,4201,6244,-5,802.9232,2010/8/11,802.9232,125.68,5.26,3901,5797,2010/9/1,762.4196,-9.79,325,482,許容,検出,3,4,2,2009/5/7,550.08,1,,,6160.94,2873.71,,,,,,,,,,
9064,9064.T,"Yamato Holdings Co., Ltd.",汎用,2000/1/4,2009/5/7,3411,2000/1/4,2783.382,-69.63,0.041,2009/8/31,1206.5335,42.75,2026/6/25,1812,114.39,4.55,4211,6258,10,2009/5/21,864.9617,109.49,4.42,4201,6244,-5,802.9232,2010/8/11,802.9232,125.68,5.26,3901,5797,2010/9/1,762.4196,-9.79,325,482,許容,検出,3,4,2,2009/5/7,550.08,1,,,6160.94,2873.71,,,,,,,,,,
MNST,MNST,Monster Beverage Corporation,汎用,1985/12/9,2009/4/27,8540,2007/10/18,5.7,-41.7,0.3575,2010/4/30,3.7492,12.81,2026/6/25,95.76,2781.47,21.63,4317,6268,10,2009/5/11,3.6208,2544.7,21.08,4307,6254,-5,3.1571,2009/5/28,3.1571,2933.13,22.12,4295,6237,2010/5/6,2.0008,-39.79,259,374,早すぎ,検出,2,3,1,2009/4/27,601.98,4,,,,,,,,,,,,,,
4307.T,4307.T,"Nomura Research Institute, Ltd.",汎用,2001/12/17,2009/4/21,2682,2007/10/4,814.0481,-57.51,0.1357,2010/4/30,506.6193,46.48,2026/6/25,4267,1133.73,15.75,4219,6274,10,2009/5/11,360.1882,1084.66,15.53,4209,6254,-5,328.5683,2010/9/29,328.5683,1198.66,17.69,3869,5748,2011/3/15,272.3583,-21.25,461,693,早すぎ,検出,2,3,1,2009/4/21,611.61,4,,,27524.27,2230.98,,,,,,,,,,
4307,4307.T,"Nomura Research Institute, Ltd.",汎用,2001/12/17,2009/4/21,2682,2007/10/4,814.0481,-57.51,0.1357,2010/4/30,506.6193,46.48,2026/6/25,4267,1133.73,15.75,4219,6274,10,2009/5/11,360.1882,1084.66,15.53,4209,6254,-5,328.5683,2010/9/29,328.5683,1198.66,17.69,3869,5748,2011/3/15,272.3583,-21.25,461,693,早すぎ,検出,2,3,1,2009/4/21,611.61,4,,,27524.27,2230.98,,,,,,,,,,
6273.T,6273.T,SMC Corporation,汎用,2001/1/1,2009/4/6,3017,2006/3/30,15836.9641,-44.93,0.1314,2009/4/6,8998.4184,3.17,2026/6/25,72930,736.17,13.13,4230,6289,10,2009/4/20,8235.9824,785.5,13.54,4220,6275,-5,8285.8342,2009/4/8,8285.8342,780.18,13.47,4228,6287,2009/4/15,7645.3045,-12.34,7,9,許容,検出,3,1,2,2009/4/6,624.13,4,,,47803.62,5716.97,,,,,,,,,,
6273,6273.T,SMC Corporation,汎用,2001/1/1,2009/4/6,3017,2006/3/30,15836.9641,-44.93,0.1314,2009/4/6,8998.4184,3.17,2026/6/25,72930,736.17,13.13,4230,6289,10,2009/4/20,8235.9824,785.5,13.54,4220,6275,-5,8285.8342,2009/4/8,8285.8342,780.18,13.47,4228,6287,2009/4/15,7645.3045,-12.34,7,9,許容,検出,3,1,2,2009/4/6,624.13,4,,,47803.62,5716.97,,,,,,,,,,
TM,TM,Toyota Motor Corporation,汎用,1980/3/17,2009/4/3,10609,2007/2/27,86.8121,-42.35,0.1814,2011/3/1,64.0871,28.05,2026/6/23,167.23,234.14,7.26,4330,6290,10,2009/4/20,50.5011,231.14,7.22,4320,6273,-5,47.5456,2010/6/7,47.5456,251.73,8.15,4035,5860,2011/11/23,41.8994,-16.28,667,964,早すぎ,検出,3,4,2,2009/4/3,616.75,1,,,,,,,,,,,,,,
9008.T,9008.T,Keio Corporation,汎用,2000/1/4,2009/3/19,3362,2007/2/26,708.4838,-35.77,0.2996,2009/8/31,531.5183,16.81,2026/6/25,736.3,61.81,2.83,4241,6307,10,2009/4/3,472.1861,55.93,2.61,4231,6292,-5,432.2947,2011/3/14,432.2947,70.32,3.55,3759,5582,2011/6/7,346.6391,-23.82,538,810,早すぎ,検出,3,4,2,2009/3/19,680.37,1,,,4355.22,2691.56,,,,,,,,,,
9008,9008.T,Keio Corporation,汎用,2000/1/4,2009/3/19,3362,2007/2/26,708.4838,-35.77,0.2996,2009/8/31,531.5183,16.81,2026/6/25,736.3,61.81,2.83,4241,6307,10,2009/4/3,472.1861,55.93,2.61,4231,6292,-5,432.2947,2011/3/14,432.2947,70.32,3.55,3759,5582,2011/6/7,346.6391,-23.82,538,810,早すぎ,検出,3,4,2,2009/3/19,680.37,1,,,4355.22,2691.56,,,,,,,,,,
8359.T,8359.T,"Hachijuni Nagano Bank, Ltd.",汎用,2001/1/1,2009/2/23,2975,2005/11/4,619.1756,-45.25,0.2891,2015/8/17,710.0593,109.47,2026/6/25,2355.5,594.88,11.83,4259,6331,10,2009/3/9,333.8542,605.55,11.96,4249,6317,-5,322.0316,2009/9/8,322.0316,631.45,12.58,4125,6134,2020/3/17,225.0419,-33.61,2727,4040,早すぎ,検出,4,3,2,2009/2/23,739.57,1,,,11538.12,1660.45,,,,,,,,,,
8359,8359.T,"Hachijuni Nagano Bank, Ltd.",汎用,2001/1/1,2009/2/23,2975,2005/11/4,619.1756,-45.25,0.2891,2015/8/17,710.0593,109.47,2026/6/25,2355.5,594.88,11.83,4259,6331,10,2009/3/9,333.8542,605.55,11.96,4249,6317,-5,322.0316,2009/9/8,322.0316,631.45,12.58,4125,6134,2020/3/17,225.0419,-33.61,2727,4040,早すぎ,検出,4,3,2,2009/2/23,739.57,1,,,11538.12,1660.45,,,,,,,,,,
GLD,GLD,SPDR Gold Shares,汎用,2004/11/18,2008/11/25,1468,2008/3/17,100.44,-19.48,0.2891,2008/11/25,81.38,0.63,2026/6/23,377.32,366.58,9.16,4418,6419,10,2008/12/10,79.75,373.13,9.27,4408,6404,-5,76.8265,2008/12/1,76.8265,391.13,9.49,4415,6413,2008/12/5,72.91,-9.84,7,10,許容,検出,4,3,2,2008/11/25,629.22,1,,,,,,,,,,,,,,
GLD|ETF,GLD,SPDR Gold Shares,汎用,2004/11/18,2008/11/25,1468,2008/3/17,100.44,-19.48,0.2891,2008/11/25,81.38,0.63,2026/6/23,377.32,366.58,9.16,4418,6419,10,2008/12/10,79.75,373.13,9.27,4408,6404,-5,76.8265,2008/12/1,76.8265,391.13,9.49,4415,6413,2008/12/5,72.91,-9.84,7,10,許容,検出,4,3,2,2008/11/25,629.22,1,,,,,,,,,,,,,,
IAU|ETF,IAU,iShares Gold Trust,汎用,2005/1/28,2008/11/25,1397,2008/3/17,20.096,-19.48,0.2889,2008/11/25,16.278,0.59,2026/6/25,75.9601,369.41,9.19,4420,6421,10,2008/12/10,15.96,375.94,9.3,4410,6406,-5,15.3729,2008/12/1,15.3729,394.12,9.52,4417,6415,2008/12/5,14.592,-9.83,7,10,許容,検出,4,3,2,2008/11/25,629.22,1,,,,,,,,,,,,,,
AMGN,AMGN,Amgen Inc.,汎用,1983/6/17,2008/7/3,9148,2005/9/20,58.3511,-41.51,0.1401,2008/9/16,44.6494,30.82,2026/6/23,347.01,916.73,13.77,4519,6564,10,2008/7/18,35.2845,883.46,13.6,4509,6549,-5,32.4234,2008/10/10,32.4234,970.25,14.33,4450,6465,2009/4/22,30.1825,-11.57,201,293,許容,検出,2,3,1,2008/7/3,353.58,4,,,,,,,,,,,,,,
6504.T,6504.T,"Fuji Electric Co., Ltd.",汎用,2000/1/4,2008/5/26,3065,2006/5/10,2336.1959,-36.01,0.5918,2008/6/3,1642.2472,9.86,2026/6/25,14290,855.97,13.3,4442,6604,10,2008/6/9,1563.3921,814.04,13.05,4432,6590,-5,1420.081,2008/6/26,1420.081,906.28,13.69,4419,6573,2009/3/10,275.1844,-81.59,194,288,早すぎ,検出,2,3,1,2008/5/27,307.93,4,,,19767.31,2067.77,,,,,,,,,,
6504,6504.T,"Fuji Electric Co., Ltd.",汎用,2000/1/4,2008/5/26,3065,2006/5/10,2336.1959,-36.01,0.5918,2008/6/3,1642.2472,9.86,2026/6/25,14290,855.97,13.3,4442,6604,10,2008/6/9,1563.3921,814.04,13.05,4432,6590,-5,1420.081,2008/6/26,1420.081,906.28,13.69,4419,6573,2009/3/10,275.1844,-81.59,194,288,早すぎ,検出,2,3,1,2008/5/27,307.93,4,,,19767.31,2067.77,,,,,,,,,,
SPGI,SPGI,S&P Global Inc.,汎用,1973/2/21,2008/5/15,12867,2007/6/5,51.6517,-37.76,0.5015,2008/9/9,34.4118,7.04,2026/6/23,400.16,1144.78,14.94,4553,6613,10,2008/5/30,30.1346,1227.91,15.39,4543,6598,-5,30.5397,2008/5/21,30.5397,1210.29,15.28,4549,6607,2008/10/10,12.522,-61.05,103,148,早すぎ,検出,3,1,2,2008/5/15,301.76,4,,,,,,,,,,,,,,
DLTR,DLTR,"Dollar Tree, Inc.",汎用,1995/3/7,2008/5/12,4815,2000/7/11,16.0833,-26.43,0.3823,2008/8/11,14.0667,18.87,2026/6/25,117.215,890.55,13.49,4558,6618,10,2008/5/27,11.26,940.99,13.84,4548,6603,-5,11.2416,2008/5/20,11.2416,942.69,13.83,4552,6610,2008/11/21,9.2033,-22.23,136,193,早すぎ,検出,3,2,1,2008/5/12,307.39,4,,,,,,,,,,,,,,
6841.T,6841.T,Yokogawa Electric Corporation,汎用,2000/1/4,2008/5/8,3047,2006/1/10,1785.3467,-46.52,0.4594,2008/5/8,954.7769,0,2026/6/25,5579,484.32,10.23,4454,6622,10,2008/5/22,759.9243,634.15,11.65,4444,6608,-5,907.0381,2008/5/9,907.0381,515.08,10.54,4453,6621,2009/3/11,249.0961,-73.91,207,307,早すぎ,検出,3,1,2,2008/5/8,309.77,4,,,14673.73,2511.25,,,,,,,,,,
6841,6841.T,Yokogawa Electric Corporation,汎用,2000/1/4,2008/5/8,3047,2006/1/10,1785.3467,-46.52,0.4594,2008/5/8,954.7769,0,2026/6/25,5579,484.32,10.23,4454,6622,10,2008/5/22,759.9243,634.15,11.65,4444,6608,-5,907.0381,2008/5/9,907.0381,515.08,10.54,4453,6621,2009/3/11,249.0961,-73.91,207,307,早すぎ,検出,3,1,2,2008/5/8,309.77,4,,,14673.73,2511.25,,,,,,,,,,
CMCSA,CMCSA,Comcast Corporation,汎用,1980/3/17,2008/2/19,10200,1999/12/27,11.4466,-43.79,0.3663,2008/6/5,7.2094,12.05,2026/6/25,22.92,256.22,7.17,4616,6701,10,2008/3/4,6.2802,264.96,7.33,4606,6687,-5,6.1125,2008/2/29,6.1125,274.97,7.48,4608,6691,2009/3/9,3.5371,-45.03,265,384,早すぎ,検出,4,3,2,2008/3/28,335.2,1,,,,,,,,,,,,,,
SLAB,SLAB,Silicon Laboratories Inc.,汎用,2000/3/24,2007/7/23,2677,2000/3/29,105.75,-64.6,0.2299,2007/10/25,45.15,20.59,2026/6/25,218.05,482.4,9.76,4761,6912,10,2007/8/6,34.32,535.34,10.29,4751,6898,-5,35.568,2007/7/25,35.568,513.05,10.06,4759,6910,2008/12/5,17.05,-54.46,348,501,早すぎ,検出,3,1,2,2008/3/28,335.2,4,,,,,,,,,,,,,,
SWKS,SWKS,"Skyworks Solutions, Inc.",汎用,1984/9/7,2006/3/28,7872,2000/2/29,61.2376,-91.46,0.0416,2008/6/16,8.7963,68.26,2026/6/25,71.4,1265.8,13.79,5092,7394,10,2006/4/11,5.6268,1168.92,13.4,5082,7380,-5,4.9663,2006/5/12,4.9663,1337.69,14.17,5060,7349,2008/12/5,2.7938,-46.56,679,983,早すぎ,検出,2,3,1,2008/3/28,335.2,4,,,,,,,,,,,,,,
STM,STM,STMicroelectronics N.V.,汎用,1994/12/8,2006/1/10,4051,2000/2/8,43.6829,-72.64,0.2311,2007/5/22,12.7865,7,2026/6/25,75.39,530.87,9.42,5145,7471,10,2006/1/25,11.3466,564.43,9.72,5135,7456,-5,11.3526,2006/1/18,11.3526,564.08,9.71,5140,7463,2009/3/6,2.4112,-79.82,793,1151,早すぎ,検出,3,1,2,2008/3/28,335.2,4,,,,,,,,,,,,,,
MKSI,MKSI,MKS Inc.,汎用,1999/3/30,2005/11/2,2409,2000/3/10,50.9957,-69.51,0.1494,2007/6/29,23.3228,50,2026/6/25,406.8,2516.31,17.13,5191,7540,10,2005/11/16,15.311,2556.91,17.25,5181,7526,-5,14.7712,2005/12/16,14.7712,2654.01,17.53,5160,7496,2009/3/9,9.3226,-40.04,840,1223,早すぎ,検出,3,2,1,2008/3/28,335.2,4,,,,,,,,,,,,,,
7832.T,7832.T,BANDAI NAMCO Holdings Inc.,汎用,2001/1/1,2005/8/18,1690,2003/9/24,3322.2962,-51.05,0.462,2005/9/2,1784.7827,9.75,2026/6/24,3673,125.85,3.99,5138,7615,10,2005/9/1,1768.9325,107.64,3.57,5128,7601,-5,1544.9629,2005/9/29,1544.9629,137.74,4.27,5108,7573,2010/10/18,169.84,-89.56,1282,1887,早すぎ,検出,3,4,2,2008/3/28,335.2,1,,,25115.89,11120.61,,,,,,,,,,
7832,7832.T,BANDAI NAMCO Holdings Inc.,汎用,2001/1/1,2005/8/18,1690,2003/9/24,3322.2962,-51.05,0.462,2005/9/2,1784.7827,9.75,2026/6/24,3673,125.85,3.99,5138,7615,10,2005/9/1,1768.9325,107.64,3.57,5128,7601,-5,1544.9629,2005/9/29,1544.9629,137.74,4.27,5108,7573,2010/10/18,169.84,-89.56,1282,1887,早すぎ,検出,3,4,2,2008/3/28,335.2,1,,,25115.89,11120.61,,,,,,,,,,
AMZN,AMZN,"Amazon.com, Inc.",汎用,1997/5/15,2005/7/29,2997,1999/12/9,5.65,-60.04,0.2223,2005/12/19,2.5,10.74,2026/6/23,234.11,10270.32,24.87,5256,7634,10,2005/8/12,2.21,10493.21,25.04,5246,7620,-5,2.1446,2005/8/24,2.1446,10816.13,25.27,5238,7608,2006/8/11,1.288,-42.95,261,378,早すぎ,検出,3,2,1,2008/3/28,335.2,4,,,,,,,,,,,,,,
ENTG,ENTG,"Entegris, Inc.",汎用,2000/7/11,2004/12/3,1606,2002/4/17,18.227,-45.35,0.5342,2007/6/29,11.6538,17,2026/6/25,179.28,1699.95,14.35,5422,7874,10,2004/12/17,9.434,1800.35,14.66,5412,7860,-5,9.4623,2004/12/9,9.4623,1794.68,14.63,5418,7868,2009/3/20,0.4784,-95.2,1080,1568,早すぎ,検出,3,1,2,2008/3/28,335.2,4,,,,,,,,,,,,,,
1379.T,1379.T,Hokuto Corporation,汎用,2001/1/4,2004/6/23,1266,2001/6/4,3009.8524,-64.95,0.0644,2007/6/28,1342.174,27.23,2026/6/24,1861,76.42,2.61,5439,8036,10,2004/7/7,1011.292,84.02,2.82,5429,8022,-5,1002.1376,2004/7/6,1002.1376,85.7,2.86,5430,8023,2008/1/22,920.2183,-12.77,914,1308,許容,検出,4,3,2,2008/3/28,335.2,1,,,591.51,335.28,,,,,,,,,,
DUK,DUK,Duke Energy Corporation,汎用,1980/3/17,2003/12/12,8670,2001/5/22,26.3854,-54.93,0.0026,2003/12/17,12.0904,1.68,2026/6/25,126.89,967.12,11.08,5667,8231,10,2003/12/29,12.7638,894.14,10.75,5657,8214,-5,11.2964,,,,,,,2003/12/17,11.8534,-0.31,3,5,成功,検出,1,2,,2008/3/28,335.2,3,,,,,,,,,,,,,,
QCOM,QCOM,QUALCOMM Incorporated,汎用,1991/12/13,2003/9/18,4297,2000/1/3,61.3237,-77.03,0.0299,2003/9/18,14.1876,0.7,2026/6/23,204.13,1348.86,12.46,5725,8314,10,2003/10/2,13.2448,1441.2,12.79,5715,8300,-5,13.3845,2003/9/24,13.3845,1425.12,12.73,5721,8308,2003/10/1,12.6318,-10.34,9,13,許容,検出,3,1,2,2008/3/28,335.2,4,,,,,,,,,,,,,,
TER,TER,"Teradyne, Inc.",汎用,1973/2/21,2003/9/9,11157,2000/5/1,106.1737,-81.78,0.1618,2004/1/20,28.2364,45.98,2026/6/25,454.02,2247.28,14.85,5734,8325,10,2003/9/23,20.115,2157.13,14.68,5724,8311,-5,18.3753,2003/9/10,18.3753,2370.82,15.11,5733,8324,2008/11/21,2.5753,-86.69,1312,1900,早すぎ,検出,2,3,1,2008/3/28,335.2,4,,,,,,,,,,,,,,
TXN,TXN,Texas Instruments Incorporated,汎用,1972/6/1,2003/8/25,11407,2000/3/6,60.4598,-77.09,0.1027,2007/7/17,24.6715,78.11,2026/6/23,304.36,2097.29,14.49,5742,8338,10,2003/9/9,15.5119,1862.11,13.95,5732,8323,-5,13.159,2004/7/16,13.159,2212.94,15.4,5518,8012,2008/12/5,8.5143,-38.53,1331,1929,早すぎ,検出,2,3,1,2008/3/28,335.2,4,,,,,,,,,,,,,,
AMD,AMD,"Advanced Micro Devices, Inc.",汎用,1980/3/17,2003/8/20,8556,2000/6/5,48.5,-81.2,0.1602,2006/3/3,42.7,368.2,2026/6/23,519.85,5600.11,19.36,5745,8343,10,2003/9/4,11.7,4343.16,18.1,5735,8328,-5,8.664,2007/12/13,8.664,5900.12,24.73,4658,6767,2015/7/27,1.61,-82.35,3003,4359,早すぎ,検出,2,3,1,2008/3/28,335.2,4,,,,,,,,,,,,,,
SOXX,SOXX,iShares Semiconductor ETF,汎用,2001/7/13,2003/8/20,768,2001/8/2,21.8832,-35.58,0.4994,2007/7/17,19.5923,38.99,2026/6/23,603.39,4180.55,17.88,5745,8343,10,2003/9/4,15.3305,3835.87,17.48,5735,8328,-5,13.3913,2004/7/26,13.3913,4405.84,18.98,5512,8002,2008/11/21,6.3286,-55.1,1325,1920,早すぎ,検出,2,3,1,2008/3/28,335.2,4,,,,,,,,,,,,,,
SOXX|ETF,SOXX,iShares Semiconductor ETF,汎用,2001/7/13,2003/8/20,768,2001/8/2,21.8832,-35.58,0.4994,2007/7/17,19.5923,38.99,2026/6/23,603.39,4180.55,17.88,5745,8343,10,2003/9/4,15.3305,3835.87,17.48,5735,8328,-5,13.3913,2004/7/26,13.3913,4405.84,18.98,5512,8002,2008/11/21,6.3286,-55.1,1325,1920,早すぎ,検出,2,3,1,2008/3/28,335.2,4,,,,,,,,,,,,,,
ASX,ASX,"ASE Technology Holding Co., Ltd.",汎用,2000/10/2,2003/6/19,990,2000/10/25,1.1764,-45.2,0.2569,2007/7/19,1.9266,198.88,2026/6/25,42.41,6479.27,19.95,5790,8407,10,2003/7/3,0.6707,6223.55,19.78,5780,8393,-5,0.6124,2003/6/23,0.6124,6825.55,20.23,5788,8403,2008/12/3,0.4608,-28.51,1375,1994,早すぎ,検出,2,3,1,2008/3/28,335.2,4,,,,,,,,,,,,,,
6503.T,6503.T,Mitsubishi Electric Corporation,汎用,2000/1/4,2003/6/11,1254,2000/6/22,823.0392,-68.56,0.0313,2003/6/12,267.5669,3.39,2026/6/25,5986,2213.13,14.61,5710,8415,10,2003/6/25,246.621,2327.21,14.87,5700,8401,-5,245.8439,2003/6/16,245.8439,2334.88,14.87,5707,8410,2003/6/26,240.54,-7.05,11,15,許容,検出,3,2,1,2008/3/28,335.2,4,,,121640.14,5258.68,,,,,,,,,,
6503,6503.T,Mitsubishi Electric Corporation,汎用,2000/1/4,2003/6/11,1254,2000/6/22,823.0392,-68.56,0.0313,2003/6/12,267.5669,3.39,2026/6/25,5986,2213.13,14.61,5710,8415,10,2003/6/25,246.621,2327.21,14.87,5700,8401,-5,245.8439,2003/6/16,245.8439,2334.88,14.87,5707,8410,2003/6/26,240.54,-7.05,11,15,許容,検出,3,2,1,2008/3/28,335.2,4,,,121640.14,5258.68,,,,,,,,,,
4078,4078.T,"Sakai Chemical Industry Co., Ltd.",汎用,2001/1/9,2003/6/10,882,2001/1/31,2130.3474,-46.42,0.3466,2007/7/5,2993.6732,162.28,2026/6/24,4485,292.94,6.12,5710,8415,10,2003/6/24,1075.1141,317.17,6.41,5700,8401,-5,1084.3378,2003/6/10,1084.3378,313.62,6.36,5710,8415,2008/10/28,616.7985,-45.96,1376,1967,早すぎ,検出,4,2,3,2008/3/28,335.2,1,,,691.3,175.93,,,,,,,,,,
7270.T,7270.T,Subaru Corporation,汎用,2000/1/4,2003/6/5,1248,2001/5/1,513.306,-47.34,0.348,2006/4/21,442.1858,63.59,2026/6/25,2401.5,788.44,9.94,5714,8421,10,2003/6/19,304.1653,689.54,9.39,5704,8407,-5,256.7911,2003/11/17,256.7911,835.2,10.4,5597,8256,2008/12/24,140.6102,-47.98,1417,2029,早すぎ,検出,2,3,1,2008/3/28,335.2,4,,,17996.59,2025.64,,,,,,,,,,
7270,7270.T,Subaru Corporation,汎用,2000/1/4,2003/6/5,1248,2001/5/1,513.306,-47.34,0.348,2006/4/21,442.1858,63.59,2026/6/25,2401.5,788.44,9.94,5714,8421,10,2003/6/19,304.1653,689.54,9.39,5704,8407,-5,256.7911,2003/11/17,256.7911,835.2,10.4,5597,8256,2008/12/24,140.6102,-47.98,1417,2029,早すぎ,検出,2,3,1,2008/3/28,335.2,4,,,17996.59,2025.64,,,,,,,,,,
ROP,ROP,"Roper Technologies, Inc.",汎用,1992/2/13,2003/6/2,4127,2002/1/7,22.7061,-29.96,0.0746,2003/6/2,16.3082,2.54,2026/6/25,336.54,2016.12,14.15,5803,8424,10,2003/6/16,16.4257,1948.86,14.01,5793,8410,-5,15.1084,,,,,,,2003/6/9,15.3553,-3.45,5,7,成功,検出,1,2,,2008/3/28,335.2,3,,,,,,,,,,,,,,
XLU|ETF,XLU,State Street Utilities Select Sector SPDR ETF,汎用,1998/12/22,2003/5/28,1618,2000/11/13,7.0557,-29.49,0.165,2003/6/20,5.1739,4,2026/6/25,45.59,816.38,10.08,5806,8429,10,2003/6/11,5.0267,806.96,10.04,5796,8415,-5,4.7262,2003/7/16,4.7262,864.61,10.38,5772,8380,2003/8/6,4.5637,-8.27,49,70,許容,検出,2,3,1,2008/3/28,335.2,4,,,,,,,,,,,,,,
AAPL,AAPL,Apple Inc.,汎用,1980/12/12,2003/5/8,8182,2000/3/23,1.1254,-76.06,0.0234,2003/5/16,0.2845,5.62,2026/6/23,294.3,109142.76,35.33,5817,8447,10,2003/5/22,0.273,107697.94,35.32,5807,8433,-5,0.2559,2003/6/3,0.2559,114892.38,35.75,5800,8421,2003/6/9,0.2489,-7.6,21,32,許容,検出,2,3,1,2008/3/28,335.2,4,,,,,,,,,,,,,,
MCK,MCK,McKesson Corporation,汎用,1994/11/10,2003/5/2,3095,1998/9/28,78.0895,-68.63,0.0893,2003/6/17,31.307,27.78,2026/6/25,777.075,3071.71,16.11,5823,8455,10,2003/5/16,24.7526,3039.36,16.08,5813,8441,-5,23.2752,2004/2/23,23.2752,3238.64,17.01,5620,8158,2004/10/21,19.2452,-21.45,371,538,早すぎ,検出,2,3,1,2008/3/28,335.2,4,,,,,,,,,,,,,,
QQQ,QQQ,Invesco QQQ Trust,汎用,1999/3/10,2003/3/17,1468,2000/3/24,101.5375,-77.93,0.0146,2003/3/21,23.0714,2.93,2026/6/23,713.65,3083.93,16.04,5854,8499,10,2003/3/31,21.2765,3254.16,16.32,5844,8485,-5,21.2934,2003/3/31,21.2934,3251.51,16.32,5844,8485,2003/3/31,21.2428,-5.23,10,14,許容,検出,3,1,2,2008/3/28,335.2,4,,,,,,,,,,,,,,
QQQ|ETF,QQQ,Invesco QQQ Trust,汎用,1999/3/10,2003/3/17,1468,2000/3/24,101.5375,-77.93,0.0146,2003/3/21,23.0714,2.93,2026/6/23,713.65,3083.93,16.04,5854,8499,10,2003/3/31,21.2765,3254.16,16.32,5844,8485,-5,21.2934,2003/3/31,21.2934,3251.51,16.32,5844,8485,2003/3/31,21.2428,-5.23,10,14,許容,検出,3,1,2,2008/3/28,335.2,4,,,,,,,,,,,,,,
COHR,COHR,Coherent Corp.,汎用,1987/10/2,2002/11/6,5514,2000/3/7,9.25,-59.19,0.0323,2002/11/22,4.3125,14.24,2026/6/25,403.42,10586.62,21.86,5944,8632,10,2002/11/20,3.8575,10358.07,21.78,5934,8618,-5,3.5862,,,,,,,2003/1/22,3.5925,-4.83,51,77,成功,検出,1,2,,2008/3/28,335.2,3,,,,,,,,,,,,,,
TMO,TMO,Thermo Fisher Scientific Inc.,汎用,1980/3/17,2002/10/25,8257,1997/12/31,36.1825,-51.1,0.0855,2002/12/26,19.5265,10.36,2026/6/23,469.35,2552.74,14.86,5950,8642,10,2002/11/8,18.0994,2493.19,14.78,5940,8628,-5,16.8084,2003/1/30,16.8084,2692.36,15.29,5885,8545,2003/3/12,15.9634,-9.78,93,138,許容,検出,2,3,1,2008/3/28,335.2,4,,,,,,,,,,,,,,
XLF|ETF,XLF,State Street Financial Select Sector SPDR ETF,汎用,1998/12/22,2002/10/17,1395,2001/1/4,15.0179,-24.45,0.6814,2007/5/31,21.2559,87.35,2026/6/25,54.0299,376.23,6.81,5958,8652,10,2002/10/31,11.3757,374.96,6.81,5948,8638,-5,10.7781,2003/1/31,10.7781,401.29,7.13,5886,8546,2009/3/6,3.4895,-69.24,1606,2332,早すぎ,検出,2,3,1,2008/3/28,335.2,4,,,,,,,,,,,,,,
DIOD,DIOD,Diodes Incorporated,汎用,1973/2/21,2002/5/16,10676,2000/6/26,10.1605,-72.3,0.1215,2002/8/21,2.9037,3.16,2026/6/25,116.59,4042.03,16.7,6065,8806,10,2002/5/31,2.4919,4578.85,17.33,6055,8791,-5,2.6741,2002/5/16,2.6741,4260.04,16.95,6065,8806,2002/10/10,1.7985,-36.1,102,147,早すぎ,検出,3,1,2,2008/3/28,335.2,4,,,,,,,,,,,,,,
ISRG,ISRG,"Intuitive Surgical, Inc.",汎用,2000/6/16,2002/4/25,678,2000/7/31,4.2361,-45.02,0.4424,2002/4/25,2.4333,4.48,2026/6/23,403.18,17212.04,23.78,6078,8825,10,2002/5/9,1.9444,20634.98,24.75,6068,8811,-5,2.2125,2002/4/26,2.2125,18123.2,24.04,6077,8824,2003/2/28,0.8156,-64.98,213,309,早すぎ,検出,3,1,2,2008/3/28,335.2,4,,,,,,,,,,,,,,
CTSH,CTSH,Cognizant Technology Solutions Corporation,汎用,1998/6/19,2002/4/18,1399,2000/3/27,2.6322,-34,0.2294,2002/5/15,2.0255,16.6,2026/6/25,39.83,2192.77,13.83,6085,8834,10,2002/5/2,1.6569,2303.9,14.07,6075,8820,-5,1.6503,2002/4/18,1.6503,2313.44,14.07,6085,8834,2002/6/3,1.4708,-15.34,31,46,早すぎ,検出,3,2,1,2008/3/28,335.2,4,,,,,,,,,,,,,,
CCEP,CCEP,Coca-Cola Europacific Partners PLC,汎用,1986/11/24,2001/10/18,5442,1998/7/16,12.1285,-56.15,0.3066,2004/6/22,8.9316,67.93,2026/6/25,99.66,1773.8,12.61,6209,9016,10,2001/11/1,5.6612,1660.4,12.34,6199,9002,-5,5.0527,2001/12/3,5.0527,1872.42,12.91,6178,8970,2008/11/21,2.308,-56.61,1787,2591,早すぎ,検出,2,3,1,2008/3/28,335.2,4,,,,,,,,,,,,,,
WM,WM,"Waste Management, Inc.",汎用,1988/6/22,2001/6/15,4741,1999/5/4,33.1489,-50.8,0.2488,2001/12/28,17.982,10.25,2026/6/25,223.39,1269.63,11.02,6292,9141,10,2001/6/29,17.0459,1210.52,10.85,6282,9127,-5,15.4948,2001/9/17,15.4948,1341.71,11.37,6232,9047,2003/2/25,10.733,-34.2,422,620,早すぎ,検出,2,3,1,2008/3/28,335.2,4,,,,,,,,,,,,,,
XLB|ETF,XLB,State Street Materials Select Sector SPDR ETF,汎用,1998/12/22,2000/12/27,736,1999/5/10,7.817,-20.2,0.4516,2002/5/24,7.2201,15.75,2026/6/25,52.03,734.13,8.68,6409,9311,10,2001/1/11,5.8188,794.18,8.99,6399,9296,-5,5.9257,2001/1/10,5.9257,778.04,8.91,6400,9297,2002/10/10,4.9371,-20.85,446,652,早すぎ,検出,3,1,2,2008/3/28,335.2,4,,,,,,,,,,,,,,
NOC,NOC,Northrop Grumman Corporation,汎用,1981/12/31,2000/4/19,6684,1998/2/27,34.8373,-51.47,0.0055,2000/4/20,17.9315,6.07,2026/6/23,513.22,2935.74,13.93,6581,9561,10,2000/5/4,19.4202,2542.71,13.35,6571,9546,-5,16.0606,,,,,,,2000/4/20,16.8066,-0.59,1,1,成功,検出,1,2,,2008/3/28,335.2,3,,,,,,,,,,,,,,
DHR,DHR,Danaher Corporation,汎用,1978/12/29,2000/4/3,7766,1999/4/28,6.8415,-25.09,0.3068,2000/12/11,6.9354,35.33,2026/6/23,178.97,3392.17,14.51,6593,9577,10,2000/4/17,4.9449,3519.26,14.69,6583,9563,-5,4.8687,2000/4/14,4.8687,3575.96,14.75,6584,9566,2001/9/21,4.3653,-14.82,367,536,許容,検出,3,2,1,2008/3/28,335.2,4,,,,,,,,,,,,,,
APH,APH,Amphenol Corporation,汎用,1991/11/8,1999/7/19,2810,1998/3/6,0.8658,-29.39,0.1497,1999/7/19,0.6172,0.97,2026/6/25,165.31,26942.37,23.11,6775,9838,10,1999/8/2,0.5834,28235.82,23.36,6765,9824,-5,0.5807,1999/7/22,0.5807,28365.65,23.35,6772,9835,1999/8/10,0.5665,-7.33,16,22,許容,検出,3,2,1,2008/3/28,335.2,4,,,,,,,,,,,,,,
DE,DE,Deere & Company,汎用,1972/6/1,1999/3/19,9787,1998/3/27,18.5478,-41.04,0.1917,2000/1/14,14.5527,33.07,2026/6/25,617.535,5546.81,15.94,6858,9960,10,1999/4/5,11.5743,5235.38,15.73,6848,9943,-5,10.3892,2000/3/2,10.3892,5844.01,16.79,6617,9611,2000/3/7,9.1307,-16.51,244,354,早すぎ,検出,2,3,1,2008/3/28,335.2,4,,,,,,,,,,,,,,
NKE,NKE,"NIKE, Inc.",汎用,1980/12/2,1998/4/23,6351,1997/2/19,6.8869,-38.3,0.4172,1999/5/24,6.1013,43.59,2026/6/23,42.38,897.36,8.51,7084,10288,10,1998/5/7,4.1359,924.68,8.62,7074,10274,-5,4.0367,1998/6/12,4.0367,949.86,8.75,7049,10238,2000/3/9,2.3613,-44.43,474,686,早すぎ,検出,3,2,1,2008/3/28,335.2,4,,,,,,,,,,,,,,
CPRT,CPRT,"Copart, Inc.",汎用,1994/3/17,1998/4/14,1489,1996/2/1,0.3151,-38.02,0.1711,1998/8/19,0.2617,34.01,2026/6/25,30.265,15396.67,19.58,7093,10299,10,1998/4/28,0.2083,14427.22,19.34,7083,10285,-5,0.1855,1998/5/26,0.1855,16212.29,19.89,7064,10257,1998/9/9,0.1706,-12.66,103,148,許容,検出,2,3,1,2008/3/28,335.2,4,,,,,,,,,,,,,,
REGN,REGN,"Regeneron Pharmaceuticals, Inc.",汎用,1991/4/2,1997/9/19,2362,1996/10/8,24.6712,-58.29,0.2845,2000/2/29,56.905,453.01,2026/6/23,618.03,5906.12,15.3,7232,10504,10,1997/10/3,10.7859,5629.97,15.14,7222,10490,-5,9.7755,1997/9/29,9.7755,6222.23,15.53,7226,10494,2005/4/12,4.5722,-55.57,1900,2762,早すぎ,検出,2,3,1,2008/3/28,335.2,4,,,,,,,,,,,,,,
ROST,ROST,"Ross Stores, Inc.",汎用,1985/8/8,1995/7/19,3632,1989/10/11,0.5672,-47.48,0.0713,1995/7/20,0.2979,-0.01,2026/6/25,222.29,74519,23.84,7784,11299,10,1995/8/2,0.2828,78515.02,24.08,7774,11285,-5,0.283,1995/8/2,0.283,78446.31,24.08,7774,11285,1995/8/2,0.2772,-6.94,10,14,許容,検出,3,1,2,2008/3/28,335.2,4,,,,,,,,,,,,,,
BSX,BSX,Boston Scientific Corporation,汎用,1992/5/19,1994/8/22,825,1993/1/26,5.9062,-36.51,0,1994/8/22,3.8125,1.67,2026/6/23,45.6,1116,8.16,8011,11628,10,1994/9/6,4.0312,1031.16,7.93,8001,11613,-5,3.5625,,,,,,,1994/8/22,3.75,0,0,0,成功,検出,1,2,,2008/3/28,335.2,3,,,,,,,,,,,,,,
COST,COST,Costco Wholesale Corporation,汎用,1986/7/9,1993/6/17,2535,1991/8/29,10.8674,-43.29,0.3152,1994/3/3,7.2033,16.89,2026/6/23,957.68,15440.7,16.51,8309,12059,10,1993/7/1,5.6211,16937.33,16.86,8299,12045,-5,5.8543,1993/6/18,5.8543,16258.63,16.7,8308,12058,1995/3/9,3.9972,-35.14,436,630,早すぎ,検出,3,1,2,2008/3/28,335.2,4,,,,,,,,,,,,,,
KLIC,KLIC,"Kulicke and Soffa Industries, Inc.",汎用,1973/2/21,1992/11/20,7212,1983/7/22,7.5957,-82.14,0.0592,2000/3/7,37.8971,2693.95,2026/6/25,128.78,9394.25,14.52,8454,12270,10,1992/12/7,1.4378,8857.01,14.34,8444,12253,-5,1.2886,1992/12/8,1.2886,9893.95,14.71,8443,12252,2008/11/25,0.9636,-28.96,4034,5849,早すぎ,検出,2,3,1,2008/3/28,335.2,4,,,,,,,,,,,,,,
ADI,ADI,"Analog Devices, Inc.",汎用,1980/3/17,1990/6/6,3733,1986/5/6,2.5136,-65.65,0.1559,1990/6/7,0.876,1.47,2026/6/25,421.31,48702.27,18.73,9078,13168,10,1990/6/20,0.7871,53427.55,19.06,9068,13154,-5,0.8201,1990/6/12,0.8201,51270.81,18.91,9074,13162,1990/11/5,0.5586,-35.3,106,152,早すぎ,検出,3,1,2,2008/3/28,335.2,4,,,,,,,,,,,,,,
LOW,LOW,"Lowe's Companies, Inc.",汎用,1980/3/17,1988/6/13,3010,1986/5/22,0.7522,-41.98,0.1917,1988/6/15,0.446,2.19,2026/6/23,213.54,48832.17,17.69,9577,13889,10,1988/6/27,0.4052,52600.77,17.94,9567,13875,-5,0.4146,1988/6/16,0.4146,51407.55,17.85,9574,13886,1988/8/22,0.3615,-17.16,49,70,早すぎ,検出,3,1,2,2008/3/28,335.2,4,,,,,,,,,,,,,,
JPM,JPM,JPMorgan Chase & Co.,汎用,1980/3/17,1988/6/2,2999,1986/4/22,4.4905,-38.94,0.4829,1989/10/9,4.2841,56.25,2026/6/23,334.14,12086.44,13.45,9584,13900,10,1988/6/16,2.6964,12292.04,13.52,9574,13886,-5,2.6048,1990/3/29,2.6048,12727.83,14.34,9123,13235,1990/10/30,1.1088,-59.56,610,880,早すぎ,検出,3,2,1,2008/3/28,335.2,4,,,,,,,,,,,,,,
NVO,NVO,Novo Nordisk A/S,汎用,1981/4/30,1988/2/5,2472,1983/9/20,0.1927,-63.1,0.0086,1988/2/5,0.0721,1.39,2026/6/23,47.42,66594.79,18.46,9665,14018,10,1988/2/22,0.0724,65369.94,18.43,9655,14001,-5,0.0675,,,,,,,1988/2/8,0.07,-1.48,1,3,成功,検出,1,2,,2008/3/28,335.2,3,,,,,,,,,,,,,,
HD,HD,"The Home Depot, Inc.",汎用,1981/9/22,1986/2/19,1611,1983/9/23,0.385,-55.69,0.0138,1986/2/19,0.1782,4.44,2026/6/23,324.45,190081.72,20.58,10162,14734,10,1986/3/5,0.1721,188390.38,20.58,10152,14720,-5,0.1621,,,,,,,1986/2/20,0.1676,-1.76,1,1,成功,検出,1,2,,2008/3/28,335.2,3,,,,,,,,,,,,,,
UNP,UNP,Union Pacific Corporation,汎用,1980/1/2,1983/1/6,1100,1980/11/26,2.7258,-39.85,0.3331,1983/6/22,1.9118,16.61,2026/6/23,258.61,15673.71,12.35,10950,15874,10,1983/1/20,1.5522,16560.87,12.5,10940,15860,-5,1.5575,1983/1/6,1.5575,16503.91,12.48,10950,15874,1984/7/31,1.0969,-33.09,396,572,早すぎ,検出,3,1,2,2008/3/28,335.2,4,,,,,,,,,,,,,,
CL,CL,Colgate-Palmolive Company,汎用,1973/5/2,1980/5/7,2562,1975/6/3,0.49,-47.43,0.0952,1980/5/23,0.2665,3.44,2026/6/25,91.47,35408.54,13.57,11626,16850,10,1980/5/21,0.2554,35720.06,13.61,11616,16836,-5,0.2447,1980/5/7,0.2447,37277.41,13.7,11626,16850,1980/6/20,0.2332,-9.49,31,44,許容,検出,3,2,1,2008/3/28,335.2,4,,,,,,,,,,,,,,
NEE,NEE,"NextEra Energy, Inc.",汎用,1973/2/21,1975/10/20,971,1973/3/14,0.3835,-35.01,0.3041,1978/8/16,0.2816,13,2026/6/23,86.43,34582.99,12.23,12773,18509,10,1975/11/3,0.2409,35784.48,12.32,12763,18495,-5,0.2367,1975/12/4,0.2367,36408.41,12.38,12741,18464,1980/2/27,0.1905,-23.54,1100,1591,早すぎ,検出,3,2,1,2008/3/28,335.2,4,,,,,,,,,,,,,,
XEL,XEL,Xcel Energy Inc.,汎用,1973/2/21,1975/1/31,709,1973/6/8,1.0672,-29.88,0.2577,1977/8/25,1.0805,44.38,2026/6/25,81.29,10761.84,9.55,12956,18773,10,1975/2/14,0.7705,10449.73,9.49,12946,18759,-5,0.711,1980/2/8,0.711,11333.51,10.76,11687,16939,1980/3/10,0.6377,-14.79,1289,1865,許容,検出,2,3,1,2008/3/28,335.2,4,,,,,,,,,,,,,,
285A.T,285A.T,KIOXIA HOLDINGS CORPORATION,汎用,2024/12/18,,,,,,,,,,,,,,,,,,,,,,,,,,,,,,,,,,,,,未検出,,,,,,,,,,,,,,,,,,,,
8035.T,8035.T,Tokyo Electron Limited,汎用,2000/1/4,,,,,,,,,,,,,,,,,,,,,,,,,,,,,,,,,,,,,未検出,,,,,,,,,,,,,,,,,,,,
6920.T,6920.T,Lasertec Corporation,汎用,2010/2/22,,,,,,,,,,,,,,,,,,,,,,,,,,,,,,,,,,,,,未検出,,,,,,,,,,,,,,,,,,,,
9348.T,9348.T,"ispace, inc.",汎用,2023/4/13,,,,,,,,,,,,,,,,,,,,,,,,,,,,,,,,,,,,,未検出,,,,,,,,,,,,,,,,,,,,
MSFT,MSFT,Microsoft Corporation,汎用,1986/3/13,,,,,,,,,,,,,,,,,,,,,,,,,,,,,,,,,,,,,未検出,,,,,,,,,,,,,,,,,,,,
1301.T,1301.T,"Kyokuyo Co., Ltd.",汎用,2001/1/1,,,,,,,,,,,,,,,,,,,,,,,,,,,,,,,,,,,,,未検出,,,,,,,,,,,,,,,,,,,,
130A.T,130A.T,VERITAS IN SILICO INC,汎用,2024/2/8,,,,,,,,,,,,,,,,,,,,,,,,,,,,,,,,,,,,,未検出,,,,,,,,,,,,,,,,,,,,
1375.T,1375.T,"Yukiguni Factory Co., Ltd.",汎用,2020/9/17,,,,,,,,,,,,,,,,,,,,,,,,,,,,,,,,,,,,,未検出,,,,,,,,,,,,,,,,,,,,
1376.T,1376.T,"Kaneko Seeds Co., Ltd.",汎用,2000/1/5,,,,,,,,,,,,,,,,,,,,,,,,,,,,,,,,,,,,,未検出,,,,,,,,,,,,,,,,,,,,
1377.T,1377.T,Sakata Seed Corporation,汎用,2001/1/1,,,,,,,,,,,,,,,,,,,,,,,,,,,,,,,,,,,,,未検出,,,,,,,,,,,,,,,,,,,,
1380.T,1380.T,"Akikawa Foods & Farms Co., Ltd.",汎用,2000/1/4,,,,,,,,,,,,,,,,,,,,,,,,,,,,,,,,,,,,,未検出,,,,,,,,,,,,,,,,,,,,
1383.T,1383.T,"Berg Earth Co.,Ltd.",汎用,2011/11/29,,,,,,,,,,,,,,,,,,,,,,,,,,,,,,,,,,,,,未検出,,,,,,,,,,,,,,,,,,,,
1878.T,1878.T,"Daito Trust Construction Co.,Ltd.",汎用,2001/1/1,,,,,,,,,,,,,,,,,,,,,,,,,,,,,,,,,,,,,未検出,,,,,,,,,,,,,,,,,,,,
1925.T,1925.T,"Daiwa House Industry Co., Ltd.",汎用,2000/1/4,,,,,,,,,,,,,,,,,,,,,,,,,,,,,,,,,,,,,未検出,,,,,,,,,,,,,,,,,,,,
1928.T,1928.T,"Sekisui House, Ltd.",汎用,2000/1/4,,,,,,,,,,,,,,,,,,,,,,,,,,,,,,,,,,,,,未検出,,,,,,,,,,,,,,,,,,,,
2002.T,2002.T,Nisshin Seifun Group Inc.,汎用,2000/1/4,,,,,,,,,,,,,,,,,,,,,,,,,,,,,,,,,,,,,未検出,,,,,,,,,,,,,,,,,,,,
215A.T,215A.T,TIMEE INC,汎用,2024/7/26,,,,,,,,,,,,,,,,,,,,,,,,,,,,,,,,,,,,,未検出,,,,,,,,,,,,,,,,,,,,
2269.T,2269.T,"Meiji Holdings Co., Ltd.",汎用,2000/1/4,,,,,,,,,,,,,,,,,,,,,,,,,,,,,,,,,,,,,未検出,,,,,,,,,,,,,,,,,,,,
2282.T,2282.T,NH Foods Ltd.,汎用,2000/1/4,,,,,,,,,,,,,,,,,,,,,,,,,,,,,,,,,,,,,未検出,,,,,,,,,,,,,,,,,,,,
2502.T,2502.T,"Asahi Group Holdings, Ltd.",汎用,2000/1/4,,,,,,,,,,,,,,,,,,,,,,,,,,,,,,,,,,,,,未検出,,,,,,,,,,,,,,,,,,,,
2503.T,2503.T,"Kirin Holdings Company, Limited",汎用,2000/1/4,,,,,,,,,,,,,,,,,,,,,,,,,,,,,,,,,,,,,未検出,,,,,,,,,,,,,,,,,,,,
2587.T,2587.T,Suntory Beverage & Food Limited,汎用,2013/7/5,,,,,,,,,,,,,,,,,,,,,,,,,,,,,,,,,,,,,未検出,,,,,,,,,,,,,,,,,,,,
2670.T,2670.T,"ABC-Mart,Inc.",汎用,2002/11/22,,,,,,,,,,,,,,,,,,,,,,,,,,,,,,,,,,,,,未検出,,,,,,,,,,,,,,,,,,,,
2914.T,2914.T,Japan Tobacco Inc.,汎用,2000/1/4,,,,,,,,,,,,,,,,,,,,,,,,,,,,,,,,,,,,,未検出,,,,,,,,,,,,,,,,,,,,
3197.T,3197.T,"Skylark Holdings Co., Ltd.",汎用,2014/10/9,,,,,,,,,,,,,,,,,,,,,,,,,,,,,,,,,,,,,未検出,,,,,,,,,,,,,,,,,,,,
3291.T,3291.T,"Iida Group Holdings Co., Ltd.",汎用,2011/3/18,,,,,,,,,,,,,,,,,,,,,,,,,,,,,,,,,,,,,未検出,,,,,,,,,,,,,,,,,,,,
3382.T,3382.T,"Seven & i Holdings Co., Ltd.",汎用,2000/1/4,,,,,,,,,,,,,,,,,,,,,,,,,,,,,,,,,,,,,未検出,,,,,,,,,,,,,,,,,,,,
3697.T,3697.T,SHIFT Inc.,汎用,2014/11/14,,,,,,,,,,,,,,,,,,,,,,,,,,,,,,,,,,,,,未検出,,,,,,,,,,,,,,,,,,,,
3861.T,3861.T,Oji Holdings Corporation,汎用,2000/1/4,,,,,,,,,,,,,,,,,,,,,,,,,,,,,,,,,,,,,未検出,,,,,,,,,,,,,,,,,,,,
387A.T,387A.T,FULLER INC,汎用,2025/7/25,,,,,,,,,,,,,,,,,,,,,,,,,,,,,,,,,,,,,未検出,,,,,,,,,,,,,,,,,,,,
4180.T,4180.T,"Appier Group, Inc.",汎用,2021/3/30,,,,,,,,,,,,,,,,,,,,,,,,,,,,,,,,,,,,,未検出,,,,,,,,,,,,,,,,,,,,
4194.T,4194.T,"Visional, Inc.",汎用,2021/4/22,,,,,,,,,,,,,,,,,,,,,,,,,,,,,,,,,,,,,未検出,,,,,,,,,,,,,,,,,,,,
4204.T,4204.T,"Sekisui Chemical Co., Ltd.",汎用,2001/1/1,,,,,,,,,,,,,,,,,,,,,,,,,,,,,,,,,,,,,未検出,,,,,,,,,,,,,,,,,,,,
4377.T,4377.T,ONE CAREER Inc.,汎用,2021/10/7,,,,,,,,,,,,,,,,,,,,,,,,,,,,,,,,,,,,,未検出,,,,,,,,,,,,,,,,,,,,
4412.T,4412.T,"Science Arts, Inc.",汎用,2021/11/25,,,,,,,,,,,,,,,,,,,,,,,,,,,,,,,,,,,,,未検出,,,,,,,,,,,,,,,,,,,,
4452.T,4452.T,Kao Corporation,汎用,2000/1/4,,,,,,,,,,,,,,,,,,,,,,,,,,,,,,,,,,,,,未検出,,,,,,,,,,,,,,,,,,,,
4503.T,4503.T,Astellas Pharma Inc.,汎用,2000/1/4,,,,,,,,,,,,,,,,,,,,,,,,,,,,,,,,,,,,,未検出,,,,,,,,,,,,,,,,,,,,
4519.T,4519.T,"Chugai Pharmaceutical Co., Ltd.",汎用,2000/1/4,,,,,,,,,,,,,,,,,,,,,,,,,,,,,,,,,,,,,未検出,,,,,,,,,,,,,,,,,,,,
4528.T,4528.T,"Ono Pharmaceutical Co., Ltd.",汎用,2001/1/4,,,,,,,,,,,,,,,,,,,,,,,,,,,,,,,,,,,,,未検出,,,,,,,,,,,,,,,,,,,,
4543.T,4543.T,Terumo Corporation,汎用,2000/1/4,,,,,,,,,,,,,,,,,,,,,,,,,,,,,,,,,,,,,未検出,,,,,,,,,,,,,,,,,,,,
4544.T,4544.T,"H.U. Group Holdings, Inc.",汎用,2001/1/1,,,,,,,,,,,,,,,,,,,,,,,,,,,,,,,,,,,,,未検出,,,,,,,,,,,,,,,,,,,,
4578.T,4578.T,"Otsuka Holdings Co., Ltd.",汎用,2010/12/15,,,,,,,,,,,,,,,,,,,,,,,,,,,,,,,,,,,,,未検出,,,,,,,,,,,,,,,,,,,,
4684.T,4684.T,"OBIC Co.,Ltd.",汎用,2001/1/1,,,,,,,,,,,,,,,,,,,,,,,,,,,,,,,,,,,,,未検出,,,,,,,,,,,,,,,,,,,,
4704.T,4704.T,Trend Micro Incorporated,汎用,2000/8/17,,,,,,,,,,,,,,,,,,,,,,,,,,,,,,,,,,,,,未検出,,,,,,,,,,,,,,,,,,,,
4887.T,4887.T,"Sawai Group Holdings Co., Ltd.",汎用,2021/4/1,,,,,,,,,,,,,,,,,,,,,,,,,,,,,,,,,,,,,未検出,,,,,,,,,,,,,,,,,,,,
4890.T,4890.T,Tsubota Laboratory Incorporated,汎用,2022/6/23,,,,,,,,,,,,,,,,,,,,,,,,,,,,,,,,,,,,,未検出,,,,,,,,,,,,,,,,,,,,
4901.T,4901.T,FUJIFILM Holdings Corporation,汎用,2000/1/4,,,,,,,,,,,,,,,,,,,,,,,,,,,,,,,,,,,,,未検出,,,,,,,,,,,,,,,,,,,,
4922.T,4922.T,KOSE Holdings Corporation,汎用,2001/1/4,,,,,,,,,,,,,,,,,,,,,,,,,,,,,,,,,,,,,未検出,,,,,,,,,,,,,,,,,,,,
5027.T,5027.T,AnyMind Group Inc.,汎用,2023/3/29,,,,,,,,,,,,,,,,,,,,,,,,,,,,,,,,,,,,,未検出,,,,,,,,,,,,,,,,,,,,
5031.T,5031.T,Moi Corporation,汎用,2022/4/27,,,,,,,,,,,,,,,,,,,,,,,,,,,,,,,,,,,,,未検出,,,,,,,,,,,,,,,,,,,,
5034.T,5034.T,"unerry,Inc.",汎用,2022/7/28,,,,,,,,,,,,,,,,,,,,,,,,,,,,,,,,,,,,,未検出,,,,,,,,,,,,,,,,,,,,
5038.T,5038.T,"eWeLL Co.,Ltd.",汎用,2022/9/20,,,,,,,,,,,,,,,,,,,,,,,,,,,,,,,,,,,,,未検出,,,,,,,,,,,,,,,,,,,,
5101.T,5101.T,"The Yokohama Rubber Company, Limited",汎用,2000/1/4,,,,,,,,,,,,,,,,,,,,,,,,,,,,,,,,,,,,,未検出,,,,,,,,,,,,,,,,,,,,
5108.T,5108.T,Bridgestone Corporation,汎用,2000/1/4,,,,,,,,,,,,,,,,,,,,,,,,,,,,,,,,,,,,,未検出,,,,,,,,,,,,,,,,,,,,
5132.T,5132.T,"pluszero, Inc.",汎用,2022/10/31,,,,,,,,,,,,,,,,,,,,,,,,,,,,,,,,,,,,,未検出,,,,,,,,,,,,,,,,,,,,
5246.T,5246.T,"ELEMENTS, Inc.",汎用,2022/12/27,,,,,,,,,,,,,,,,,,,,,,,,,,,,,,,,,,,,,未検出,,,,,,,,,,,,,,,,,,,,
5248.T,5248.T,"TECHNOLOGIES, Inc.",汎用,2023/1/27,,,,,,,,,,,,,,,,,,,,,,,,,,,,,,,,,,,,,未検出,,,,,,,,,,,,,,,,,,,,
5253.T,5253.T,COVER Corporation,汎用,2023/3/27,,,,,,,,,,,,,,,,,,,,,,,,,,,,,,,,,,,,,未検出,,,,,,,,,,,,,,,,,,,,
5255.T,5255.T,Monstarlab Inc.,汎用,2023/3/28,,,,,,,,,,,,,,,,,,,,,,,,,,,,,,,,,,,,,未検出,,,,,,,,,,,,,,,,,,,,
5257.T,5257.T,"Nova System Co.,Ltd.",汎用,2023/3/30,,,,,,,,,,,,,,,,,,,,,,,,,,,,,,,,,,,,,未検出,,,,,,,,,,,,,,,,,,,,
5258.T,5258.T,Transaction Media Networks Inc.,汎用,2023/4/4,,,,,,,,,,,,,,,,,,,,,,,,,,,,,,,,,,,,,未検出,,,,,,,,,,,,,,,,,,,,
5574.T,5574.T,"ABEJA, Inc.",汎用,2023/6/14,,,,,,,,,,,,,,,,,,,,,,,,,,,,,,,,,,,,,未検出,,,,,,,,,,,,,,,,,,,,
5802.T,5802.T,"Sumitomo Electric Industries, Ltd.",汎用,2000/1/4,,,,,,,,,,,,,,,,,,,,,,,,,,,,,,,,,,,,,未検出,,,,,,,,,,,,,,,,,,,,
6146.T,6146.T,Disco Corporation,汎用,2001/1/1,,,,,,,,,,,,,,,,,,,,,,,,,,,,,,,,,,,,,未検出,,,,,,,,,,,,,,,,,,,,
6326.T,6326.T,Kubota Corporation,汎用,2000/1/4,,,,,,,,,,,,,,,,,,,,,,,,,,,,,,,,,,,,,未検出,,,,,,,,,,,,,,,,,,,,
6481.T,6481.T,"THK Co., Ltd.",汎用,2001/1/4,,,,,,,,,,,,,,,,,,,,,,,,,,,,,,,,,,,,,未検出,,,,,,,,,,,,,,,,,,,,
6526.T,6526.T,Socionext Inc.,汎用,2022/10/12,,,,,,,,,,,,,,,,,,,,,,,,,,,,,,,,,,,,,未検出,,,,,,,,,,,,,,,,,,,,
6845.T,6845.T,Azbil Corporation,汎用,2001/1/1,,,,,,,,,,,,,,,,,,,,,,,,,,,,,,,,,,,,,未検出,,,,,,,,,,,,,,,,,,,,
6861.T,6861.T,Keyence Corporation,汎用,2001/1/1,,,,,,,,,,,,,,,,,,,,,,,,,,,,,,,,,,,,,未検出,,,,,,,,,,,,,,,,,,,,
6902.T,6902.T,DENSO Corporation,汎用,2000/1/4,,,,,,,,,,,,,,,,,,,,,,,,,,,,,,,,,,,,,未検出,,,,,,,,,,,,,,,,,,,,
6971.T,6971.T,Kyocera Corporation,汎用,2000/1/4,,,,,,,,,,,,,,,,,,,,,,,,,,,,,,,,,,,,,未検出,,,,,,,,,,,,,,,,,,,,
7167.T,7167.T,"Mebuki Financial Group,Inc.",汎用,2013/12/19,,,,,,,,,,,,,,,,,,,,,,,,,,,,,,,,,,,,,未検出,,,,,,,,,,,,,,,,,,,,
7182.T,7182.T,"JAPAN POST BANK Co., Ltd.",汎用,2015/11/4,,,,,,,,,,,,,,,,,,,,,,,,,,,,,,,,,,,,,未検出,,,,,,,,,,,,,,,,,,,,
7186.T,7186.T,"Yokohama Financial Group, Inc.",汎用,2016/4/1,,,,,,,,,,,,,,,,,,,,,,,,,,,,,,,,,,,,,未検出,,,,,,,,,,,,,,,,,,,,
7267.T,7267.T,"Honda Motor Co., Ltd.",汎用,2000/1/4,,,,,,,,,,,,,,,,,,,,,,,,,,,,,,,,,,,,,未検出,,,,,,,,,,,,,,,,,,,,
7269.T,7269.T,Suzuki Motor Corporation,汎用,2000/1/4,,,,,,,,,,,,,,,,,,,,,,,,,,,,,,,,,,,,,未検出,,,,,,,,,,,,,,,,,,,,
7532.T,7532.T,Pan Pacific International Holdings Corporation,汎用,2001/1/1,,,,,,,,,,,,,,,,,,,,,,,,,,,,,,,,,,,,,未検出,,,,,,,,,,,,,,,,,,,,
7747.T,7747.T,"Asahi Intecc Co., Ltd.",汎用,2005/6/17,,,,,,,,,,,,,,,,,,,,,,,,,,,,,,,,,,,,,未検出,,,,,,,,,,,,,,,,,,,,
7794.T,7794.T,EDP Corporation,汎用,2022/6/27,,,,,,,,,,,,,,,,,,,,,,,,,,,,,,,,,,,,,未検出,,,,,,,,,,,,,,,,,,,,
7943.T,7943.T,Nichiha Corporation,汎用,2001/1/1,,,,,,,,,,,,,,,,,,,,,,,,,,,,,,,,,,,,,未検出,,,,,,,,,,,,,,,,,,,,
7949.T,7949.T,"Komatsu Wall Industry Co., Ltd.",汎用,2001/1/4,,,,,,,,,,,,,,,,,,,,,,,,,,,,,,,,,,,,,未検出,,,,,,,,,,,,,,,,,,,,
8058.T,8058.T,Mitsubishi Corporation,汎用,2000/1/4,,,,,,,,,,,,,,,,,,,,,,,,,,,,,,,,,,,,,未検出,,,,,,,,,,,,,,,,,,,,
8227.T,8227.T,"SHIMAMURA Co., Ltd.",汎用,2001/1/1,,,,,,,,,,,,,,,,,,,,,,,,,,,,,,,,,,,,,未検出,,,,,,,,,,,,,,,,,,,,
8233.T,8233.T,"Takashimaya Company, Limited",汎用,2000/1/4,,,,,,,,,,,,,,,,,,,,,,,,,,,,,,,,,,,,,未検出,,,,,,,,,,,,,,,,,,,,
8252.T,8252.T,"Marui Group Co., Ltd.",汎用,2000/1/4,,,,,,,,,,,,,,,,,,,,,,,,,,,,,,,,,,,,,未検出,,,,,,,,,,,,,,,,,,,,
8273.T,8273.T,"Izumi Co., Ltd.",汎用,2001/1/1,,,,,,,,,,,,,,,,,,,,,,,,,,,,,,,,,,,,,未検出,,,,,,,,,,,,,,,,,,,,
8331.T,8331.T,"The Chiba Bank, Ltd.",汎用,2000/1/4,,,,,,,,,,,,,,,,,,,,,,,,,,,,,,,,,,,,,未検出,,,,,,,,,,,,,,,,,,,,
8766.T,8766.T,"Tokio Marine Holdings, Inc.",汎用,2003/3/26,,,,,,,,,,,,,,,,,,,,,,,,,,,,,,,,,,,,,未検出,,,,,,,,,,,,,,,,,,,,
8802.T,8802.T,"Mitsubishi Estate Co., Ltd.",汎用,2000/1/4,,,,,,,,,,,,,,,,,,,,,,,,,,,,,,,,,,,,,未検出,,,,,,,,,,,,,,,,,,,,
8952.T,8952.T,Japan Real Estate Investment Corporation,汎用,2005/9/29,,,,,,,,,,,,,,,,,,,,,,,,,,,,,,,,,,,,,未検出,,,,,,,,,,,,,,,,,,,,
9005.T,9005.T,Tokyu Corporation,汎用,2000/1/4,,,,,,,,,,,,,,,,,,,,,,,,,,,,,,,,,,,,,未検出,,,,,,,,,,,,,,,,,,,,
9042.T,9042.T,"Hankyu Hanshin Holdings, Inc.",汎用,2001/1/1,,,,,,,,,,,,,,,,,,,,,,,,,,,,,,,,,,,,,未検出,,,,,,,,,,,,,,,,,,,,
9065.T,9065.T,Sankyu Inc.,汎用,2001/1/1,,,,,,,,,,,,,,,,,,,,,,,,,,,,,,,,,,,,,未検出,,,,,,,,,,,,,,,,,,,,
9143.T,9143.T,"SG Holdings Co.,Ltd.",汎用,2017/12/13,,,,,,,,,,,,,,,,,,,,,,,,,,,,,,,,,,,,,未検出,,,,,,,,,,,,,,,,,,,,
9145.T,9145.T,"Being Holdings Co., Ltd.",汎用,2020/12/15,,,,,,,,,,,,,,,,,,,,,,,,,,,,,,,,,,,,,未検出,,,,,,,,,,,,,,,,,,,,
9146.T,9146.T,"Gokendo Co., Ltd.",汎用,2021/10/8,,,,,,,,,,,,,,,,,,,,,,,,,,,,,,,,,,,,,未検出,,,,,,,,,,,,,,,,,,,,
9147.T,9147.T,"Nippon Express Holdings, Inc.",汎用,2022/1/4,,,,,,,,,,,,,,,,,,,,,,,,,,,,,,,,,,,,,未検出,,,,,,,,,,,,,,,,,,,,
9149.T,9149.T,"Otomo Logistics Service Co., Ltd.",汎用,2023/1/26,,,,,,,,,,,,,,,,,,,,,,,,,,,,,,,,,,,,,未検出,,,,,,,,,,,,,,,,,,,,
9156.T,9156.T,"HANA HOLDINGS Co.,Ltd.",汎用,2023/4/11,,,,,,,,,,,,,,,,,,,,,,,,,,,,,,,,,,,,,未検出,,,,,,,,,,,,,,,,,,,,
9163.T,9163.T,Nareru Group Inc.,汎用,2023/7/21,,,,,,,,,,,,,,,,,,,,,,,,,,,,,,,,,,,,,未検出,,,,,,,,,,,,,,,,,,,,
9165.T,9165.T,"Qualtec Co.,Ltd.",汎用,2023/7/28,,,,,,,,,,,,,,,,,,,,,,,,,,,,,,,,,,,,,未検出,,,,,,,,,,,,,,,,,,,,
9166.T,9166.T,GENDA Inc.,汎用,2023/7/28,,,,,,,,,,,,,,,,,,,,,,,,,,,,,,,,,,,,,未検出,,,,,,,,,,,,,,,,,,,,
9168.T,9168.T,"Rise Consulting Group, Inc.",汎用,2023/9/12,,,,,,,,,,,,,,,,,,,,,,,,,,,,,,,,,,,,,未検出,,,,,,,,,,,,,,,,,,,,
9169.T,9169.T,Daishinsha Inc.,汎用,2023/9/13,,,,,,,,,,,,,,,,,,,,,,,,,,,,,,,,,,,,,未検出,,,,,,,,,,,,,,,,,,,,
9173.T,9173.T,"Tokai Kisen Co., Ltd.",汎用,2001/1/4,,,,,,,,,,,,,,,,,,,,,,,,,,,,,,,,,,,,,未検出,,,,,,,,,,,,,,,,,,,,
9193.T,9193.T,"Tokyo Kisen Co.,Ltd.",汎用,2001/1/5,,,,,,,,,,,,,,,,,,,,,,,,,,,,,,,,,,,,,未検出,,,,,,,,,,,,,,,,,,,,
9201.T,9201.T,"Japan Airlines Co., Ltd.",汎用,2000/1/4,,,,,,,,,,,,,,,,,,,,,,,,,,,,,,,,,,,,,未検出,,,,,,,,,,,,,,,,,,,,
9212.T,9212.T,"Green Earth Institute Co., Ltd.",汎用,2021/12/24,,,,,,,,,,,,,,,,,,,,,,,,,,,,,,,,,,,,,未検出,,,,,,,,,,,,,,,,,,,,
9214.T,9214.T,"Recovery International Co.,Ltd.",汎用,2022/2/3,,,,,,,,,,,,,,,,,,,,,,,,,,,,,,,,,,,,,未検出,,,,,,,,,,,,,,,,,,,,
9215.T,9215.T,"CaSy Co., Ltd.",汎用,2022/2/22,,,,,,,,,,,,,,,,,,,,,,,,,,,,,,,,,,,,,未検出,,,,,,,,,,,,,,,,,,,,
9216.T,9216.T,"Bewith, Inc.",汎用,2022/3/2,,,,,,,,,,,,,,,,,,,,,,,,,,,,,,,,,,,,,未検出,,,,,,,,,,,,,,,,,,,,
9220.T,9220.T,"FB Care Service Co.,Ltd.",汎用,2022/4/7,,,,,,,,,,,,,,,,,,,,,,,,,,,,,,,,,,,,,未検出,,,,,,,,,,,,,,,,,,,,
9221.T,9221.T,Fuluhashi EPO Corporation,汎用,2022/4/21,,,,,,,,,,,,,,,,,,,,,,,,,,,,,,,,,,,,,未検出,,,,,,,,,,,,,,,,,,,,
9222.T,9222.T,"manaby Co.,Ltd.",汎用,2022/4/21,,,,,,,,,,,,,,,,,,,,,,,,,,,,,,,,,,,,,未検出,,,,,,,,,,,,,,,,,,,,
9223.T,9223.T,ASNOVA CO LTD,汎用,2023/12/25,,,,,,,,,,,,,,,,,,,,,,,,,,,,,,,,,,,,,未検出,,,,,,,,,,,,,,,,,,,,
9225.T,9225.T,Bridge Consulting Group Inc.,汎用,2022/5/30,,,,,,,,,,,,,,,,,,,,,,,,,,,,,,,,,,,,,未検出,,,,,,,,,,,,,,,,,,,,
9226.T,9226.T,IGER Inc.,汎用,2022/6/22,,,,,,,,,,,,,,,,,,,,,,,,,,,,,,,,,,,,,未検出,,,,,,,,,,,,,,,,,,,,
9432.T,9432.T,"NTT, Inc.",汎用,2000/1/4,,,,,,,,,,,,,,,,,,,,,,,,,,,,,,,,,,,,,未検出,,,,,,,,,,,,,,,,,,,,
9433.T,9433.T,KDDI Corporation,汎用,2000/1/4,,,,,,,,,,,,,,,,,,,,,,,,,,,,,,,,,,,,,未検出,,,,,,,,,,,,,,,,,,,,
9434.T,9434.T,SoftBank Corp.,汎用,2018/12/19,,,,,,,,,,,,,,,,,,,,,,,,,,,,,,,,,,,,,未検出,,,,,,,,,,,,,,,,,,,,
9502.T,9502.T,"Chubu Electric Power Company, Incorporated",汎用,2000/1/4,,,,,,,,,,,,,,,,,,,,,,,,,,,,,,,,,,,,,未検出,,,,,,,,,,,,,,,,,,,,
9504.T,9504.T,"The Chugoku Electric Power Co., Inc.",汎用,2001/1/1,,,,,,,,,,,,,,,,,,,,,,,,,,,,,,,,,,,,,未検出,,,,,,,,,,,,,,,,,,,,
9531.T,9531.T,"Tokyo Gas Co.,Ltd.",汎用,2000/1/4,,,,,,,,,,,,,,,,,,,,,,,,,,,,,,,,,,,,,未検出,,,,,,,,,,,,,,,,,,,,
9532.T,9532.T,"Osaka Gas Co., Ltd.",汎用,2000/1/4,,,,,,,,,,,,,,,,,,,,,,,,,,,,,,,,,,,,,未検出,,,,,,,,,,,,,,,,,,,,
9533.T,9533.T,"Toho Gas Co., Ltd.",汎用,2001/1/1,,,,,,,,,,,,,,,,,,,,,,,,,,,,,,,,,,,,,未検出,,,,,,,,,,,,,,,,,,,,
9552.T,9552.T,"Quants Research Institute Holdings, Inc.",汎用,2022/6/28,,,,,,,,,,,,,,,,,,,,,,,,,,,,,,,,,,,,,未検出,,,,,,,,,,,,,,,,,,,,
9553.T,9553.T,"MicroAd, Inc.",汎用,2022/6/29,,,,,,,,,,,,,,,,,,,,,,,,,,,,,,,,,,,,,未検出,,,,,,,,,,,,,,,,,,,,
9735.T,9735.T,"SECOM CO., LTD.",汎用,2000/1/4,,,,,,,,,,,,,,,,,,,,,,,,,,,,,,,,,,,,,未検出,,,,,,,,,,,,,,,,,,,,
9989.T,9989.T,"Sundrug Co.,Ltd.",汎用,2001/1/4,,,,,,,,,,,,,,,,,,,,,,,,,,,,,,,,,,,,,未検出,,,,,,,,,,,,,,,,,,,,
ACN,ACN,Accenture plc,汎用,2001/7/19,,,,,,,,,,,,,,,,,,,,,,,,,,,,,,,,,,,,,未検出,,,,,,,,,,,,,,,,,,,,
ADP,ADP,"Automatic Data Processing, Inc.",汎用,1980/3/17,,,,,,,,,,,,,,,,,,,,,,,,,,,,,,,,,,,,,未検出,,,,,,,,,,,,,,,,,,,,
AVGO,AVGO,Broadcom Inc.,汎用,2009/8/6,,,,,,,,,,,,,,,,,,,,,,,,,,,,,,,,,,,,,未検出,,,,,,,,,,,,,,,,,,,,
BDX,BDX,"Becton, Dickinson and Company",汎用,1973/2/21,,,,,,,,,,,,,,,,,,,,,,,,,,,,,,,,,,,,,未検出,,,,,,,,,,,,,,,,,,,,
BKNG,BKNG,Booking Holdings Inc.,汎用,1999/3/31,,,,,,,,,,,,,,,,,,,,,,,,,,,,,,,,,,,,,未検出,,,,,,,,,,,,,,,,,,,,
BLK,BLK,"BlackRock, Inc.",汎用,1999/10/1,,,,,,,,,,,,,,,,,,,,,,,,,,,,,,,,,,,,,未検出,,,,,,,,,,,,,,,,,,,,
BRK-B,BRK-B,Berkshire Hathaway Inc.,汎用,1996/5/9,,,,,,,,,,,,,,,,,,,,,,,,,,,,,,,,,,,,,未検出,,,,,,,,,,,,,,,,,,,,
BTC,BTC,Grayscale Bitcoin Mini Trust ETF,汎用,2024/7/31,,,,,,,,,,,,,,,,,,,,,,,,,,,,,,,,,,,,,未検出,,,,,,,,,,,,,,,,,,,,
CB,CB,Chubb Limited,汎用,1993/3/25,,,,,,,,,,,,,,,,,,,,,,,,,,,,,,,,,,,,,未検出,,,,,,,,,,,,,,,,,,,,
EOG,EOG,"EOG Resources, Inc.",汎用,1989/10/4,,,,,,,,,,,,,,,,,,,,,,,,,,,,,,,,,,,,,未検出,,,,,,,,,,,,,,,,,,,,
ETH,ETH,Grayscale Ethereum Mini Trust ETF,汎用,2024/7/23,,,,,,,,,,,,,,,,,,,,,,,,,,,,,,,,,,,,,未検出,,,,,,,,,,,,,,,,,,,,
ETN,ETN,Eaton Corporation plc,汎用,1972/6/1,,,,,,,,,,,,,,,,,,,,,,,,,,,,,,,,,,,,,未検出,,,,,,,,,,,,,,,,,,,,
GOOG,GOOG,Alphabet Inc.,汎用,2004/8/19,,,,,,,,,,,,,,,,,,,,,,,,,,,,,,,,,,,,,未検出,,,,,,,,,,,,,,,,,,,,
GOOGL,GOOGL,Alphabet Inc.,汎用,2004/8/19,,,,,,,,,,,,,,,,,,,,,,,,,,,,,,,,,,,,,未検出,,,,,,,,,,,,,,,,,,,,
INTU,INTU,Intuit Inc.,汎用,1993/3/12,,,,,,,,,,,,,,,,,,,,,,,,,,,,,,,,,,,,,未検出,,,,,,,,,,,,,,,,,,,,
LIN,LIN,Linde plc,汎用,1992/6/17,,,,,,,,,,,,,,,,,,,,,,,,,,,,,,,,,,,,,未検出,,,,,,,,,,,,,,,,,,,,
LLY,LLY,Eli Lilly and Company,汎用,1972/6/1,,,,,,,,,,,,,,,,,,,,,,,,,,,,,,,,,,,,,未検出,,,,,,,,,,,,,,,,,,,,
MA,MA,Mastercard Incorporated,汎用,2006/5/25,,,,,,,,,,,,,,,,,,,,,,,,,,,,,,,,,,,,,未検出,,,,,,,,,,,,,,,,,,,,
MDT,MDT,Medtronic plc,汎用,1973/5/2,,,,,,,,,,,,,,,,,,,,,,,,,,,,,,,,,,,,,未検出,,,,,,,,,,,,,,,,,,,,
META,META,"Meta Platforms, Inc.",汎用,2012/5/18,,,,,,,,,,,,,,,,,,,,,,,,,,,,,,,,,,,,,未検出,,,,,,,,,,,,,,,,,,,,
MSFL,MSFL,GraniteShares 2x Long MSFT Daily ETF,汎用,2024/3/18,,,,,,,,,,,,,,,,,,,,,,,,,,,,,,,,,,,,,未検出,,,,,,,,,,,,,,,,,,,,
NOW,NOW,"ServiceNow, Inc.",汎用,2012/6/29,,,,,,,,,,,,,,,,,,,,,,,,,,,,,,,,,,,,,未検出,,,,,,,,,,,,,,,,,,,,
OIL,OIL,iPath Pure Beta Crude Oil ETN,汎用,2011/4/20,,,,,,,,,,,,,,,,,,,,,,,,,,,,,,,,,,,,,未検出,,,,,,,,,,,,,,,,,,,,
ORCL,ORCL,Oracle Corporation,汎用,1986/3/12,,,,,,,,,,,,,,,,,,,,,,,,,,,,,,,,,,,,,未検出,,,,,,,,,,,,,,,,,,,,
PEP,PEP,"PepsiCo, Inc.",汎用,1972/6/1,,,,,,,,,,,,,,,,,,,,,,,,,,,,,,,,,,,,,未検出,,,,,,,,,,,,,,,,,,,,
PGR,PGR,The Progressive Corporation,汎用,1980/3/17,,,,,,,,,,,,,,,,,,,,,,,,,,,,,,,,,,,,,未検出,,,,,,,,,,,,,,,,,,,,
PM,PM,Philip Morris International Inc.,汎用,2008/3/17,,,,,,,,,,,,,,,,,,,,,,,,,,,,,,,,,,,,,未検出,,,,,,,,,,,,,,,,,,,,
SO,SO,The Southern Company,汎用,1981/12/31,,,,,,,,,,,,,,,,,,,,,,,,,,,,,,,,,,,,,未検出,,,,,,,,,,,,,,,,,,,,
SYY,SYY,Sysco Corporation,汎用,1973/5/8,,,,,,,,,,,,,,,,,,,,,,,,,,,,,,,,,,,,,未検出,,,,,,,,,,,,,,,,,,,,
T,T,AT&T Inc.,汎用,1983/11/21,,,,,,,,,,,,,,,,,,,,,,,,,,,,,,,,,,,,,未検出,,,,,,,,,,,,,,,,,,,,
TJX,TJX,"The TJX Companies, Inc.",汎用,1987/6/26,,,,,,,,,,,,,,,,,,,,,,,,,,,,,,,,,,,,,未検出,,,,,,,,,,,,,,,,,,,,
TSLA,TSLA,"Tesla, Inc.",汎用,2010/6/29,,,,,,,,,,,,,,,,,,,,,,,,,,,,,,,,,,,,,未検出,,,,,,,,,,,,,,,,,,,,
TSM,TSM,Taiwan Semiconductor Manufacturing Company Limited,汎用,1997/10/9,,,,,,,,,,,,,,,,,,,,,,,,,,,,,,,,,,,,,未検出,,,,,,,,,,,,,,,,,,,,
V,V,Visa Inc.,汎用,2008/3/19,,,,,,,,,,,,,,,,,,,,,,,,,,,,,,,,,,,,,未検出,,,,,,,,,,,,,,,,,,,,
VOO,VOO,Vanguard S&P 500 ETF,汎用,2010/9/9,,,,,,,,,,,,,,,,,,,,,,,,,,,,,,,,,,,,,未検出,,,,,,,,,,,,,,,,,,,,
VRTX,VRTX,Vertex Pharmaceuticals Incorporated,汎用,1991/7/24,,,,,,,,,,,,,,,,,,,,,,,,,,,,,,,,,,,,,未検出,,,,,,,,,,,,,,,,,,,,
VZ,VZ,Verizon Communications Inc.,汎用,1983/11/21,,,,,,,,,,,,,,,,,,,,,,,,,,,,,,,,,,,,,未検出,,,,,,,,,,,,,,,,,,,,
WFC,WFC,Wells Fargo & Company,汎用,1972/6/1,,,,,,,,,,,,,,,,,,,,,,,,,,,,,,,,,,,,,未検出,,,,,,,,,,,,,,,,,,,,
WMT,WMT,Walmart Inc.,汎用,1972/8/25,,,,,,,,,,,,,,,,,,,,,,,,,,,,,,,,,,,,,未検出,,,,,,,,,,,,,,,,,,,,
ZTS,ZTS,Zoetis Inc.,汎用,2013/2/1,,,,,,,,,,,,,,,,,,,,,,,,,,,,,,,,,,,,,未検出,,,,,,,,,,,,,,,,,,,,
6861,6861.T,Keyence Corporation,汎用,2001/1/1,,,,,,,,,,,,,,,,,,,,,,,,,,,,,,,,,,,,,未検出,,,,,,,,,,,,,,,,,,,,
8035,8035.T,Tokyo Electron Limited,汎用,2000/1/4,,,,,,,,,,,,,,,,,,,,,,,,,,,,,,,,,,,,,未検出,,,,,,,,,,,,,,,,,,,,
9432,9432.T,"NTT, Inc.",汎用,2000/1/4,,,,,,,,,,,,,,,,,,,,,,,,,,,,,,,,,,,,,未検出,,,,,,,,,,,,,,,,,,,,
9433,9433.T,KDDI Corporation,汎用,2000/1/4,,,,,,,,,,,,,,,,,,,,,,,,,,,,,,,,,,,,,未検出,,,,,,,,,,,,,,,,,,,,
8058,8058.T,Mitsubishi Corporation,汎用,2000/1/4,,,,,,,,,,,,,,,,,,,,,,,,,,,,,,,,,,,,,未検出,,,,,,,,,,,,,,,,,,,,
8766,8766.T,"Tokio Marine Holdings, Inc.",汎用,2003/3/26,,,,,,,,,,,,,,,,,,,,,,,,,,,,,,,,,,,,,未検出,,,,,,,,,,,,,,,,,,,,
7267,7267.T,"Honda Motor Co., Ltd.",汎用,2000/1/4,,,,,,,,,,,,,,,,,,,,,,,,,,,,,,,,,,,,,未検出,,,,,,,,,,,,,,,,,,,,
6902,6902.T,DENSO Corporation,汎用,2000/1/4,,,,,,,,,,,,,,,,,,,,,,,,,,,,,,,,,,,,,未検出,,,,,,,,,,,,,,,,,,,,
2914,2914.T,Japan Tobacco Inc.,汎用,2000/1/4,,,,,,,,,,,,,,,,,,,,,,,,,,,,,,,,,,,,,未検出,,,,,,,,,,,,,,,,,,,,
4519,4519.T,"Chugai Pharmaceutical Co., Ltd.",汎用,2000/1/4,,,,,,,,,,,,,,,,,,,,,,,,,,,,,,,,,,,,,未検出,,,,,,,,,,,,,,,,,,,,
4578,4578.T,"Otsuka Holdings Co., Ltd.",汎用,2010/12/15,,,,,,,,,,,,,,,,,,,,,,,,,,,,,,,,,,,,,未検出,,,,,,,,,,,,,,,,,,,,
4503,4503.T,Astellas Pharma Inc.,汎用,2000/1/4,,,,,,,,,,,,,,,,,,,,,,,,,,,,,,,,,,,,,未検出,,,,,,,,,,,,,,,,,,,,
6146,6146.T,Disco Corporation,汎用,2001/1/1,,,,,,,,,,,,,,,,,,,,,,,,,,,,,,,,,,,,,未検出,,,,,,,,,,,,,,,,,,,,
6920,6920.T,Lasertec Corporation,汎用,2010/2/22,,,,,,,,,,,,,,,,,,,,,,,,,,,,,,,,,,,,,未検出,,,,,,,,,,,,,,,,,,,,
4901,4901.T,FUJIFILM Holdings Corporation,汎用,2000/1/4,,,,,,,,,,,,,,,,,,,,,,,,,,,,,,,,,,,,,未検出,,,,,,,,,,,,,,,,,,,,
5108,5108.T,Bridgestone Corporation,汎用,2000/1/4,,,,,,,,,,,,,,,,,,,,,,,,,,,,,,,,,,,,,未検出,,,,,,,,,,,,,,,,,,,,
8802,8802.T,"Mitsubishi Estate Co., Ltd.",汎用,2000/1/4,,,,,,,,,,,,,,,,,,,,,,,,,,,,,,,,,,,,,未検出,,,,,,,,,,,,,,,,,,,,
9201,9201.T,"Japan Airlines Co., Ltd.",汎用,2000/1/4,,,,,,,,,,,,,,,,,,,,,,,,,,,,,,,,,,,,,未検出,,,,,,,,,,,,,,,,,,,,
3382,3382.T,"Seven & i Holdings Co., Ltd.",汎用,2000/1/4,,,,,,,,,,,,,,,,,,,,,,,,,,,,,,,,,,,,,未検出,,,,,,,,,,,,,,,,,,,,
9735,9735.T,"SECOM CO., LTD.",汎用,2000/1/4,,,,,,,,,,,,,,,,,,,,,,,,,,,,,,,,,,,,,未検出,,,,,,,,,,,,,,,,,,,,
6095,,,,,,,,,,,,,,,,,,,,,,,,,,,,,,,,,,,,,,,,,未検出,,,,,,,銘柄が見つかりませんでした。上場廃止・コード変更・市場違いの可能性があります。（分類: not_found）,not_found,,,,,,,,,,,,
3697,3697.T,SHIFT Inc.,汎用,2014/11/14,,,,,,,,,,,,,,,,,,,,,,,,,,,,,,,,,,,,,未検出,,,,,,,,,,,,,,,,,,,,
4704,4704.T,Trend Micro Incorporated,汎用,2000/8/17,,,,,,,,,,,,,,,,,,,,,,,,,,,,,,,,,,,,,未検出,,,,,,,,,,,,,,,,,,,,
4684,4684.T,"OBIC Co.,Ltd.",汎用,2001/1/1,,,,,,,,,,,,,,,,,,,,,,,,,,,,,,,,,,,,,未検出,,,,,,,,,,,,,,,,,,,,
9613,,,,,,,,,,,,,,,,,,,,,,,,,,,,,,,,,,,,,,,,,未検出,,,,,,,銘柄が見つかりませんでした。上場廃止・コード変更・市場違いの可能性があります。（分類: not_found）,not_found,,,,,,,,,,,,
6326,6326.T,Kubota Corporation,汎用,2000/1/4,,,,,,,,,,,,,,,,,,,,,,,,,,,,,,,,,,,,,未検出,,,,,,,,,,,,,,,,,,,,
7269,7269.T,Suzuki Motor Corporation,汎用,2000/1/4,,,,,,,,,,,,,,,,,,,,,,,,,,,,,,,,,,,,,未検出,,,,,,,,,,,,,,,,,,,,
7205,,,,,,,,,,,,,,,,,,,,,,,,,,,,,,,,,,,,,,,,,未検出,,,,,,,銘柄が見つかりませんでした。上場廃止・コード変更・市場違いの可能性があります。（分類: not_found）,not_found,,,,,,,,,,,,
5101,5101.T,"The Yokohama Rubber Company, Limited",汎用,2000/1/4,,,,,,,,,,,,,,,,,,,,,,,,,,,,,,,,,,,,,未検出,,,,,,,,,,,,,,,,,,,,
5802,5802.T,"Sumitomo Electric Industries, Ltd.",汎用,2000/1/4,,,,,,,,,,,,,,,,,,,,,,,,,,,,,,,,,,,,,未検出,,,,,,,,,,,,,,,,,,,,
4204,4204.T,"Sekisui Chemical Co., Ltd.",汎用,2001/1/1,,,,,,,,,,,,,,,,,,,,,,,,,,,,,,,,,,,,,未検出,,,,,,,,,,,,,,,,,,,,
4452,4452.T,Kao Corporation,汎用,2000/1/4,,,,,,,,,,,,,,,,,,,,,,,,,,,,,,,,,,,,,未検出,,,,,,,,,,,,,,,,,,,,
4922,4922.T,KOSE Holdings Corporation,汎用,2001/1/4,,,,,,,,,,,,,,,,,,,,,,,,,,,,,,,,,,,,,未検出,,,,,,,,,,,,,,,,,,,,
2502,2502.T,"Asahi Group Holdings, Ltd.",汎用,2000/1/4,,,,,,,,,,,,,,,,,,,,,,,,,,,,,,,,,,,,,未検出,,,,,,,,,,,,,,,,,,,,
2503,2503.T,"Kirin Holdings Company, Limited",汎用,2000/1/4,,,,,,,,,,,,,,,,,,,,,,,,,,,,,,,,,,,,,未検出,,,,,,,,,,,,,,,,,,,,
2587,2587.T,Suntory Beverage & Food Limited,汎用,2013/7/5,,,,,,,,,,,,,,,,,,,,,,,,,,,,,,,,,,,,,未検出,,,,,,,,,,,,,,,,,,,,
2269,2269.T,"Meiji Holdings Co., Ltd.",汎用,2000/1/4,,,,,,,,,,,,,,,,,,,,,,,,,,,,,,,,,,,,,未検出,,,,,,,,,,,,,,,,,,,,
2282,2282.T,NH Foods Ltd.,汎用,2000/1/4,,,,,,,,,,,,,,,,,,,,,,,,,,,,,,,,,,,,,未検出,,,,,,,,,,,,,,,,,,,,
2002,2002.T,Nisshin Seifun Group Inc.,汎用,2000/1/4,,,,,,,,,,,,,,,,,,,,,,,,,,,,,,,,,,,,,未検出,,,,,,,,,,,,,,,,,,,,
3861,3861.T,Oji Holdings Corporation,汎用,2000/1/4,,,,,,,,,,,,,,,,,,,,,,,,,,,,,,,,,,,,,未検出,,,,,,,,,,,,,,,,,,,,
1925,1925.T,"Daiwa House Industry Co., Ltd.",汎用,2000/1/4,,,,,,,,,,,,,,,,,,,,,,,,,,,,,,,,,,,,,未検出,,,,,,,,,,,,,,,,,,,,
1928,1928.T,"Sekisui House, Ltd.",汎用,2000/1/4,,,,,,,,,,,,,,,,,,,,,,,,,,,,,,,,,,,,,未検出,,,,,,,,,,,,,,,,,,,,
1878,1878.T,"Daito Trust Construction Co.,Ltd.",汎用,2001/1/1,,,,,,,,,,,,,,,,,,,,,,,,,,,,,,,,,,,,,未検出,,,,,,,,,,,,,,,,,,,,
3141,,,,,,,,,,,,,,,,,,,,,,,,,,,,,,,,,,,,,,,,,未検出,,,,,,,銘柄が見つかりませんでした。上場廃止・コード変更・市場違いの可能性があります。（分類: not_found）,not_found,,,,,,,,,,,,
3197,3197.T,"Skylark Holdings Co., Ltd.",汎用,2014/10/9,,,,,,,,,,,,,,,,,,,,,,,,,,,,,,,,,,,,,未検出,,,,,,,,,,,,,,,,,,,,
8233,8233.T,"Takashimaya Company, Limited",汎用,2000/1/4,,,,,,,,,,,,,,,,,,,,,,,,,,,,,,,,,,,,,未検出,,,,,,,,,,,,,,,,,,,,
8252,8252.T,"Marui Group Co., Ltd.",汎用,2000/1/4,,,,,,,,,,,,,,,,,,,,,,,,,,,,,,,,,,,,,未検出,,,,,,,,,,,,,,,,,,,,
8273,8273.T,"Izumi Co., Ltd.",汎用,2001/1/1,,,,,,,,,,,,,,,,,,,,,,,,,,,,,,,,,,,,,未検出,,,,,,,,,,,,,,,,,,,,
9989,9989.T,"Sundrug Co.,Ltd.",汎用,2001/1/4,,,,,,,,,,,,,,,,,,,,,,,,,,,,,,,,,,,,,未検出,,,,,,,,,,,,,,,,,,,,
2670,2670.T,"ABC-Mart,Inc.",汎用,2002/11/22,,,,,,,,,,,,,,,,,,,,,,,,,,,,,,,,,,,,,未検出,,,,,,,,,,,,,,,,,,,,
7532,7532.T,Pan Pacific International Holdings Corporation,汎用,2001/1/1,,,,,,,,,,,,,,,,,,,,,,,,,,,,,,,,,,,,,未検出,,,,,,,,,,,,,,,,,,,,
8227,8227.T,"SHIMAMURA Co., Ltd.",汎用,2001/1/1,,,,,,,,,,,,,,,,,,,,,,,,,,,,,,,,,,,,,未検出,,,,,,,,,,,,,,,,,,,,
8331,8331.T,"The Chiba Bank, Ltd.",汎用,2000/1/4,,,,,,,,,,,,,,,,,,,,,,,,,,,,,,,,,,,,,未検出,,,,,,,,,,,,,,,,,,,,
7182,7182.T,"JAPAN POST BANK Co., Ltd.",汎用,2015/11/4,,,,,,,,,,,,,,,,,,,,,,,,,,,,,,,,,,,,,未検出,,,,,,,,,,,,,,,,,,,,
7186,7186.T,"Yokohama Financial Group, Inc.",汎用,2016/4/1,,,,,,,,,,,,,,,,,,,,,,,,,,,,,,,,,,,,,未検出,,,,,,,,,,,,,,,,,,,,
7167,7167.T,"Mebuki Financial Group,Inc.",汎用,2013/12/19,,,,,,,,,,,,,,,,,,,,,,,,,,,,,,,,,,,,,未検出,,,,,,,,,,,,,,,,,,,,
3291,3291.T,"Iida Group Holdings Co., Ltd.",汎用,2011/3/18,,,,,,,,,,,,,,,,,,,,,,,,,,,,,,,,,,,,,未検出,,,,,,,,,,,,,,,,,,,,
8952,8952.T,Japan Real Estate Investment Corporation,汎用,2005/9/29,,,,,,,,,,,,,,,,,,,,,,,,,,,,,,,,,,,,,未検出,,,,,,,,,,,,,,,,,,,,
9147,9147.T,"Nippon Express Holdings, Inc.",汎用,2022/1/4,,,,,,,,,,,,,,,,,,,,,,,,,,,,,,,,,,,,,未検出,,,,,,,,,,,,,,,,,,,,
9042,9042.T,"Hankyu Hanshin Holdings, Inc.",汎用,2001/1/1,,,,,,,,,,,,,,,,,,,,,,,,,,,,,,,,,,,,,未検出,,,,,,,,,,,,,,,,,,,,
9005,9005.T,Tokyu Corporation,汎用,2000/1/4,,,,,,,,,,,,,,,,,,,,,,,,,,,,,,,,,,,,,未検出,,,,,,,,,,,,,,,,,,,,
9143,9143.T,"SG Holdings Co.,Ltd.",汎用,2017/12/13,,,,,,,,,,,,,,,,,,,,,,,,,,,,,,,,,,,,,未検出,,,,,,,,,,,,,,,,,,,,
9065,9065.T,Sankyu Inc.,汎用,2001/1/1,,,,,,,,,,,,,,,,,,,,,,,,,,,,,,,,,,,,,未検出,,,,,,,,,,,,,,,,,,,,
9502,9502.T,"Chubu Electric Power Company, Incorporated",汎用,2000/1/4,,,,,,,,,,,,,,,,,,,,,,,,,,,,,,,,,,,,,未検出,,,,,,,,,,,,,,,,,,,,
9531,9531.T,"Tokyo Gas Co.,Ltd.",汎用,2000/1/4,,,,,,,,,,,,,,,,,,,,,,,,,,,,,,,,,,,,,未検出,,,,,,,,,,,,,,,,,,,,
9532,9532.T,"Osaka Gas Co., Ltd.",汎用,2000/1/4,,,,,,,,,,,,,,,,,,,,,,,,,,,,,,,,,,,,,未検出,,,,,,,,,,,,,,,,,,,,
9533,9533.T,"Toho Gas Co., Ltd.",汎用,2001/1/1,,,,,,,,,,,,,,,,,,,,,,,,,,,,,,,,,,,,,未検出,,,,,,,,,,,,,,,,,,,,
9504,9504.T,"The Chugoku Electric Power Co., Inc.",汎用,2001/1/1,,,,,,,,,,,,,,,,,,,,,,,,,,,,,,,,,,,,,未検出,,,,,,,,,,,,,,,,,,,,
7747,7747.T,"Asahi Intecc Co., Ltd.",汎用,2005/6/17,,,,,,,,,,,,,,,,,,,,,,,,,,,,,,,,,,,,,未検出,,,,,,,,,,,,,,,,,,,,
4543,4543.T,Terumo Corporation,汎用,2000/1/4,,,,,,,,,,,,,,,,,,,,,,,,,,,,,,,,,,,,,未検出,,,,,,,,,,,,,,,,,,,,
4528,4528.T,"Ono Pharmaceutical Co., Ltd.",汎用,2001/1/4,,,,,,,,,,,,,,,,,,,,,,,,,,,,,,,,,,,,,未検出,,,,,,,,,,,,,,,,,,,,
4544,4544.T,"H.U. Group Holdings, Inc.",汎用,2001/1/1,,,,,,,,,,,,,,,,,,,,,,,,,,,,,,,,,,,,,未検出,,,,,,,,,,,,,,,,,,,,
4887,4887.T,"Sawai Group Holdings Co., Ltd.",汎用,2021/4/1,,,,,,,,,,,,,,,,,,,,,,,,,,,,,,,,,,,,,未検出,,,,,,,,,,,,,,,,,,,,
6481,6481.T,"THK Co., Ltd.",汎用,2001/1/4,,,,,,,,,,,,,,,,,,,,,,,,,,,,,,,,,,,,,未検出,,,,,,,,,,,,,,,,,,,,
6845,6845.T,Azbil Corporation,汎用,2001/1/1,,,,,,,,,,,,,,,,,,,,,,,,,,,,,,,,,,,,,未検出,,,,,,,,,,,,,,,,,,,,
6971,6971.T,Kyocera Corporation,汎用,2000/1/4,,,,,,,,,,,,,,,,,,,,,,,,,,,,,,,,,,,,,未検出,,,,,,,,,,,,,,,,,,,,
XOM,,,,,,,,,,,,,,,,,,,,,,,,,,,,,,,,,,,,,,,,,未検出,,,,,,,[Errno 22] Invalid argument,unknown,,,,,,,,,,,,
PG,,,,,,,,,,,,,,,,,,,,,,,,,,,,,,,,,,,,,,,,,未検出,,,,,,,[Errno 22] Invalid argument,unknown,,,,,,,,,,,,
JNJ,,,,,,,,,,,,,,,,,,,,,,,,,,,,,,,,,,,,,,,,,未検出,,,,,,,[Errno 22] Invalid argument,unknown,,,,,,,,,,,,
KO,,,,,,,,,,,,,,,,,,,,,,,,,,,,,,,,,,,,,,,,,未検出,,,,,,,[Errno 22] Invalid argument,unknown,,,,,,,,,,,,
CVX,,,,,,,,,,,,,,,,,,,,,,,,,,,,,,,,,,,,,,,,,未検出,,,,,,,[Errno 22] Invalid argument,unknown,,,,,,,,,,,,
MRK,,,,,,,,,,,,,,,,,,,,,,,,,,,,,,,,,,,,,,,,,未検出,,,,,,,[Errno 22] Invalid argument,unknown,,,,,,,,,,,,
MCD,,,,,,,,,,,,,,,,,,,,,,,,,,,,,,,,,,,,,,,,,未検出,,,,,,,[Errno 22] Invalid argument,unknown,,,,,,,,,,,,
ABT,ABT,Abbott Laboratories,汎用,1980/3/17,,,,,,,,,,,,,,,,,,,,,,,,,,,,,,,,,,,,,未検出,,,,,,,,,,,,,,,,,,,,
IBM,,,,,,,,,,,,,,,,,,,,,,,,,,,,,,,,,,,,,,,,,未検出,,,,,,,[Errno 22] Invalid argument,unknown,,,,,,,,,,,,
GE,,,,,,,,,,,,,,,,,,,,,,,,,,,,,,,,,,,,,,,,,未検出,,,,,,,[Errno 22] Invalid argument,unknown,,,,,,,,,,,,
CAT,,,,,,,,,,,,,,,,,,,,,,,,,,,,,,,,,,,,,,,,,未検出,,,,,,,[Errno 22] Invalid argument,unknown,,,,,,,,,,,,
RTX,,,,,,,,,,,,,,,,,,,,,,,,,,,,,,,,,,,,,,,,,未検出,,,,,,,[Errno 22] Invalid argument,unknown,,,,,,,,,,,,
HON,,,,,,,,,,,,,,,,,,,,,,,,,,,,,,,,,,,,,,,,,未検出,,,,,,,[Errno 22] Invalid argument,unknown,,,,,,,,,,,,
LMT,,,,,,,,,,,,,,,,,,,,,,,,,,,,,,,,,,,,,,,,,未検出,,,,,,,[Errno 22] Invalid argument,unknown,,,,,,,,,,,,
PANW,PANW,"Palo Alto Networks, Inc.",汎用,2012/7/20,,,,,,,,,,,,,,,,,,,,,,,,,,,,,,,,,,,,,未検出,,,,,,,,,,,,,,,,,,,,
FI,,,,,,,,,,,,,,,,,,,,,,,,,,,,,,,,,,,,,,,,,未検出,,,,,,,銘柄が見つかりませんでした。上場廃止・コード変更・市場違いの可能性があります。（分類: not_found）,not_found,,,,,,,,,,,,
MMC,,,,,,,,,,,,,,,,,,,,,,,,,,,,,,,,,,,,,,,,,未検出,,,,,,,銘柄が見つかりませんでした。上場廃止・コード変更・市場違いの可能性があります。（分類: not_found）,not_found,,,,,,,,,,,,
SBUX,SBUX,Starbucks Corporation,汎用,1992/6/26,,,,,,,,,,,,,,,,,,,,,,,,,,,,,,,,,,,,,未検出,,,,,,,,,,,,,,,,,,,,
KLAC,KLAC,KLA Corporation,汎用,1980/10/8,,,,,,,,,,,,,,,,,,,,,,,,,,,,,,,,,,,,,未検出,,,,,,,,,,,,,,,,,,,,
BA,,,,,,,,,,,,,,,,,,,,,,,,,,,,,,,,,,,,,,,,,未検出,,,,,,,[Errno 22] Invalid argument,unknown,,,,,,,,,,,,
UPS,UPS,"United Parcel Service, Inc.",汎用,1999/11/10,,,,,,,,,,,,,,,,,,,,,,,,,,,,,,,,,,,,,未検出,,,,,,,,,,,,,,,,,,,,
MDLZ,MDLZ,"Mondelez International, Inc.",汎用,2001/6/13,,,,,,,,,,,,,,,,,,,,,,,,,,,,,,,,,,,,,未検出,,,,,,,,,,,,,,,,,,,,
MO,,,,,,,,,,,,,,,,,,,,,,,,,,,,,,,,,,,,,,,,,未検出,,,,,,,[Errno 22] Invalid argument,unknown,,,,,,,,,,,,
EQIX,EQIX,"Equinix, Inc.",汎用,2000/8/11,,,,,,,,,,,,,,,,,,,,,,,,,,,,,,,,,,,,,未検出,,,,,,,,,,,,,,,,,,,,
SHW,SHW,The Sherwin-Williams Company,汎用,1980/3/17,,,,,,,,,,,,,,,,,,,,,,,,,,,,,,,,,,,,,未検出,,,,,,,,,,,,,,,,,,,,
SNPS,SNPS,"Synopsys, Inc.",汎用,1992/2/26,,,,,,,,,,,,,,,,,,,,,,,,,,,,,,,,,,,,,未検出,,,,,,,,,,,,,,,,,,,,
ORLY,ORLY,"O'Reilly Automotive, Inc.",汎用,1993/4/23,,,,,,,,,,,,,,,,,,,,,,,,,,,,,,,,,,,,,未検出,,,,,,,,,,,,,,,,,,,,
TDG,TDG,TransDigm Group Incorporated,汎用,2006/3/15,,,,,,,,,,,,,,,,,,,,,,,,,,,,,,,,,,,,,未検出,,,,,,,,,,,,,,,,,,,,
APD,APD,"Air Products and Chemicals, Inc.",汎用,1980/3/17,,,,,,,,,,,,,,,,,,,,,,,,,,,,,,,,,,,,,未検出,,,,,,,,,,,,,,,,,,,,
EMR,EMR,Emerson Electric Co.,汎用,1972/6/1,,,,,,,,,,,,,,,,,,,,,,,,,,,,,,,,,,,,,未検出,,,,,,,,,,,,,,,,,,,,
ITW,ITW,Illinois Tool Works Inc.,汎用,1973/3/13,,,,,,,,,,,,,,,,,,,,,,,,,,,,,,,,,,,,,未検出,,,,,,,,,,,,,,,,,,,,
HCA,HCA,"HCA Healthcare, Inc.",汎用,2011/3/10,,,,,,,,,,,,,,,,,,,,,,,,,,,,,,,,,,,,,未検出,,,,,,,,,,,,,,,,,,,,
AON,AON,Aon plc,汎用,1980/6/2,,,,,,,,,,,,,,,,,,,,,,,,,,,,,,,,,,,,,未検出,,,,,,,,,,,,,,,,,,,,
MAR,MAR,"Marriott International, Inc.",汎用,1998/3/23,,,,,,,,,,,,,,,,,,,,,,,,,,,,,,,,,,,,,未検出,,,,,,,,,,,,,,,,,,,,
NXPI,NXPI,NXP Semiconductors N.V.,汎用,2010/8/6,,,,,,,,,,,,,,,,,,,,,,,,,,,,,,,,,,,,,未検出,,,,,,,,,,,,,,,,,,,,
FTNT,FTNT,"Fortinet, Inc.",汎用,2009/11/18,,,,,,,,,,,,,,,,,,,,,,,,,,,,,,,,,,,,,未検出,,,,,,,,,,,,,,,,,,,,
COIN,COIN,"Coinbase Global, Inc.",汎用,2021/4/14,,,,,,,,,,,,,,,,,,,,,,,,,,,,,,,,,,,,,未検出,,,,,,,,,,,,,,,,,,,,
PLTR,PLTR,Palantir Technologies Inc.,汎用,2020/9/30,,,,,,,,,,,,,,,,,,,,,,,,,,,,,,,,,,,,,未検出,,,,,,,,,,,,,,,,,,,,
285A,285A.T,KIOXIA HOLDINGS CORPORATION,汎用,2024/12/18,,,,,,,,,,,,,,,,,,,,,,,,,,,,,,,,,,,,,未検出,,,,,,,,,,,,,,,,,,,,
4186,4186.T,"Tokyo Ohka Kogyo Co., Ltd.",汎用,2001/1/1,,,,,,,,,,,,,,,,,,,,,,,,,,,,,,,,,,,,,未検出,,,,,,,,,,,,,,,,,,,,
6525,6525.T,KOKUSAI ELECTRIC CORPORATION,汎用,2023/10/25,,,,,,,,,,,,,,,,,,,,,,,,,,,,,,,,,,,,,未検出,,,,,,,,,,,,,,,,,,,,
6526,6526.T,Socionext Inc.,汎用,2022/10/12,,,,,,,,,,,,,,,,,,,,,,,,,,,,,,,,,,,,,未検出,,,,,,,,,,,,,,,,,,,,
6622,6622.T,DAIHEN Corporation,汎用,2001/1/1,,,,,,,,,,,,,,,,,,,,,,,,,,,,,,,,,,,,,未検出,,,,,,,,,,,,,,,,,,,,
MCHP,MCHP,Microchip Technology Incorporated,汎用,1993/3/19,,,,,,,,,,,,,,,,,,,,,,,,,,,,,,,,,,,,,未検出,,,,,,,,,,,,,,,,,,,,
ARM,ARM,Arm Holdings plc,汎用,2023/9/14,,,,,,,,,,,,,,,,,,,,,,,,,,,,,,,,,,,,,未検出,,,,,,,,,,,,,,,,,,,,
130A,130A.T,VERITAS IN SILICO INC,汎用,2024/2/8,,,,,,,,,,,,,,,,,,,,,,,,,,,,,,,,,,,,,未検出,,,,,,,,,,,,,,,,,,,,
137A,137A.T,COCOLIVE INC,汎用,2024/2/28,,,,,,,,,,,,,,,,,,,,,,,,,,,,,,,,,,,,,未検出,,,,,,,,,,,,,,,,,,,,
141A,141A.T,"TRIAL Holdings, Inc.",汎用,2024/3/21,,,,,,,,,,,,,,,,,,,,,,,,,,,,,,,,,,,,,未検出,,,,,,,,,,,,,,,,,,,,
143A,143A.T,ISHIN CO LTD,汎用,2024/3/26,,,,,,,,,,,,,,,,,,,,,,,,,,,,,,,,,,,,,未検出,,,,,,,,,,,,,,,,,,,,
145A,145A.T,L IS B CORP,汎用,2024/3/26,,,,,,,,,,,,,,,,,,,,,,,,,,,,,,,,,,,,,未検出,,,,,,,,,,,,,,,,,,,,
148A,148A.T,HATCH WORK CO. LTD,汎用,2024/3/26,,,,,,,,,,,,,,,,,,,,,,,,,,,,,,,,,,,,,未検出,,,,,,,,,,,,,,,,,,,,
149A,149A.T,THINCA CO LTD,汎用,2024/3/27,,,,,,,,,,,,,,,,,,,,,,,,,,,,,,,,,,,,,未検出,,,,,,,,,,,,,,,,,,,,
153A,153A.T,CAULIS INC,汎用,2024/3/28,,,,,,,,,,,,,,,,,,,,,,,,,,,,,,,,,,,,,未検出,,,,,,,,,,,,,,,,,,,,
155A,155A.T,INFORMATION STRATEGY AND TECHNO,汎用,2024/3/28,,,,,,,,,,,,,,,,,,,,,,,,,,,,,,,,,,,,,未検出,,,,,,,,,,,,,,,,,,,,
166A,166A.T,TASUKI Holdings Inc.,汎用,2024/4/1,,,,,,,,,,,,,,,,,,,,,,,,,,,,,,,,,,,,,未検出,,,,,,,,,,,,,,,,,,,,
175A,175A.T,WILL SMART CO LTD,汎用,2024/4/16,,,,,,,,,,,,,,,,,,,,,,,,,,,,,,,,,,,,,未検出,,,,,,,,,,,,,,,,,,,,
176A,,,,,,,,,,,,,,,,,,,,,,,,,,,,,,,,,,,,,,,,,未検出,,,,,,,銘柄が見つかりませんでした。上場廃止・コード変更・市場違いの可能性があります。（分類: not_found）,not_found,,,,,,,,,,,,
184A,184A.T,MANABI-AID CO LTD,汎用,2024/5/28,,,,,,,,,,,,,,,,,,,,,,,,,,,,,,,,,,,,,未検出,,,,,,,,,,,,,,,,,,,,
190A,190A.T,CHORDIA THERAPEUTICS INC,汎用,2024/6/14,,,,,,,,,,,,,,,,,,,,,,,,,,,,,,,,,,,,,未検出,,,,,,,,,,,,,,,,,,,,
197A,197A.T,TAUNS LABORATORIES INC.,汎用,2024/6/20,,,,,,,,,,,,,,,,,,,,,,,,,,,,,,,,,,,,,未検出,,,,,,,,,,,,,,,,,,,,
198A,198A.T,POSTPRIME INC,汎用,2024/6/20,,,,,,,,,,,,,,,,,,,,,,,,,,,,,,,,,,,,,未検出,,,,,,,,,,,,,,,,,,,,
199A,199A.T,"199A.T,0P0001T1AR,0",汎用,2024/6/7,,,,,,,,,,,,,,,,,,,,,,,,,,,,,,,,,,,,,未検出,,,,,,,,,,,,,,,,,,,,
200A,200A.T,NEXT FUNDS Nikkei Semiconductor Stock Index Exchange Traded Fun,汎用,2024/6/3,,,,,,,,,,,,,,,,,,,,,,,,,,,,,,,,,,,,,未検出,,,,,,,,,,,,,,,,,,,,
201A,201A.T,iShares Nifty 50 ETF,汎用,2024/6/10,,,,,,,,,,,,,,,,,,,,,,,,,,,,,,,,,,,,,未検出,,,,,,,,,,,,,,,,,,,,
202A,,,,,,,,,,,,,,,,,,,,,,,,,,,,,,,,,,,,,,,,,未検出,,,,,,,銘柄が見つかりませんでした。上場廃止・コード変更・市場違いの可能性があります。（分類: not_found）,not_found,,,,,,,,,,,,
203A,203A.T,SHUNBIN CO LTD,汎用,2024/6/27,,,,,,,,,,,,,,,,,,,,,,,,,,,,,,,,,,,,,未検出,,,,,,,,,,,,,,,,,,,,
206A,206A.T,"PRISM BioLab Co.,LTD",汎用,2024/7/2,,,,,,,,,,,,,,,,,,,,,,,,,,,,,,,,,,,,,未検出,,,,,,,,,,,,,,,,,,,,
207A,207A.T,"207A.T,0P0001T2U0,0",汎用,2024/6/24,,,,,,,,,,,,,,,,,,,,,,,,,,,,,,,,,,,,,未検出,,,,,,,,,,,,,,,,,,,,
209A,209A.T,Onodani Machine Co.Ltd,汎用,2024/7/11,,,,,,,,,,,,,,,,,,,,,,,,,,,,,,,,,,,,,未検出,,,,,,,,,,,,,,,,,,,,
211A,211A.T,Cados Corporation,汎用,2024/7/18,,,,,,,,,,,,,,,,,,,,,,,,,,,,,,,,,,,,,未検出,,,,,,,,,,,,,,,,,,,,
212A,212A.T,FIT EASY INC,汎用,2024/7/23,,,,,,,,,,,,,,,,,,,,,,,,,,,,,,,,,,,,,未検出,,,,,,,,,,,,,,,,,,,,
213A,213A.T,Listed Index Fund Nikkei Semiconductor Stock,汎用,2024/7/10,,,,,,,,,,,,,,,,,,,,,,,,,,,,,,,,,,,,,未検出,,,,,,,,,,,,,,,,,,,,
214A,,,,,,,,,,,,,,,,,,,,,,,,,,,,,,,,,,,,,,,,,未検出,,,,,,,銘柄が見つかりませんでした。上場廃止・コード変更・市場違いの可能性があります。（分類: not_found）,not_found,,,,,,,,,,,,
215A,215A.T,TIMEE INC,汎用,2024/7/26,,,,,,,,,,,,,,,,,,,,,,,,,,,,,,,,,,,,,未検出,,,,,,,,,,,,,,,,,,,,
216A,216A.T,LIFE CREATE CO LTD,汎用,2024/7/26,,,,,,,,,,,,,,,,,,,,,,,,,,,,,,,,,,,,,未検出,,,,,,,,,,,,,,,,,,,,
217A,217A.T,SUPPORT CO  LTD,汎用,2024/7/17,,,,,,,,,,,,,,,,,,,,,,,,,,,,,,,,,,,,,未検出,,,,,,,,,,,,,,,,,,,,
218A,218A.T,LIBERAWARE CO LTD,汎用,2024/7/29,,,,,,,,,,,,,,,,,,,,,,,,,,,,,,,,,,,,,未検出,,,,,,,,,,,,,,,,,,,,
219A,219A.T,HEARTSEED INC,汎用,2024/7/30,,,,,,,,,,,,,,,,,,,,,,,,,,,,,,,,,,,,,未検出,,,,,,,,,,,,,,,,,,,,
220A,220A.T,FABER COMPANY INC,汎用,2024/7/31,,,,,,,,,,,,,,,,,,,,,,,,,,,,,,,,,,,,,未検出,,,,,,,,,,,,,,,,,,,,
221A,221A.T,MAXIS Nikkei Semiconductor Stock (Japan) ETF,汎用,2024/7/17,,,,,,,,,,,,,,,,,,,,,,,,,,,,,,,,,,,,,未検出,,,,,,,,,,,,,,,,,,,,
222A,222A.T,NIPPON INFORMATION CONTROL SYST,汎用,2024/8/8,,,,,,,,,,,,,,,,,,,,,,,,,,,,,,,,,,,,,未検出,,,,,,,,,,,,,,,,,,,,
223A,223A.T,Global X Artificial Intelligence & Technology ETF,汎用,2024/7/22,,,,,,,,,,,,,,,,,,,,,,,,,,,,,,,,,,,,,未検出,,,,,,,,,,,,,,,,,,,,
224A,224A.T,Global X Uranium ETF,汎用,2024/7/22,,,,,,,,,,,,,,,,,,,,,,,,,,,,,,,,,,,,,未検出,,,,,,,,,,,,,,,,,,,,
225A,,,,,,,,,,,,,,,,,,,,,,,,,,,,,,,,,,,,,,,,,未検出,,,,,,,銘柄が見つかりませんでした。上場廃止・コード変更・市場違いの可能性があります。（分類: not_found）,not_found,,,,,,,,,,,,
226A,226A.T,KATSU MI JAPAN INC,汎用,2024/7/30,,,,,,,,,,,,,,,,,,,,,,,,,,,,,,,,,,,,,未検出,,,,,,,,,,,,,,,,,,,,
228A,228A.T,OPRO CO LTD,汎用,2024/8/21,,,,,,,,,,,,,,,,,,,,,,,,,,,,,,,,,,,,,未検出,,,,,,,,,,,,,,,,,,,,
229A,229A.T,ASUMI HD INC,汎用,2024/8/13,,,,,,,,,,,,,,,,,,,,,,,,,,,,,,,,,,,,,未検出,,,,,,,,,,,,,,,,,,,,
230A,,,,,,,,,,,,,,,,,,,,,,,,,,,,,,,,,,,,,,,,,未検出,,,,,,,銘柄が見つかりませんでした。上場廃止・コード変更・市場違いの可能性があります。（分類: not_found）,not_found,,,,,,,,,,,,
231A,,,,,,,,,,,,,,,,,,,,,,,,,,,,,,,,,,,,,,,,,未検出,,,,,,,銘柄が見つかりませんでした。上場廃止・コード変更・市場違いの可能性があります。（分類: not_found）,not_found,,,,,,,,,,,,
232A,,,,,,,,,,,,,,,,,,,,,,,,,,,,,,,,,,,,,,,,,未検出,,,,,,,銘柄が見つかりませんでした。上場廃止・コード変更・市場違いの可能性があります。（分類: not_found）,not_found,,,,,,,,,,,,
233A,233A.T,iFreeETF India Nifty50,汎用,2024/8/19,,,,,,,,,,,,,,,,,,,,,,,,,,,,,,,,,,,,,未検出,,,,,,,,,,,,,,,,,,,,
234A,234A.T,Global X MSCI Japan Cash Flow Kings ETF,汎用,2024/8/19,,,,,,,,,,,,,,,,,,,,,,,,,,,,,,,,,,,,,未検出,,,,,,,,,,,,,,,,,,,,
235A,235A.T,Global X Japan High Dividend 30 ETF,汎用,2024/8/19,,,,,,,,,,,,,,,,,,,,,,,,,,,,,,,,,,,,,未検出,,,,,,,,,,,,,,,,,,,,
236A,236A.T,iShares 7-10 Year Japan Government Bond ETF,汎用,2024/8/26,,,,,,,,,,,,,,,,,,,,,,,,,,,,,,,,,,,,,未検出,,,,,,,,,,,,,,,,,,,,
237A,237A.T,iShares 25+ Year US Treasury Bond Long Duration ETF,汎用,2024/8/26,,,,,,,,,,,,,,,,,,,,,,,,,,,,,,,,,,,,,未検出,,,,,,,,,,,,,,,,,,,,
238A,238A.T,iShares 25+ Year US Treasury Bond Long Duration JPY Hedged ETF,汎用,2024/8/26,,,,,,,,,,,,,,,,,,,,,,,,,,,,,,,,,,,,,未検出,,,,,,,,,,,,,,,,,,,,
239A,239A.T,BALLEGGS CO LTD,汎用,2024/9/6,,,,,,,,,,,,,,,,,,,,,,,,,,,,,,,,,,,,,未検出,,,,,,,,,,,,,,,,,,,,
240A,,,,,,,,,,,,,,,,,,,,,,,,,,,,,,,,,,,,,,,,,未検出,,,,,,,銘柄が見つかりませんでした。上場廃止・コード変更・市場違いの可能性があります。（分類: not_found）,not_found,,,,,,,,,,,,
241A,241A.T,ROXX INC,汎用,2024/9/25,,,,,,,,,,,,,,,,,,,,,,,,,,,,,,,,,,,,,未検出,,,,,,,,,,,,,,,,,,,,
242A,,,,,,,,,,,,,,,,,,,,,,,,,,,,,,,,,,,,,,,,,未検出,,,,,,,銘柄が見つかりませんでした。上場廃止・コード変更・市場違いの可能性があります。（分類: not_found）,not_found,,,,,,,,,,,,
243A,243A.T,TOP'S INC,汎用,2024/9/26,,,,,,,,,,,,,,,,,,,,,,,,,,,,,,,,,,,,,未検出,,,,,,,,,,,,,,,,,,,,
244A,244A.T,GROWTH X PARTNERS INC,汎用,2024/9/26,,,,,,,,,,,,,,,,,,,,,,,,,,,,,,,,,,,,,未検出,,,,,,,,,,,,,,,,,,,,
245A,245A.T,INGS INC,汎用,2024/9/26,,,,,,,,,,,,,,,,,,,,,,,,,,,,,,,,,,,,,未検出,,,,,,,,,,,,,,,,,,,,
247A,247A.T,AI ROBOTICS INC,汎用,2024/9/27,,,,,,,,,,,,,,,,,,,,,,,,,,,,,,,,,,,,,未検出,,,,,,,,,,,,,,,,,,,,
249A,249A.T,HUMAN ADJUST CO LTD,汎用,2024/9/27,,,,,,,,,,,,,,,,,,,,,,,,,,,,,,,,,,,,,未検出,,,,,,,,,,,,,,,,,,,,
250A,250A.T,SHIMADAYA CORPORATION,汎用,2024/10/1,,,,,,,,,,,,,,,,,,,,,,,,,,,,,,,,,,,,,未検出,,,,,,,,,,,,,,,,,,,,
251A,251A.T,NEUROMAGIC CO LTD,汎用,2024/9/30,,,,,,,,,,,,,,,,,,,,,,,,,,,,,,,,,,,,,未検出,,,,,,,,,,,,,,,,,,,,
252A,252A.T,WEDGE CO LTD,汎用,2024/9/24,,,,,,,,,,,,,,,,,,,,,,,,,,,,,,,,,,,,,未検出,,,,,,,,,,,,,,,,,,,,
257A,257A.T,SMT ETF Selected Japan Equity Active,汎用,2024/9/19,,,,,,,,,,,,,,,,,,,,,,,,,,,,,,,,,,,,,未検出,,,,,,,,,,,,,,,,,,,,
258A,258A.T,SMT ETF Selected J-REIT Active,汎用,2024/9/19,,,,,,,,,,,,,,,,,,,,,,,,,,,,,,,,,,,,,未検出,,,,,,,,,,,,,,,,,,,,
259A,,,,,,,,,,,,,,,,,,,,,,,,,,,,,,,,,,,,,,,,,未検出,,,,,,,銘柄が見つかりませんでした。上場廃止・コード変更・市場違いの可能性があります。（分類: not_found）,not_found,,,,,,,,,,,,
260A,,,,,,,,,,,,,,,,,,,,,,,,,,,,,,,,,,,,,,,,,未検出,,,,,,,銘柄が見つかりませんでした。上場廃止・コード変更・市場違いの可能性があります。（分類: not_found）,not_found,,,,,,,,,,,,
261A,261A.T,NIHON SUIDO CONSULTANTS CO LTD,汎用,2024/10/16,,,,,,,,,,,,,,,,,,,,,,,,,,,,,,,,,,,,,未検出,,,,,,,,,,,,,,,,,,,,
262A,262A.T,INTERMESTIC INC,汎用,2024/10/18,,,,,,,,,,,,,,,,,,,,,,,,,,,,,,,,,,,,,未検出,,,,,,,,,,,,,,,,,,,,
263A,263A.T,DIGITALCUBE CO LTD,汎用,2024/10/18,,,,,,,,,,,,,,,,,,,,,,,,,,,,,,,,,,,,,未検出,,,,,,,,,,,,,,,,,,,,
264A,264A.T,SCHOO INC,汎用,2024/10/22,,,,,,,,,,,,,,,,,,,,,,,,,,,,,,,,,,,,,未検出,,,,,,,,,,,,,,,,,,,,
265A,265A.T,HMCOMM INC,汎用,2024/10/28,,,,,,,,,,,,,,,,,,,,,,,,,,,,,,,,,,,,,未検出,,,,,,,,,,,,,,,,,,,,
266A,266A.T,GLOCAL MARKETING CO LTD,汎用,2024/10/25,,,,,,,,,,,,,,,,,,,,,,,,,,,,,,,,,,,,,未検出,,,,,,,,,,,,,,,,,,,,
267A,267A.T,TOWARISE CORPORATION,汎用,2024/10/23,,,,,,,,,,,,,,,,,,,,,,,,,,,,,,,,,,,,,未検出,,,,,,,,,,,,,,,,,,,,
268A,268A.T,RIGAKU HOLDINGS CORPORATION,汎用,2024/10/25,,,,,,,,,,,,,,,,,,,,,,,,,,,,,,,,,,,,,未検出,,,,,,,,,,,,,,,,,,,,
270A,,,,,,,,,,,,,,,,,,,,,,,,,,,,,,,,,,,,,,,,,未検出,,,,,,,銘柄が見つかりませんでした。上場廃止・コード変更・市場違いの可能性があります。（分類: not_found）,not_found,,,,,,,,,,,,
271A,271A.T,ACCELIA INC,汎用,2024/10/31,,,,,,,,,,,,,,,,,,,,,,,,,,,,,,,,,,,,,未検出,,,,,,,,,,,,,,,,,,,,
272A,,,,,,,,,,,,,,,,,,,,,,,,,,,,,,,,,,,,,,,,,未検出,,,,,,,銘柄が見つかりませんでした。上場廃止・コード変更・市場違いの可能性があります。（分類: not_found）,not_found,,,,,,,,,,,,
274A,274A.T,GARDEN CO LTD,汎用,2024/11/22,,,,,,,,,,,,,,,,,,,,,,,,,,,,,,,,,,,,,未検出,,,,,,,,,,,,,,,,,,,,
276A,276A.T,CCREB ADVISORS INC,汎用,2024/11/28,,,,,,,,,,,,,,,,,,,,,,,,,,,,,,,,,,,,,未検出,,,,,,,,,,,,,,,,,,,,
277A,277A.T,GLOBE-ING INC,汎用,2024/11/29,,,,,,,,,,,,,,,,,,,,,,,,,,,,,,,,,,,,,未検出,,,,,,,,,,,,,,,,,,,,
278A,278A.T,TERRA DRONE CORPORATION,汎用,2024/11/29,,,,,,,,,,,,,,,,,,,,,,,,,,,,,,,,,,,,,未検出,,,,,,,,,,,,,,,,,,,,
279A,279A.T,INTERG INC,汎用,2024/11/20,,,,,,,,,,,,,,,,,,,,,,,,,,,,,,,,,,,,,未検出,,,,,,,,,,,,,,,,,,,,
280A,280A.T,TMH INC,汎用,2024/12/4,,,,,,,,,,,,,,,,,,,,,,,,,,,,,,,,,,,,,未検出,,,,,,,,,,,,,,,,,,,,
281A,281A.T,INFORMETIS CO LTD,汎用,2024/12/9,,,,,,,,,,,,,,,,,,,,,,,,,,,,,,,,,,,,,未検出,,,,,,,,,,,,,,,,,,,,
282A,282A.T,Global X Japan Semiconductor Top 10 ETF,汎用,2024/11/18,,,,,,,,,,,,,,,,,,,,,,,,,,,,,,,,,,,,,未検出,,,,,,,,,,,,,,,,,,,,
283A,283A.T,Global X US Tech Dividend Aristocrats ETF,汎用,2024/11/18,,,,,,,,,,,,,,,,,,,,,,,,,,,,,,,,,,,,,未検出,,,,,,,,,,,,,,,,,,,,
286A,286A.T,EUCALIA INC,汎用,2024/12/12,,,,,,,,,,,,,,,,,,,,,,,,,,,,,,,,,,,,,未検出,,,,,,,,,,,,,,,,,,,,
288A,288A.T,LAXUS TECHNOLOGIES INC,汎用,2024/12/13,,,,,,,,,,,,,,,,,,,,,,,,,,,,,,,,,,,,,未検出,,,,,,,,,,,,,,,,,,,,
289A,,,,,,,,,,,,,,,,,,,,,,,,,,,,,,,,,,,,,,,,,未検出,,,,,,,銘柄が見つかりませんでした。上場廃止・コード変更・市場違いの可能性があります。（分類: not_found）,not_found,,,,,,,,,,,,
290A,290A.T,SYNSPECTIVE INC,汎用,2024/12/19,,,,,,,,,,,,,,,,,,,,,,,,,,,,,,,,,,,,,未検出,,,,,,,,,,,,,,,,,,,,
291A,291A.T,RESKILL CORP,汎用,2024/12/17,,,,,,,,,,,,,,,,,,,,,,,,,,,,,,,,,,,,,未検出,,,,,,,,,,,,,,,,,,,,
292A,292A.T,SIE CO LTD,汎用,2024/12/19,,,,,,,,,,,,,,,,,,,,,,,,,,,,,,,,,,,,,未検出,,,,,,,,,,,,,,,,,,,,
293A,293A.T,BABY JOB CO LTD,汎用,2024/12/19,,,,,,,,,,,,,,,,,,,,,,,,,,,,,,,,,,,,,未検出,,,,,,,,,,,,,,,,,,,,
294A,294A.T,NEXT FUNDS MSCI Global Climate 500 Japan Selection Index ETF,汎用,2024/12/2,,,,,,,,,,,,,,,,,,,,,,,,,,,,,,,,,,,,,未検出,,,,,,,,,,,,,,,,,,,,
295A,295A.T,ASSET MGT ONE CO LTD ONE ETF FT,汎用,2024/12/3,,,,,,,,,,,,,,,,,,,,,,,,,,,,,,,,,,,,,未検出,,,,,,,,,,,,,,,,,,,,
296A,296A.T,REIWA ACCOUNTING HOLDINGS CO LT,汎用,2024/12/23,,,,,,,,,,,,,,,,,,,,,,,,,,,,,,,,,,,,,未検出,,,,,,,,,,,,,,,,,,,,
297A,297A.T,"Alpico Holdings Co., Ltd.",汎用,2024/12/25,,,,,,,,,,,,,,,,,,,,,,,,,,,,,,,,,,,,,未検出,,,,,,,,,,,,,,,,,,,,
298A,298A.T,GVA TECH INC,汎用,2024/12/26,,,,,,,,,,,,,,,,,,,,,,,,,,,,,,,,,,,,,未検出,,,,,,,,,,,,,,,,,,,,
299A,299A.T,"Kurashiru, Inc.",汎用,2024/12/19,,,,,,,,,,,,,,,,,,,,,,,,,,,,,,,,,,,,,未検出,,,,,,,,,,,,,,,,,,,,
300A,300A.T,"MIC Co., Ltd.",汎用,2024/12/25,,,,,,,,,,,,,,,,,,,,,,,,,,,,,,,,,,,,,未検出,,,,,,,,,,,,,,,,,,,,
302A,302A.T,B STYLE HOLDINGS INC,汎用,2024/12/27,,,,,,,,,,,,,,,,,,,,,,,,,,,,,,,,,,,,,未検出,,,,,,,,,,,,,,,,,,,,
303A,303A.T,VISUMO INC,汎用,2024/12/26,,,,,,,,,,,,,,,,,,,,,,,,,,,,,,,,,,,,,未検出,,,,,,,,,,,,,,,,,,,,
305A,305A.T,DOUBLE TREE INC,汎用,2024/12/16,,,,,,,,,,,,,,,,,,,,,,,,,,,,,,,,,,,,,未検出,,,,,,,,,,,,,,,,,,,,
306A,,,,,,,,,,,,,,,,,,,,,,,,,,,,,,,,,,,,,,,,,未検出,,,,,,,銘柄が見つかりませんでした。上場廃止・コード変更・市場違いの可能性があります。（分類: not_found）,not_found,,,,,,,,,,,,
307A,307A.T,HOUSING STAFF INC,汎用,2024/12/16,,,,,,,,,,,,,,,,,,,,,,,,,,,,,,,,,,,,,未検出,,,,,,,,,,,,,,,,,,,,
308A,308A.T,POSTMATE HOLDINGS INC,汎用,2024/12/19,,,,,,,,,,,,,,,,,,,,,,,,,,,,,,,,,,,,,未検出,,,,,,,,,,,,,,,,,,,,
309A,309A.T,COSMOS CHOUZAI PHARMACY CO  LTD,汎用,2025/1/8,,,,,,,,,,,,,,,,,,,,,,,,,,,,,,,,,,,,,未検出,,,,,,,,,,,,,,,,,,,,
310A,310A.T,THIRTY FOUR CO LTD,汎用,2024/12/27,,,,,,,,,,,,,,,,,,,,,,,,,,,,,,,,,,,,,未検出,,,,,,,,,,,,,,,,,,,,
311A,311A.T,NPT CO  LTD,汎用,2025/1/30,,,,,,,,,,,,,,,,,,,,,,,,,,,,,,,,,,,,,未検出,,,,,,,,,,,,,,,,,,,,
313A,313A.T,iShares S&P 500 Top 20 ETF,汎用,2025/1/14,,,,,,,,,,,,,,,,,,,,,,,,,,,,,,,,,,,,,未検出,,,,,,,,,,,,,,,,,,,,
315A,315A.T,Global X Japan Bank High Dividend ETF,汎用,2025/1/7,,,,,,,,,,,,,,,,,,,,,,,,,,,,,,,,,,,,,未検出,,,,,,,,,,,,,,,,,,,,
316A,316A.T,iFreeETF FANG+,汎用,2025/1/7,,,,,,,,,,,,,,,,,,,,,,,,,,,,,,,,,,,,,未検出,,,,,,,,,,,,,,,,,,,,
318A,318A.T,SIMPLEX VIX Short-Term Futures ETF,汎用,2025/1/14,,,,,,,,,,,,,,,,,,,,,,,,,,,,,,,,,,,,,未検出,,,,,,,,,,,,,,,,,,,,
319A,319A.T,NEXT GENERATION TECHNOLOGY GROU,汎用,2025/2/5,,,,,,,,,,,,,,,,,,,,,,,,,,,,,,,,,,,,,未検出,,,,,,,,,,,,,,,,,,,,
320A,320A.T,D&I INC,汎用,2025/2/13,,,,,,,,,,,,,,,,,,,,,,,,,,,,,,,,,,,,,未検出,,,,,,,,,,,,,,,,,,,,
321A,321A.T,HUMAN STAGE HOLDINGS CO,汎用,2025/1/31,,,,,,,,,,,,,,,,,,,,,,,,,,,,,,,,,,,,,未検出,,,,,,,,,,,,,,,,,,,,
322A,322A.T,HIMEJI RIKA CO LTD,汎用,2025/2/5,,,,,,,,,,,,,,,,,,,,,,,,,,,,,,,,,,,,,未検出,,,,,,,,,,,,,,,,,,,,
324A,324A.T,BOOKING RESORT CO LTD,汎用,2025/2/21,,,,,,,,,,,,,,,,,,,,,,,,,,,,,,,,,,,,,未検出,,,,,,,,,,,,,,,,,,,,
325A,325A.T,TENTIAL INC,汎用,2025/2/28,,,,,,,,,,,,,,,,,,,,,,,,,,,,,,,,,,,,,未検出,,,,,,,,,,,,,,,,,,,,
326A,326A.T,Aero Lab International Inc.,汎用,2025/3/3,,,,,,,,,,,,,,,,,,,,,,,,,,,,,,,,,,,,,未検出,,,,,,,,,,,,,,,,,,,,
327A,,,,,,,,,,,,,,,,,,,,,,,,,,,,,,,,,,,,,,,,,未検出,,,,,,,銘柄が見つかりませんでした。上場廃止・コード変更・市場違いの可能性があります。（分類: not_found）,not_found,,,,,,,,,,,,
328A,328A.T,Global X Japan Pricing Power Leaders ETF,汎用,2025/2/18,,,,,,,,,,,,,,,,,,,,,,,,,,,,,,,,,,,,,未検出,,,,,,,,,,,,,,,,,,,,
330A,330A.T,TALENTX INC,汎用,2025/3/18,,,,,,,,,,,,,,,,,,,,,,,,,,,,,,,,,,,,,未検出,,,,,,,,,,,,,,,,,,,,
331A,331A.T,MEDIX INC,汎用,2025/3/19,,,,,,,,,,,,,,,,,,,,,,,,,,,,,,,,,,,,,未検出,,,,,,,,,,,,,,,,,,,,
332A,332A.T,MEEQ INC,汎用,2025/3/21,,,,,,,,,,,,,,,,,,,,,,,,,,,,,,,,,,,,,未検出,,,,,,,,,,,,,,,,,,,,
334A,334A.T,VISUAL PROCESSING JAPAN CO LTD,汎用,2025/3/25,,,,,,,,,,,,,,,,,,,,,,,,,,,,,,,,,,,,,未検出,,,,,,,,,,,,,,,,,,,,
335A,335A.T,MIRAIRO INC,汎用,2025/3/25,,,,,,,,,,,,,,,,,,,,,,,,,,,,,,,,,,,,,未検出,,,,,,,,,,,,,,,,,,,,
336A,336A.T,DYNAMIC MAP PLATFORM CO LTD,汎用,2025/3/27,,,,,,,,,,,,,,,,,,,,,,,,,,,,,,,,,,,,,未検出,,,,,,,,,,,,,,,,,,,,
337A,,,,,,,,,,,,,,,,,,,,,,,,,,,,,,,,,,,,,,,,,未検出,,,,,,,銘柄が見つかりませんでした。上場廃止・コード変更・市場違いの可能性があります。（分類: not_found）,not_found,,,,,,,,,,,,
338A,338A.T,ZENMUTECH INC,汎用,2025/3/28,,,,,,,,,,,,,,,,,,,,,,,,,,,,,,,,,,,,,未検出,,,,,,,,,,,,,,,,,,,,
339A,339A.T,PROGRESS TECHNOLOGIES GROUP INC,汎用,2025/3/28,,,,,,,,,,,,,,,,,,,,,,,,,,,,,,,,,,,,,未検出,,,,,,,,,,,,,,,,,,,,
340A,340A.T,ZIG-ZAG INC,汎用,2025/3/31,,,,,,,,,,,,,,,,,,,,,,,,,,,,,,,,,,,,,未検出,,,,,,,,,,,,,,,,,,,,
341A,341A.T,TOYOKOH INC,汎用,2025/3/28,,,,,,,,,,,,,,,,,,,,,,,,,,,,,,,,,,,,,未検出,,,,,,,,,,,,,,,,,,,,
342A,,,,,,,,,,,,,,,,,,,,,,,,,,,,,,,,,,,,,,,,,未検出,,,,,,,銘柄が見つかりませんでした。上場廃止・コード変更・市場違いの可能性があります。（分類: not_found）,not_found,,,,,,,,,,,,
343A,343A.T,IACE TRAVEL CORPORATION,汎用,2025/4/7,,,,,,,,,,,,,,,,,,,,,,,,,,,,,,,,,,,,,未検出,,,,,,,,,,,,,,,,,,,,
344A,,,,,,,,,,,,,,,,,,,,,,,,,,,,,,,,,,,,,,,,,未検出,,,,,,,銘柄が見つかりませんでした。上場廃止・コード変更・市場違いの可能性があります。（分類: not_found）,not_found,,,,,,,,,,,,
345A,345A.T,High Dividend Growth Japan Equity Net Return ETN,汎用,2026/1/13,,,,,,,,,,,,,,,,,,,,,,,,,,,,,,,,,,,,,未検出,,,,,,,,,,,,,,,,,,,,
347A,347A.T,GROWTH POWER CO  LTD,汎用,2025/4/4,,,,,,,,,,,,,,,,,,,,,,,,,,,,,,,,,,,,,未検出,,,,,,,,,,,,,,,,,,,,
348A,348A.T,MAXIS Yomiuri333 Japan Stock ETF,汎用,2025/3/25,,,,,,,,,,,,,,,,,,,,,,,,,,,,,,,,,,,,,未検出,,,,,,,,,,,,,,,,,,,,
350A,350A.T,DIGITAL GRID CORPORATION,汎用,2025/4/22,,,,,,,,,,,,,,,,,,,,,,,,,,,,,,,,,,,,,未検出,,,,,,,,,,,,,,,,,,,,
354A,354A.T,iFreeETF Bloomberg Japan High Dividend 50 Index,汎用,2025/4/14,,,,,,,,,,,,,,,,,,,,,,,,,,,,,,,,,,,,,未検出,,,,,,,,,,,,,,,,,,,,
355A,355A.T,NOW VILLAGE CO LTD,汎用,2025/4/18,,,,,,,,,,,,,,,,,,,,,,,,,,,,,,,,,,,,,未検出,,,,,,,,,,,,,,,,,,,,
356A,356A.T,Global X S&P 500 Cash Flow Top 100 ETF,汎用,2025/4/11,,,,,,,,,,,,,,,,,,,,,,,,,,,,,,,,,,,,,未検出,,,,,,,,,,,,,,,,,,,,
357A,357A.T,F&F INC,汎用,2025/5/23,,,,,,,,,,,,,,,,,,,,,,,,,,,,,,,,,,,,,未検出,,,,,,,,,,,,,,,,,,,,
358A,358A.T,ZENLAND INC,汎用,2025/5/23,,,,,,,,,,,,,,,,,,,,,,,,,,,,,,,,,,,,,未検出,,,,,,,,,,,,,,,,,,,,
359A,359A.T,NEXT STAGE CO LTD,汎用,2025/5/23,,,,,,,,,,,,,,,,,,,,,,,,,,,,,,,,,,,,,未検出,,,,,,,,,,,,,,,,,,,,
362A,362A.T,EXEO HOLDINGS INC,汎用,2025/6/6,,,,,,,,,,,,,,,,,,,,,,,,,,,,,,,,,,,,,未検出,,,,,,,,,,,,,,,,,,,,
363A,363A.T,iFreeETF FTSE100,汎用,2025/5/26,,,,,,,,,,,,,,,,,,,,,,,,,,,,,,,,,,,,,未検出,,,,,,,,,,,,,,,,,,,,
364A,364A.T,NOMURA TRUST BK CO LTD S&P 500 ,汎用,2025/6/6,,,,,,,,,,,,,,,,,,,,,,,,,,,,,,,,,,,,,未検出,,,,,,,,,,,,,,,,,,,,
365A,365A.T,IZAWA TOWEL CO LTD,汎用,2025/6/20,,,,,,,,,,,,,,,,,,,,,,,,,,,,,,,,,,,,,未検出,,,,,,,,,,,,,,,,,,,,
367A,367A.T,PRIMO GLOBAL HOLDINGS CO LTD,汎用,2025/6/24,,,,,,,,,,,,,,,,,,,,,,,,,,,,,,,,,,,,,未検出,,,,,,,,,,,,,,,,,,,,
368A,368A.T,KITAZATO CORPORATION,汎用,2025/6/25,,,,,,,,,,,,,,,,,,,,,,,,,,,,,,,,,,,,,未検出,,,,,,,,,,,,,,,,,,,,
369A,369A.T,A-TIE CO LTD,汎用,2025/6/26,,,,,,,,,,,,,,,,,,,,,,,,,,,,,,,,,,,,,未検出,,,,,,,,,,,,,,,,,,,,
371A,371A.T,DesigNET Inc.,汎用,2025/6/26,,,,,,,,,,,,,,,,,,,,,,,,,,,,,,,,,,,,,未検出,,,,,,,,,,,,,,,,,,,,
372A,372A.T,RENT CORPORATION,汎用,2025/6/30,,,,,,,,,,,,,,,,,,,,,,,,,,,,,,,,,,,,,未検出,,,,,,,,,,,,,,,,,,,,
373A,373A.T,LIPPS CO LTD,汎用,2025/6/30,,,,,,,,,,,,,,,,,,,,,,,,,,,,,,,,,,,,,未検出,,,,,,,,,,,,,,,,,,,,
374A,374A.T,HIGUCHI CONSULTING CO LTD,汎用,2025/7/4,,,,,,,,,,,,,,,,,,,,,,,,,,,,,,,,,,,,,未検出,,,,,,,,,,,,,,,,,,,,
376A,376A.T,NEXT FUNDS Bloomberg US Treasury Bond (7-10 year) Index (75% Yen-Hedged)ETF,汎用,2025/6/20,,,,,,,,,,,,,,,,,,,,,,,,,,,,,,,,,,,,,未検出,,,,,,,,,,,,,,,,,,,,
377A,,,,,,,,,,,,,,,,,,,,,,,,,,,,,,,,,,,,,,,,,未検出,,,,,,,銘柄が見つかりませんでした。上場廃止・コード変更・市場違いの可能性があります。（分類: not_found）,not_found,,,,,,,,,,,,
378A,378A.T,HIT CO LTD,汎用,2025/7/4,,,,,,,,,,,,,,,,,,,,,,,,,,,,,,,,,,,,,未検出,,,,,,,,,,,,,,,,,,,,
379A,379A.T,Global X S&P 500 ETF (Dynamic Protection),汎用,2025/6/19,,,,,,,,,,,,,,,,,,,,,,,,,,,,,,,,,,,,,未検出,,,,,,,,,,,,,,,,,,,,
380A,380A.T,Global X China Tech ETF,汎用,2025/6/19,,,,,,,,,,,,,,,,,,,,,,,,,,,,,,,,,,,,,未検出,,,,,,,,,,,,,,,,,,,,
381A,381A.T,iFreeETF US Treasury Bond 3-5 Year (NON HEDGED),汎用,2025/6/20,,,,,,,,,,,,,,,,,,,,,,,,,,,,,,,,,,,,,未検出,,,,,,,,,,,,,,,,,,,,
382A,382A.T,iFreeETF US Treasury Bond 3-5 Year (JPY HEDGED),汎用,2025/6/20,,,,,,,,,,,,,,,,,,,,,,,,,,,,,,,,,,,,,未検出,,,,,,,,,,,,,,,,,,,,
383A,383A.T,MAXIS S&P500 Equal Weight ETF,汎用,2025/6/26,,,,,,,,,,,,,,,,,,,,,,,,,,,,,,,,,,,,,未検出,,,,,,,,,,,,,,,,,,,,
384A,,,,,,,,,,,,,,,,,,,,,,,,,,,,,,,,,,,,,,,,,未検出,,,,,,,銘柄が見つかりませんでした。上場廃止・コード変更・市場違いの可能性があります。（分類: not_found）,not_found,,,,,,,,,,,,
385A,385A.T,YAMAMOTO TRADING CO  LTD,汎用,2025/7/18,,,,,,,,,,,,,,,,,,,,,,,,,,,,,,,,,,,,,未検出,,,,,,,,,,,,,,,,,,,,
386A,386A.T,MINOYA CO LTD,汎用,2025/7/18,,,,,,,,,,,,,,,,,,,,,,,,,,,,,,,,,,,,,未検出,,,,,,,,,,,,,,,,,,,,
390A,,,,,,,,,,,,,,,,,,,,,,,,,,,,,,,,,,,,,,,,,未検出,,,,,,,銘柄が見つかりませんでした。上場廃止・コード変更・市場違いの可能性があります。（分類: not_found）,not_found,,,,,,,,,,,,
391A,,,,,,,,,,,,,,,,,,,,,,,,,,,,,,,,,,,,,,,,,未検出,,,,,,,銘柄が見つかりませんでした。上場廃止・コード変更・市場違いの可能性があります。（分類: not_found）,not_found,,,,,,,,,,,,
392A,392A.T,iShares Nasdaq Top 30 ETF,汎用,2025/7/25,,,,,,,,,,,,,,,,,,,,,,,,,,,,,,,,,,,,,未検出,,,,,,,,,,,,,,,,,,,,
393A,393A.T,RITAX INC,汎用,2025/7/18,,,,,,,,,,,,,,,,,,,,,,,,,,,,,,,,,,,,,未検出,,,,,,,,,,,,,,,,,,,,
394A,394A.T,Sector Restructuring Select ETF TV,汎用,2025/7/15,,,,,,,,,,,,,,,,,,,,,,,,,,,,,,,,,,,,,未検出,,,,,,,,,,,,,,,,,,,,
395A,395A.T,Sector Restructuring Select ETF Regional Banks,汎用,2025/7/15,,,,,,,,,,,,,,,,,,,,,,,,,,,,,,,,,,,,,未検出,,,,,,,,,,,,,,,,,,,,
396A,396A.T,Sector Restructuring Select ETF Event-Driven REITs,汎用,2025/7/15,,,,,,,,,,,,,,,,,,,,,,,,,,,,,,,,,,,,,未検出,,,,,,,,,,,,,,,,,,,,
397A,,,,,,,,,,,,,,,,,,,,,,,,,,,,,,,,,,,,,,,,,未検出,,,,,,,銘柄が見つかりませんでした。上場廃止・コード変更・市場違いの可能性があります。（分類: not_found）,not_found,,,,,,,,,,,,
398A,398A.T,REAL QUALITY CO LTD,汎用,2025/8/6,,,,,,,,,,,,,,,,,,,,,,,,,,,,,,,,,,,,,未検出,,,,,,,,,,,,,,,,,,,,
399A,399A.T,Listed Index Fund Nikkei 225 High Dividend Yield Stock 50,汎用,2025/7/22,,,,,,,,,,,,,,,,,,,,,,,,,,,,,,,,,,,,,未検出,,,,,,,,,,,,,,,,,,,,
4051,4051.T,"GMO Financial Gate, Inc.",汎用,2020/7/16,,,,,,,,,,,,,,,,,,,,,,,,,,,,,,,,,,,,,未検出,,,,,,,,,,,,,,,,,,,,
4053,4053.T,Sun* Inc.,汎用,2020/7/31,,,,,,,,,,,,,,,,,,,,,,,,,,,,,,,,,,,,,未検出,,,,,,,,,,,,,,,,,,,,
4055,4055.T,T&S Group Inc.,汎用,2020/8/11,,,,,,,,,,,,,,,,,,,,,,,,,,,,,,,,,,,,,未検出,,,,,,,,,,,,,,,,,,,,
4058,4058.T,"Toyokumo, Inc.",汎用,2020/9/25,,,,,,,,,,,,,,,,,,,,,,,,,,,,,,,,,,,,,未検出,,,,,,,,,,,,,,,,,,,,
4068,4068.T,Basis Corporation,汎用,2021/6/25,,,,,,,,,,,,,,,,,,,,,,,,,,,,,,,,,,,,,未検出,,,,,,,,,,,,,,,,,,,,
4074,4074.T,"LaKeel, Inc.",汎用,2021/7/16,,,,,,,,,,,,,,,,,,,,,,,,,,,,,,,,,,,,,未検出,,,,,,,,,,,,,,,,,,,,
4076,4076.T,"CNS Co.,Ltd",汎用,2021/8/20,,,,,,,,,,,,,,,,,,,,,,,,,,,,,,,,,,,,,未検出,,,,,,,,,,,,,,,,,,,,
4172,4172.T,"Hi-CRATES CO.,LTD.",汎用,2020/12/25,,,,,,,,,,,,,,,,,,,,,,,,,,,,,,,,,,,,,未検出,,,,,,,,,,,,,,,,,,,,
4173,,,,,,,,,,,,,,,,,,,,,,,,,,,,,,,,,,,,,,,,,未検出,,,,,,,銘柄が見つかりませんでした。上場廃止・コード変更・市場違いの可能性があります。（分類: not_found）,not_found,,,,,,,,,,,,
4176,4176.T,coconala Inc.,汎用,2021/3/19,,,,,,,,,,,,,,,,,,,,,,,,,,,,,,,,,,,,,未検出,,,,,,,,,,,,,,,,,,,,
4192,4192.T,SpiderPlus & Co.,汎用,2021/3/30,,,,,,,,,,,,,,,,,,,,,,,,,,,,,,,,,,,,,未検出,,,,,,,,,,,,,,,,,,,,
4193,4193.T,"Fabrica Holdings Co., Ltd.",汎用,2021/4/7,,,,,,,,,,,,,,,,,,,,,,,,,,,,,,,,,,,,,未検出,,,,,,,,,,,,,,,,,,,,
4194,4194.T,"Visional, Inc.",汎用,2021/4/22,,,,,,,,,,,,,,,,,,,,,,,,,,,,,,,,,,,,,未検出,,,,,,,,,,,,,,,,,,,,
4197,4197.T,"Asmarq Co., Ltd.",汎用,2022/1/31,,,,,,,,,,,,,,,,,,,,,,,,,,,,,,,,,,,,,未検出,,,,,,,,,,,,,,,,,,,,
4259,4259.T,ExaWizards Inc.,汎用,2021/12/23,,,,,,,,,,,,,,,,,,,,,,,,,,,,,,,,,,,,,未検出,,,,,,,,,,,,,,,,,,,,
4262,4262.T,"NIFTY Lifestyle Co., Ltd.",汎用,2021/12/24,,,,,,,,,,,,,,,,,,,,,,,,,,,,,,,,,,,,,未検出,,,,,,,,,,,,,,,,,,,,
4267,,,,,,,,,,,,,,,,,,,,,,,,,,,,,,,,,,,,,,,,,未検出,,,,,,,銘柄が見つかりませんでした。上場廃止・コード変更・市場違いの可能性があります。（分類: not_found）,not_found,,,,,,,,,,,,
4268,,,,,,,,,,,,,,,,,,,,,,,,,,,,,,,,,,,,,,,,,未検出,,,,,,,銘柄が見つかりませんでした。上場廃止・コード変更・市場違いの可能性があります。（分類: not_found）,not_found,,,,,,,,,,,,
4269,,,,,,,,,,,,,,,,,,,,,,,,,,,,,,,,,,,,,,,,,未検出,,,,,,,銘柄が見つかりませんでした。上場廃止・コード変更・市場違いの可能性があります。（分類: not_found）,not_found,,,,,,,,,,,,
4371,4371.T,Core Concept Technologies Inc.,汎用,2021/9/22,,,,,,,,,,,,,,,,,,,,,,,,,,,,,,,,,,,,,未検出,,,,,,,,,,,,,,,,,,,,
4372,4372.T,"YMIRLINK,Inc.",汎用,2021/9/22,,,,,,,,,,,,,,,,,,,,,,,,,,,,,,,,,,,,,未検出,,,,,,,,,,,,,,,,,,,,
4375,4375.T,Safie Inc.,汎用,2021/9/29,,,,,,,,,,,,,,,,,,,,,,,,,,,,,,,,,,,,,未検出,,,,,,,,,,,,,,,,,,,,
4376,4376.T,Kufu Company Holdings Inc.,汎用,2021/10/1,,,,,,,,,,,,,,,,,,,,,,,,,,,,,,,,,,,,,未検出,,,,,,,,,,,,,,,,,,,,
4377,4377.T,ONE CAREER Inc.,汎用,2021/10/7,,,,,,,,,,,,,,,,,,,,,,,,,,,,,,,,,,,,,未検出,,,,,,,,,,,,,,,,,,,,
4380,4380.T,M - mart Inc.,汎用,2018/2/26,,,,,,,,,,,,,,,,,,,,,,,,,,,,,,,,,,,,,未検出,,,,,,,,,,,,,,,,,,,,
4384,4384.T,Raksul Inc.,汎用,2018/5/31,,,,,,,,,,,,,,,,,,,,,,,,,,,,,,,,,,,,,未検出,,,,,,,,,,,,,,,,,,,,
4389,4389.T,"Property Data Bank, Inc.",汎用,2018/6/27,,,,,,,,,,,,,,,,,,,,,,,,,,,,,,,,,,,,,未検出,,,,,,,,,,,,,,,,,,,,
4390,4390.T,"IPS, Inc.",汎用,2018/6/27,,,,,,,,,,,,,,,,,,,,,,,,,,,,,,,,,,,,,未検出,,,,,,,,,,,,,,,,,,,,
4392,4392.T,"Future Innovation Group, Inc.",汎用,2018/7/2,,,,,,,,,,,,,,,,,,,,,,,,,,,,,,,,,,,,,未検出,,,,,,,,,,,,,,,,,,,,
4393,4393.T,"Bank of Innovation,Inc.",汎用,2018/7/24,,,,,,,,,,,,,,,,,,,,,,,,,,,,,,,,,,,,,未検出,,,,,,,,,,,,,,,,,,,,
4397,4397.T,TeamSpirit Inc.,汎用,2018/8/22,,,,,,,,,,,,,,,,,,,,,,,,,,,,,,,,,,,,,未検出,,,,,,,,,,,,,,,,,,,,
4412,4412.T,"Science Arts, Inc.",汎用,2021/11/25,,,,,,,,,,,,,,,,,,,,,,,,,,,,,,,,,,,,,未検出,,,,,,,,,,,,,,,,,,,,
4413,4413.T,"baudroie,inc.",汎用,2021/11/30,,,,,,,,,,,,,,,,,,,,,,,,,,,,,,,,,,,,,未検出,,,,,,,,,,,,,,,,,,,,
4417,4417.T,Global Security Experts Inc.,汎用,2021/12/20,,,,,,,,,,,,,,,,,,,,,,,,,,,,,,,,,,,,,未検出,,,,,,,,,,,,,,,,,,,,
4425,4425.T,Kudan Inc.,汎用,2018/12/20,,,,,,,,,,,,,,,,,,,,,,,,,,,,,,,,,,,,,未検出,,,,,,,,,,,,,,,,,,,,
4431,4431.T,"Smaregi, Inc.",汎用,2019/2/28,,,,,,,,,,,,,,,,,,,,,,,,,,,,,,,,,,,,,未検出,,,,,,,,,,,,,,,,,,,,
4435,,,,,,,,,,,,,,,,,,,,,,,,,,,,,,,,,,,,,,,,,未検出,,,,,,,銘柄が見つかりませんでした。上場廃止・コード変更・市場違いの可能性があります。（分類: not_found）,not_found,,,,,,,,,,,,
4436,4436.T,"MINKABU THE INFONOID, Inc.",汎用,2019/3/19,,,,,,,,,,,,,,,,,,,,,,,,,,,,,,,,,,,,,未検出,,,,,,,,,,,,,,,,,,,,
4439,4439.T,"Toumei Co.,Ltd.",汎用,2019/4/3,,,,,,,,,,,,,,,,,,,,,,,,,,,,,,,,,,,,,未検出,,,,,,,,,,,,,,,,,,,,
4443,4443.T,"Sansan, Inc.",汎用,2019/6/19,,,,,,,,,,,,,,,,,,,,,,,,,,,,,,,,,,,,,未検出,,,,,,,,,,,,,,,,,,,,
4447,4447.T,"PBsystems,Inc.",汎用,2022/10/6,,,,,,,,,,,,,,,,,,,,,,,,,,,,,,,,,,,,,未検出,,,,,,,,,,,,,,,,,,,,
4449,4449.T,giftee Inc.,汎用,2019/9/20,,,,,,,,,,,,,,,,,,,,,,,,,,,,,,,,,,,,,未検出,,,,,,,,,,,,,,,,,,,,
4478,4478.T,freee K.K.,汎用,2019/12/17,,,,,,,,,,,,,,,,,,,,,,,,,,,,,,,,,,,,,未検出,,,,,,,,,,,,,,,,,,,,
4480,4480.T,"Medley, Inc.",汎用,2019/12/12,,,,,,,,,,,,,,,,,,,,,,,,,,,,,,,,,,,,,未検出,,,,,,,,,,,,,,,,,,,,
4481,4481.T,"Base Co., Ltd.",汎用,2019/12/16,,,,,,,,,,,,,,,,,,,,,,,,,,,,,,,,,,,,,未検出,,,,,,,,,,,,,,,,,,,,
4485,,,,,,,,,,,,,,,,,,,,,,,,,,,,,,,,,,,,,,,,,未検出,,,,,,,銘柄が見つかりませんでした。上場廃止・コード変更・市場違いの可能性があります。（分類: not_found）,not_found,,,,,,,,,,,,
4489,,,,,,,,,,,,,,,,,,,,,,,,,,,,,,,,,,,,,,,,,未検出,,,,,,,銘柄が見つかりませんでした。上場廃止・コード変更・市場違いの可能性があります。（分類: not_found）,not_found,,,,,,,,,,,,
4490,4490.T,VisasQ Inc.,汎用,2020/3/10,,,,,,,,,,,,,,,,,,,,,,,,,,,,,,,,,,,,,未検出,,,,,,,,,,,,,,,,,,,,
4491,4491.T,"Computer Management Co., Ltd.",汎用,2020/3/11,,,,,,,,,,,,,,,,,,,,,,,,,,,,,,,,,,,,,未検出,,,,,,,,,,,,,,,,,,,,
4495,4495.T,"i Cubed Systems, Inc.",汎用,2020/7/16,,,,,,,,,,,,,,,,,,,,,,,,,,,,,,,,,,,,,未検出,,,,,,,,,,,,,,,,,,,,
4881,4881.T,FunPep Company Limited,汎用,2020/12/25,,,,,,,,,,,,,,,,,,,,,,,,,,,,,,,,,,,,,未検出,,,,,,,,,,,,,,,,,,,,
4883,4883.T,Modalis Therapeutics Corporation,汎用,2020/8/3,,,,,,,,,,,,,,,,,,,,,,,,,,,,,,,,,,,,,未検出,,,,,,,,,,,,,,,,,,,,
4890,4890.T,Tsubota Laboratory Incorporated,汎用,2022/6/23,,,,,,,,,,,,,,,,,,,,,,,,,,,,,,,,,,,,,未検出,,,,,,,,,,,,,,,,,,,,
4891,4891.T,"TMS Co., Ltd.",汎用,2022/11/22,,,,,,,,,,,,,,,,,,,,,,,,,,,,,,,,,,,,,未検出,,,,,,,,,,,,,,,,,,,,
4892,4892.T,Cyfuse Biomedical K.K.,汎用,2022/12/1,,,,,,,,,,,,,,,,,,,,,,,,,,,,,,,,,,,,,未検出,,,,,,,,,,,,,,,,,,,,
4893,4893.T,Noile-Immune Biotech Inc.,汎用,2023/6/28,,,,,,,,,,,,,,,,,,,,,,,,,,,,,,,,,,,,,未検出,,,,,,,,,,,,,,,,,,,,
4894,4894.T,Cuorips Inc.,汎用,2023/6/27,,,,,,,,,,,,,,,,,,,,,,,,,,,,,,,,,,,,,未検出,,,,,,,,,,,,,,,,,,,,
4896,4896.T,"K Pharma,Inc.",汎用,2023/10/17,,,,,,,,,,,,,,,,,,,,,,,,,,,,,,,,,,,,,未検出,,,,,,,,,,,,,,,,,,,,
4897,,,,,,,,,,,,,,,,,,,,,,,,,,,,,,,,,,,,,,,,,未検出,,,,,,,銘柄が見つかりませんでした。上場廃止・コード変更・市場違いの可能性があります。（分類: not_found）,not_found,,,,,,,,,,,,
5027,5027.T,AnyMind Group Inc.,汎用,2023/3/29,,,,,,,,,,,,,,,,,,,,,,,,,,,,,,,,,,,,,未検出,,,,,,,,,,,,,,,,,,,,
5031,5031.T,Moi Corporation,汎用,2022/4/27,,,,,,,,,,,,,,,,,,,,,,,,,,,,,,,,,,,,,未検出,,,,,,,,,,,,,,,,,,,,
5034,5034.T,"unerry,Inc.",汎用,2022/7/28,,,,,,,,,,,,,,,,,,,,,,,,,,,,,,,,,,,,,未検出,,,,,,,,,,,,,,,,,,,,
5035,5035.T,HOUSEI Inc.,汎用,2022/7/28,,,,,,,,,,,,,,,,,,,,,,,,,,,,,,,,,,,,,未検出,,,,,,,,,,,,,,,,,,,,
5036,5036.T,"Japan Business Systems, Inc.",汎用,2022/8/2,,,,,,,,,,,,,,,,,,,,,,,,,,,,,,,,,,,,,未検出,,,,,,,,,,,,,,,,,,,,
5038,5038.T,"eWeLL Co.,Ltd.",汎用,2022/9/20,,,,,,,,,,,,,,,,,,,,,,,,,,,,,,,,,,,,,未検出,,,,,,,,,,,,,,,,,,,,
5126,5126.T,PORTERS Corporation,汎用,2022/9/30,,,,,,,,,,,,,,,,,,,,,,,,,,,,,,,,,,,,,未検出,,,,,,,,,,,,,,,,,,,,
5127,,,,,,,,,,,,,,,,,,,,,,,,,,,,,,,,,,,,,,,,,未検出,,,,,,,銘柄が見つかりませんでした。上場廃止・コード変更・市場違いの可能性があります。（分類: not_found）,not_found,,,,,,,,,,,,
5131,5131.T,Linkers Corporation,汎用,2022/10/26,,,,,,,,,,,,,,,,,,,,,,,,,,,,,,,,,,,,,未検出,,,,,,,,,,,,,,,,,,,,
5132,5132.T,"pluszero, Inc.",汎用,2022/10/31,,,,,,,,,,,,,,,,,,,,,,,,,,,,,,,,,,,,,未検出,,,,,,,,,,,,,,,,,,,,
5134,5134.T,"POPER Co.,Ltd.",汎用,2022/11/15,,,,,,,,,,,,,,,,,,,,,,,,,,,,,,,,,,,,,未検出,,,,,,,,,,,,,,,,,,,,
5138,5138.T,"Rebase, Inc.",汎用,2022/12/16,,,,,,,,,,,,,,,,,,,,,,,,,,,,,,,,,,,,,未検出,,,,,,,,,,,,,,,,,,,,
5139,5139.T,OpenWork Inc.,汎用,2022/12/16,,,,,,,,,,,,,,,,,,,,,,,,,,,,,,,,,,,,,未検出,,,,,,,,,,,,,,,,,,,,
5240,5240.T,"monoAI technology Co.,Ltd.",汎用,2022/12/20,,,,,,,,,,,,,,,,,,,,,,,,,,,,,,,,,,,,,未検出,,,,,,,,,,,,,,,,,,,,
5242,5242.T,"EYEZ,INC.",汎用,2022/12/21,,,,,,,,,,,,,,,,,,,,,,,,,,,,,,,,,,,,,未検出,,,,,,,,,,,,,,,,,,,,
5246,5246.T,"ELEMENTS, Inc.",汎用,2022/12/27,,,,,,,,,,,,,,,,,,,,,,,,,,,,,,,,,,,,,未検出,,,,,,,,,,,,,,,,,,,,
5248,5248.T,"TECHNOLOGIES, Inc.",汎用,2023/1/27,,,,,,,,,,,,,,,,,,,,,,,,,,,,,,,,,,,,,未検出,,,,,,,,,,,,,,,,,,,,
5250,5250.T,"GMO Prime Strategy Co.,Ltd.",汎用,2023/2/24,,,,,,,,,,,,,,,,,,,,,,,,,,,,,,,,,,,,,未検出,,,,,,,,,,,,,,,,,,,,
5253,5253.T,COVER Corporation,汎用,2023/3/27,,,,,,,,,,,,,,,,,,,,,,,,,,,,,,,,,,,,,未検出,,,,,,,,,,,,,,,,,,,,
5254,5254.T,Arent Inc.,汎用,2023/3/28,,,,,,,,,,,,,,,,,,,,,,,,,,,,,,,,,,,,,未検出,,,,,,,,,,,,,,,,,,,,
5255,5255.T,Monstarlab Inc.,汎用,2023/3/28,,,,,,,,,,,,,,,,,,,,,,,,,,,,,,,,,,,,,未検出,,,,,,,,,,,,,,,,,,,,
5257,5257.T,"Nova System Co.,Ltd.",汎用,2023/3/30,,,,,,,,,,,,,,,,,,,,,,,,,,,,,,,,,,,,,未検出,,,,,,,,,,,,,,,,,,,,
5258,5258.T,Transaction Media Networks Inc.,汎用,2023/4/4,,,,,,,,,,,,,,,,,,,,,,,,,,,,,,,,,,,,,未検出,,,,,,,,,,,,,,,,,,,,
5259,,,,,,,,,,,,,,,,,,,,,,,,,,,,,,,,,,,,,,,,,未検出,,,,,,,選択期間内に表示できる株価データがありません。,unknown,,,,,,,,,,,,
5572,5572.T,Ridge-i Inc.,汎用,2023/4/27,,,,,,,,,,,,,,,,,,,,,,,,,,,,,,,,,,,,,未検出,,,,,,,,,,,,,,,,,,,,
5574,5574.T,"ABEJA, Inc.",汎用,2023/6/14,,,,,,,,,,,,,,,,,,,,,,,,,,,,,,,,,,,,,未検出,,,,,,,,,,,,,,,,,,,,
5577,,,,,,,,,,,,,,,,,,,,,,,,,,,,,,,,,,,,,,,,,未検出,,,,,,,銘柄が見つかりませんでした。上場廃止・コード変更・市場違いの可能性があります。（分類: not_found）,not_found,,,,,,,,,,,,
5578,5578.T,"AR advanced technology, Inc.",汎用,2023/6/26,,,,,,,,,,,,,,,,,,,,,,,,,,,,,,,,,,,,,未検出,,,,,,,,,,,,,,,,,,,,
5579,,,,,,,,,,,,,,,,,,,,,,,,,,,,,,,,,,,,,,,,,未検出,,,,,,,銘柄が見つかりませんでした。上場廃止・コード変更・市場違いの可能性があります。（分類: not_found）,not_found,,,,,,,,,,,,
5580,5580.T,"Prodelight Co.,Ltd.",汎用,2023/6/28,,,,,,,,,,,,,,,,,,,,,,,,,,,,,,,,,,,,,未検出,,,,,,,,,,,,,,,,,,,,
5582,5582.T,GRID Inc.,汎用,2023/7/10,,,,,,,,,,,,,,,,,,,,,,,,,,,,,,,,,,,,,未検出,,,,,,,,,,,,,,,,,,,,
5585,,,,,,,,,,,,,,,,,,,,,,,,,,,,,,,,,,,,,,,,,未検出,,,,,,,銘柄が見つかりませんでした。上場廃止・コード変更・市場違いの可能性があります。（分類: not_found）,not_found,,,,,,,,,,,,
5588,5588.T,"Fast Accounting Co.,Ltd.",汎用,2023/9/22,,,,,,,,,,,,,,,,,,,,,,,,,,,,,,,,,,,,,未検出,,,,,,,,,,,,,,,,,,,,
5589,5589.T,"Auto Server Co., Ltd.",汎用,2023/9/26,,,,,,,,,,,,,,,,,,,,,,,,,,,,,,,,,,,,,未検出,,,,,,,,,,,,,,,,,,,,
5590,5590.T,"NETSTARS Co.,Ltd.",汎用,2023/9/26,,,,,,,,,,,,,,,,,,,,,,,,,,,,,,,,,,,,,未検出,,,,,,,,,,,,,,,,,,,,
5591,5591.T,AVILEN Inc.,汎用,2023/9/27,,,,,,,,,,,,,,,,,,,,,,,,,,,,,,,,,,,,,未検出,,,,,,,,,,,,,,,,,,,,
5595,,,,,,,,,,,,,,,,,,,,,,,,,,,,,,,,,,,,,,,,,未検出,,,,,,,銘柄が見つかりませんでした。上場廃止・コード変更・市場違いの可能性があります。（分類: not_found）,not_found,,,,,,,,,,,,
5596,,,,,,,,,,,,,,,,,,,,,,,,,,,,,,,,,,,,,,,,,未検出,,,,,,,銘柄が見つかりませんでした。上場廃止・コード変更・市場違いの可能性があります。（分類: not_found）,not_found,,,,,,,,,,,,
5597,5597.T,BLUE INNOVATION CO LTD,汎用,2023/12/12,,,,,,,,,,,,,,,,,,,,,,,,,,,,,,,,,,,,,未検出,,,,,,,,,,,,,,,,,,,,
5599,5599.T,S&J CORPORATION,汎用,2023/12/15,,,,,,,,,,,,,,,,,,,,,,,,,,,,,,,,,,,,,未検出,,,,,,,,,,,,,,,,,,,,
5616,5616.T,AME KAZE TAIYO INC,汎用,2023/12/18,,,,,,,,,,,,,,,,,,,,,,,,,,,,,,,,,,,,,未検出,,,,,,,,,,,,,,,,,,,,
5618,5618.T,NYLE INC,汎用,2023/12/20,,,,,,,,,,,,,,,,,,,,,,,,,,,,,,,,,,,,,未検出,,,,,,,,,,,,,,,,,,,,
5621,5621.T,HUMAN TECHNOLOGIES INC,汎用,2023/12/22,,,,,,,,,,,,,,,,,,,,,,,,,,,,,,,,,,,,,未検出,,,,,,,,,,,,,,,,,,,,
5834,5834.T,"SBI Leasing Services Co., Ltd.",汎用,2022/10/19,,,,,,,,,,,,,,,,,,,,,,,,,,,,,,,,,,,,,未検出,,,,,,,,,,,,,,,,,,,,
5836,,,,,,,,,,,,,,,,,,,,,,,,,,,,,,,,,,,,,,,,,未検出,,,,,,,銘柄が見つかりませんでした。上場廃止・コード変更・市場違いの可能性があります。（分類: not_found）,not_found,,,,,,,,,,,,
5842,5842.T,Integral Corporation,汎用,2023/9/20,,,,,,,,,,,,,,,,,,,,,,,,,,,,,,,,,,,,,未検出,,,,,,,,,,,,,,,,,,,,
5845,5845.T,ZENHOREN CO. LTD,汎用,2023/10/25,,,,,,,,,,,,,,,,,,,,,,,,,,,,,,,,,,,,,未検出,,,,,,,,,,,,,,,,,,,,
5848,,,,,,,,,,,,,,,,,,,,,,,,,,,,,,,,,,,,,,,,,未検出,,,,,,,銘柄が見つかりませんでした。上場廃止・コード変更・市場違いの可能性があります。（分類: not_found）,not_found,,,,,,,,,,,,
5858,5858.T,"STG Co., Ltd.",汎用,2019/6/26,,,,,,,,,,,,,,,,,,,,,,,,,,,,,,,,,,,,,未検出,,,,,,,,,,,,,,,,,,,,
5870,5870.T,NALNET COMMUNICATIONS INC.,汎用,2023/12/25,,,,,,,,,,,,,,,,,,,,,,,,,,,,,,,,,,,,,未検出,,,,,,,,,,,,,,,,,,,,
5884,5884.T,"KURADASHI.Co.,Ltd.",汎用,2023/6/30,,,,,,,,,,,,,,,,,,,,,,,,,,,,,,,,,,,,,未検出,,,,,,,,,,,,,,,,,,,,
5885,5885.T,"GDEP ADVANCE,Inc.",汎用,2023/6/30,,,,,,,,,,,,,,,,,,,,,,,,,,,,,,,,,,,,,未検出,,,,,,,,,,,,,,,,,,,,
5888,5888.T,DAIWA CYCLE CO LTD,汎用,2023/11/8,,,,,,,,,,,,,,,,,,,,,,,,,,,,,,,,,,,,,未検出,,,,,,,,,,,,,,,,,,,,
6030,6030.T,"Adventure, Inc.",汎用,2014/12/18,,,,,,,,,,,,,,,,,,,,,,,,,,,,,,,,,,,,,未検出,,,,,,,,,,,,,,,,,,,,
6038,6038.T,"IID, Inc.",汎用,2015/3/24,,,,,,,,,,,,,,,,,,,,,,,,,,,,,,,,,,,,,未検出,,,,,,,,,,,,,,,,,,,,
6040,6040.T,"Nippon Ski Resort Development Co.,Ltd.",汎用,2015/4/23,,,,,,,,,,,,,,,,,,,,,,,,,,,,,,,,,,,,,未検出,,,,,,,,,,,,,,,,,,,,
6048,,,,,,,,,,,,,,,,,,,,,,,,,,,,,,,,,,,,,,,,,未検出,,,,,,,銘柄が見つかりませんでした。上場廃止・コード変更・市場違いの可能性があります。（分類: not_found）,not_found,,,,,,,,,,,,
6079,,,,,,,,,,,,,,,,,,,,,,,,,,,,,,,,,,,,,,,,,未検出,,,,,,,銘柄が見つかりませんでした。上場廃止・コード変更・市場違いの可能性があります。（分類: not_found）,not_found,,,,,,,,,,,,
6172,,,,,,,,,,,,,,,,,,,,,,,,,,,,,,,,,,,,,,,,,未検出,,,,,,,銘柄が見つかりませんでした。上場廃止・コード変更・市場違いの可能性があります。（分類: not_found）,not_found,,,,,,,,,,,,
6192,,,,,,,,,,,,,,,,,,,,,,,,,,,,,,,,,,,,,,,,,未検出,,,,,,,銘柄が見つかりませんでした。上場廃止・コード変更・市場違いの可能性があります。（分類: not_found）,not_found,,,,,,,,,,,,
6194,6194.T,"Atrae, Inc.",汎用,2016/6/15,,,,,,,,,,,,,,,,,,,,,,,,,,,,,,,,,,,,,未検出,,,,,,,,,,,,,,,,,,,,
6195,6195.T,"Hope, Inc.",汎用,2016/6/15,,,,,,,,,,,,,,,,,,,,,,,,,,,,,,,,,,,,,未検出,,,,,,,,,,,,,,,,,,,,
6232,6232.T,ACSL Ltd.,汎用,2018/12/21,,,,,,,,,,,,,,,,,,,,,,,,,,,,,,,,,,,,,未検出,,,,,,,,,,,,,,,,,,,,
6521,6521.T,OXIDE Corporation,汎用,2021/4/5,,,,,,,,,,,,,,,,,,,,,,,,,,,,,,,,,,,,,未検出,,,,,,,,,,,,,,,,,,,,
6527,6527.T,"Waka Manufacturing Co., Ltd.",汎用,2023/6/2,,,,,,,,,,,,,,,,,,,,,,,,,,,,,,,,,,,,,未検出,,,,,,,,,,,,,,,,,,,,
6550,,,,,,,,,,,,,,,,,,,,,,,,,,,,,,,,,,,,,,,,,未検出,,,,,,,銘柄が見つかりませんでした。上場廃止・コード変更・市場違いの可能性があります。（分類: not_found）,not_found,,,,,,,,,,,,
6556,,,,,,,,,,,,,,,,,,,,,,,,,,,,,,,,,,,,,,,,,未検出,,,,,,,銘柄が見つかりませんでした。上場廃止・コード変更・市場違いの可能性があります。（分類: not_found）,not_found,,,,,,,,,,,,
6578,6578.T,"CORREC Co., Ltd.",汎用,2018/4/27,,,,,,,,,,,,,,,,,,,,,,,,,,,,,,,,,,,,,未検出,,,,,,,,,,,,,,,,,,,,
6618,,,,,,,,,,,,,,,,,,,,,,,,,,,,,,,,,,,,,,,,,未検出,,,,,,,銘柄が見つかりませんでした。上場廃止・コード変更・市場違いの可能性があります。（分類: not_found）,not_found,,,,,,,,,,,,
7062,7062.T,"Fureasu Co.,Ltd.",汎用,2019/3/28,,,,,,,,,,,,,,,,,,,,,,,,,,,,,,,,,,,,,未検出,,,,,,,,,,,,,,,,,,,,
7063,7063.T,Birdman Inc.,汎用,2019/4/1,,,,,,,,,,,,,,,,,,,,,,,,,,,,,,,,,,,,,未検出,,,,,,,,,,,,,,,,,,,,
7064,7064.T,"Howtelevision, Inc.",汎用,2019/4/25,,,,,,,,,,,,,,,,,,,,,,,,,,,,,,,,,,,,,未検出,,,,,,,,,,,,,,,,,,,,
7069,7069.T,"CyberBuzz, Inc.",汎用,2019/9/19,,,,,,,,,,,,,,,,,,,,,,,,,,,,,,,,,,,,,未検出,,,,,,,,,,,,,,,,,,,,
7078,7078.T,INCLUSIVE Holdings Inc.,汎用,2019/12/20,,,,,,,,,,,,,,,,,,,,,,,,,,,,,,,,,,,,,未検出,,,,,,,,,,,,,,,,,,,,
7080,7080.T,"Sportsfield Co., Ltd.",汎用,2019/12/27,,,,,,,,,,,,,,,,,,,,,,,,,,,,,,,,,,,,,未検出,,,,,,,,,,,,,,,,,,,,
7086,,,,,,,,,,,,,,,,,,,,,,,,,,,,,,,,,,,,,,,,,未検出,,,,,,,銘柄が見つかりませんでした。上場廃止・コード変更・市場違いの可能性があります。（分類: not_found）,not_found,,,,,,,,,,,,
7088,,,,,,,,,,,,,,,,,,,,,,,,,,,,,,,,,,,,,,,,,未検出,,,,,,,選択期間内に表示できる株価データがありません。,unknown,,,,,,,,,,,,
7094,7094.T,NexTone Inc.,汎用,2020/3/30,,,,,,,,,,,,,,,,,,,,,,,,,,,,,,,,,,,,,未検出,,,,,,,,,,,,,,,,,,,,
7095,7095.T,"Macbee Planet, Inc.",汎用,2020/3/31,,,,,,,,,,,,,,,,,,,,,,,,,,,,,,,,,,,,,未検出,,,,,,,,,,,,,,,,,,,,
7097,7097.T,"SAKURASAKU PLUS,Co.,Ltd.",汎用,2020/10/28,,,,,,,,,,,,,,,,,,,,,,,,,,,,,,,,,,,,,未検出,,,,,,,,,,,,,,,,,,,,
7098,7098.T,Agent Inc.,汎用,2020/4/28,,,,,,,,,,,,,,,,,,,,,,,,,,,,,,,,,,,,,未検出,,,,,,,,,,,,,,,,,,,,
7099,,,,,,,,,,,,,,,,,,,,,,,,,,,,,,,,,,,,,,,,,未検出,,,,,,,銘柄が見つかりませんでした。上場廃止・コード変更・市場違いの可能性があります。（分類: not_found）,not_found,,,,,,,,,,,,
7110,7110.T,Kurashicom Inc.,汎用,2022/8/5,,,,,,,,,,,,,,,,,,,,,,,,,,,,,,,,,,,,,未検出,,,,,,,,,,,,,,,,,,,,
7114,7114.T,"Foodison, Inc.",汎用,2022/12/16,,,,,,,,,,,,,,,,,,,,,,,,,,,,,,,,,,,,,未検出,,,,,,,,,,,,,,,,,,,,
7115,7115.T,AlphaPurchase Corporation,汎用,2022/12/26,,,,,,,,,,,,,,,,,,,,,,,,,,,,,,,,,,,,,未検出,,,,,,,,,,,,,,,,,,,,
7116,,,,,,,,,,,,,,,,,,,,,,,,,,,,,,,,,,,,,,,,,未検出,,,,,,,銘柄が見つかりませんでした。上場廃止・コード変更・市場違いの可能性があります。（分類: not_found）,not_found,,,,,,,,,,,,
7118,,,,,,,,,,,,,,,,,,,,,,,,,,,,,,,,,,,,,,,,,未検出,,,,,,,選択期間内に表示できる株価データがありません。,unknown,,,,,,,,,,,,
7138,7138.T,"TORICO Co., Ltd.",汎用,2022/3/23,,,,,,,,,,,,,,,,,,,,,,,,,,,,,,,,,,,,,未検出,,,,,,,,,,,,,,,,,,,,
7140,7140.T,Petgo Corporation,汎用,2022/4/28,,,,,,,,,,,,,,,,,,,,,,,,,,,,,,,,,,,,,未検出,,,,,,,,,,,,,,,,,,,,
7342,,,,,,,,,,,,,,,,,,,,,,,,,,,,,,,,,,,,,,,,,未検出,,,,,,,銘柄が見つかりませんでした。上場廃止・コード変更・市場違いの可能性があります。（分類: not_found）,not_found,,,,,,,,,,,,
7347,7347.T,"Mercuria Holdings Co., Ltd.",汎用,2021/7/1,,,,,,,,,,,,,,,,,,,,,,,,,,,,,,,,,,,,,未検出,,,,,,,,,,,,,,,,,,,,
7353,7353.T,"KIYO Learning Co.,Ltd.",汎用,2020/7/15,,,,,,,,,,,,,,,,,,,,,,,,,,,,,,,,,,,,,未検出,,,,,,,,,,,,,,,,,,,,
7356,7356.T,Retty Inc.,汎用,2020/10/30,,,,,,,,,,,,,,,,,,,,,,,,,,,,,,,,,,,,,未検出,,,,,,,,,,,,,,,,,,,,
7359,7359.T,"Tokyo Communications Group,Inc.",汎用,2020/12/24,,,,,,,,,,,,,,,,,,,,,,,,,,,,,,,,,,,,,未検出,,,,,,,,,,,,,,,,,,,,
7360,7360.T,"ONDECK Co., Ltd.",汎用,2020/12/30,,,,,,,,,,,,,,,,,,,,,,,,,,,,,,,,,,,,,未検出,,,,,,,,,,,,,,,,,,,,
7366,7366.T,LITALICO Inc.,汎用,2021/4/1,,,,,,,,,,,,,,,,,,,,,,,,,,,,,,,,,,,,,未検出,,,,,,,,,,,,,,,,,,,,
7368,7368.T,"HYOJITO Co., Ltd.",汎用,2021/4/7,,,,,,,,,,,,,,,,,,,,,,,,,,,,,,,,,,,,,未検出,,,,,,,,,,,,,,,,,,,,
7371,7371.T,Zenken Corporation,汎用,2021/6/16,,,,,,,,,,,,,,,,,,,,,,,,,,,,,,,,,,,,,未検出,,,,,,,,,,,,,,,,,,,,
7376,7376.T,"BCC Co., Ltd.",汎用,2021/7/7,,,,,,,,,,,,,,,,,,,,,,,,,,,,,,,,,,,,,未検出,,,,,,,,,,,,,,,,,,,,
7379,,,,,,,,,,,,,,,,,,,,,,,,,,,,,,,,,,,,,,,,,未検出,,,,,,,銘柄が見つかりませんでした。上場廃止・コード変更・市場違いの可能性があります。（分類: not_found）,not_found,,,,,,,,,,,,
7792,7792.T,"Colan Totte.Co.,Ltd.",汎用,2021/7/8,,,,,,,,,,,,,,,,,,,,,,,,,,,,,,,,,,,,,未検出,,,,,,,,,,,,,,,,,,,,
7793,7793.T,IMAGE MAGIC Inc.,汎用,2022/3/3,,,,,,,,,,,,,,,,,,,,,,,,,,,,,,,,,,,,,未検出,,,,,,,,,,,,,,,,,,,,
7794,7794.T,EDP Corporation,汎用,2022/6/27,,,,,,,,,,,,,,,,,,,,,,,,,,,,,,,,,,,,,未検出,,,,,,,,,,,,,,,,,,,,
7795,7795.T,"Kyoritsu Co.,Ltd.",汎用,2022/10/3,,,,,,,,,,,,,,,,,,,,,,,,,,,,,,,,,,,,,未検出,,,,,,,,,,,,,,,,,,,,
7796,,,,,,,,,,,,,,,,,,,,,,,,,,,,,,,,,,,,,,,,,未検出,,,,,,,銘柄が見つかりませんでした。上場廃止・コード変更・市場違いの可能性があります。（分類: not_found）,not_found,,,,,,,,,,,,
9212,9212.T,"Green Earth Institute Co., Ltd.",汎用,2021/12/24,,,,,,,,,,,,,,,,,,,,,,,,,,,,,,,,,,,,,未検出,,,,,,,,,,,,,,,,,,,,
9214,9214.T,"Recovery International Co.,Ltd.",汎用,2022/2/3,,,,,,,,,,,,,,,,,,,,,,,,,,,,,,,,,,,,,未検出,,,,,,,,,,,,,,,,,,,,
9215,9215.T,"CaSy Co., Ltd.",汎用,2022/2/22,,,,,,,,,,,,,,,,,,,,,,,,,,,,,,,,,,,,,未検出,,,,,,,,,,,,,,,,,,,,
9216,9216.T,"Bewith, Inc.",汎用,2022/3/2,,,,,,,,,,,,,,,,,,,,,,,,,,,,,,,,,,,,,未検出,,,,,,,,,,,,,,,,,,,,
9221,9221.T,Fuluhashi EPO Corporation,汎用,2022/4/21,,,,,,,,,,,,,,,,,,,,,,,,,,,,,,,,,,,,,未検出,,,,,,,,,,,,,,,,,,,,
9223,9223.T,ASNOVA CO LTD,汎用,2023/12/25,,,,,,,,,,,,,,,,,,,,,,,,,,,,,,,,,,,,,未検出,,,,,,,,,,,,,,,,,,,,
9225,9225.T,Bridge Consulting Group Inc.,汎用,2022/5/30,,,,,,,,,,,,,,,,,,,,,,,,,,,,,,,,,,,,,未検出,,,,,,,,,,,,,,,,,,,,
9227,9227.T,"Microwave Chemical Co., Ltd.",汎用,2022/6/24,,,,,,,,,,,,,,,,,,,,,,,,,,,,,,,,,,,,,未検出,,,,,,,,,,,,,,,,,,,,
9229,9229.T,"Sunwels Co.,Ltd.",汎用,2022/6/27,,,,,,,,,,,,,,,,,,,,,,,,,,,,,,,,,,,,,未検出,,,,,,,,,,,,,,,,,,,,
9235,9235.T,"Ureru Net Advertising Group Co.,Ltd.",汎用,2023/10/23,,,,,,,,,,,,,,,,,,,,,,,,,,,,,,,,,,,,,未検出,,,,,,,,,,,,,,,,,,,,
9236,9236.T,JAPAN M&A SOLUTION INCORPORATED,汎用,2023/10/24,,,,,,,,,,,,,,,,,,,,,,,,,,,,,,,,,,,,,未検出,,,,,,,,,,,,,,,,,,,,
9237,9237.T,EMIMEN CO LTD,汎用,2023/10/26,,,,,,,,,,,,,,,,,,,,,,,,,,,,,,,,,,,,,未検出,,,,,,,,,,,,,,,,,,,,
9238,9238.T,VALUE CREATION CO LTD,汎用,2023/11/22,,,,,,,,,,,,,,,,,,,,,,,,,,,,,,,,,,,,,未検出,,,,,,,,,,,,,,,,,,,,
9239,9239.T,"9239.T,0P0001RROR,0",汎用,2023/11/22,,,,,,,,,,,,,,,,,,,,,,,,,,,,,,,,,,,,,未検出,,,,,,,,,,,,,,,,,,,,
9240,9240.T,Delivery Consulting Inc.,汎用,2021/7/29,,,,,,,,,,,,,,,,,,,,,,,,,,,,,,,,,,,,,未検出,,,,,,,,,,,,,,,,,,,,
9241,9241.T,"Future Link Network Co.,Ltd.",汎用,2021/8/20,,,,,,,,,,,,,,,,,,,,,,,,,,,,,,,,,,,,,未検出,,,,,,,,,,,,,,,,,,,,
9247,9247.T,TRE Holdings Corporation,汎用,2021/10/1,,,,,,,,,,,,,,,,,,,,,,,,,,,,,,,,,,,,,未検出,,,,,,,,,,,,,,,,,,,,
9251,9251.T,"AB&Company Co.,Ltd.",汎用,2021/11/19,,,,,,,,,,,,,,,,,,,,,,,,,,,,,,,,,,,,,未検出,,,,,,,,,,,,,,,,,,,,
9252,9252.T,"Last One Mile Co.,Ltd.",汎用,2021/11/24,,,,,,,,,,,,,,,,,,,,,,,,,,,,,,,,,,,,,未検出,,,,,,,,,,,,,,,,,,,,
9253,9253.T,Slogan Inc.,汎用,2021/11/25,,,,,,,,,,,,,,,,,,,,,,,,,,,,,,,,,,,,,未検出,,,,,,,,,,,,,,,,,,,,
9256,9256.T,"Succeed co.,ltd.",汎用,2021/12/22,,,,,,,,,,,,,,,,,,,,,,,,,,,,,,,,,,,,,未検出,,,,,,,,,,,,,,,,,,,,
9257,9257.T,YCP Holdings (Global) Limited,汎用,2021/12/21,,,,,,,,,,,,,,,,,,,,,,,,,,,,,,,,,,,,,未検出,,,,,,,,,,,,,,,,,,,,
9258,9258.T,"CS-C.Co.,Ltd.",汎用,2021/12/24,,,,,,,,,,,,,,,,,,,,,,,,,,,,,,,,,,,,,未検出,,,,,,,,,,,,,,,,,,,,
9336,9336.T,"Daiei Kankyo Co., Ltd.",汎用,2022/12/14,,,,,,,,,,,,,,,,,,,,,,,,,,,,,,,,,,,,,未検出,,,,,,,,,,,,,,,,,,,,
9338,9338.T,Inforich Inc.,汎用,2022/12/21,,,,,,,,,,,,,,,,,,,,,,,,,,,,,,,,,,,,,未検出,,,,,,,,,,,,,,,,,,,,
9340,9340.T,"ASO International, Inc.",汎用,2022/12/23,,,,,,,,,,,,,,,,,,,,,,,,,,,,,,,,,,,,,未検出,,,,,,,,,,,,,,,,,,,,
9341,9341.T,"GENOVA, Inc.",汎用,2022/12/23,,,,,,,,,,,,,,,,,,,,,,,,,,,,,,,,,,,,,未検出,,,,,,,,,,,,,,,,,,,,
9342,9342.T,Sumasapo Inc.,汎用,2022/12/30,,,,,,,,,,,,,,,,,,,,,,,,,,,,,,,,,,,,,未検出,,,,,,,,,,,,,,,,,,,,
9344,9344.T,Axis Consulting Corporation,汎用,2023/3/28,,,,,,,,,,,,,,,,,,,,,,,,,,,,,,,,,,,,,未検出,,,,,,,,,,,,,,,,,,,,
9348,9348.T,"ispace, inc.",汎用,2023/4/13,,,,,,,,,,,,,,,,,,,,,,,,,,,,,,,,,,,,,未検出,,,,,,,,,,,,,,,,,,,,
9349,,,,,,,,,,,,,,,,,,,,,,,,,,,,,,,,,,,,,,,,,未検出,,,,,,,銘柄が見つかりませんでした。上場廃止・コード変更・市場違いの可能性があります。（分類: not_found）,not_found,,,,,,,,,,,,
9552,9552.T,"Quants Research Institute Holdings, Inc.",汎用,2022/6/28,,,,,,,,,,,,,,,,,,,,,,,,,,,,,,,,,,,,,未検出,,,,,,,,,,,,,,,,,,,,
9553,9553.T,"MicroAd, Inc.",汎用,2022/6/29,,,,,,,,,,,,,,,,,,,,,,,,,,,,,,,,,,,,,未検出,,,,,,,,,,,,,,,,,,,,
9556,9556.T,INTLOOP Inc.,汎用,2022/7/8,,,,,,,,,,,,,,,,,,,,,,,,,,,,,,,,,,,,,未検出,,,,,,,,,,,,,,,,,,,,
9557,9557.T,"airCloset, Inc.",汎用,2022/7/29,,,,,,,,,,,,,,,,,,,,,,,,,,,,,,,,,,,,,未検出,,,,,,,,,,,,,,,,,,,,
9558,9558.T,"Japaniace Co.,Ltd.",汎用,2022/9/13,,,,,,,,,,,,,,,,,,,,,,,,,,,,,,,,,,,,,未検出,,,,,,,,,,,,,,,,,,,,
9560,9560.T,PROGRIT Inc.,汎用,2022/9/29,,,,,,,,,,,,,,,,,,,,,,,,,,,,,,,,,,,,,未検出,,,,,,,,,,,,,,,,,,,,
9565,9565.T,GLOE Inc.,汎用,2022/12/1,,,,,,,,,,,,,,,,,,,,,,,,,,,,,,,,,,,,,未検出,,,,,,,,,,,,,,,,,,,,
AZN,AZN,AstraZeneca PLC,汎用,1993/5/12,,,,,,,,,,,,,,,,,,,,,,,,,,,,,,,,,,,,,未検出,,,,,,,,,,,,,,,,,,,,
PDD,PDD,PDD Holdings Inc.,汎用,2018/7/26,,,,,,,,,,,,,,,,,,,,,,,,,,,,,,,,,,,,,未検出,,,,,,,,,,,,,,,,,,,,
MELI,MELI,"MercadoLibre, Inc.",汎用,2007/8/10,,,,,,,,,,,,,,,,,,,,,,,,,,,,,,,,,,,,,未検出,,,,,,,,,,,,,,,,,,,,
CEG,CEG,Constellation Energy Corporation,汎用,2022/1/19,,,,,,,,,,,,,,,,,,,,,,,,,,,,,,,,,,,,,未検出,,,,,,,,,,,,,,,,,,,,
CTAS,CTAS,Cintas Corporation,汎用,1983/8/19,,,,,,,,,,,,,,,,,,,,,,,,,,,,,,,,,,,,,未検出,,,,,,,,,,,,,,,,,,,,
DASH,DASH,"DoorDash, Inc.",汎用,2020/12/9,,,,,,,,,,,,,,,,,,,,,,,,,,,,,,,,,,,,,未検出,,,,,,,,,,,,,,,,,,,,
CSX,CSX,CSX Corporation,汎用,1980/11/3,,,,,,,,,,,,,,,,,,,,,,,,,,,,,,,,,,,,,未検出,,,,,,,,,,,,,,,,,,,,
ADSK,ADSK,"Autodesk, Inc.",汎用,1985/6/28,,,,,,,,,,,,,,,,,,,,,,,,,,,,,,,,,,,,,未検出,,,,,,,,,,,,,,,,,,,,
PYPL,PYPL,"PayPal Holdings, Inc.",汎用,2015/7/6,,,,,,,,,,,,,,,,,,,,,,,,,,,,,,,,,,,,,未検出,,,,,,,,,,,,,,,,,,,,
PCAR,PCAR,PACCAR Inc,汎用,1980/3/17,,,,,,,,,,,,,,,,,,,,,,,,,,,,,,,,,,,,,未検出,,,,,,,,,,,,,,,,,,,,
PAYX,PAYX,"Paychex, Inc.",汎用,1983/8/26,,,,,,,,,,,,,,,,,,,,,,,,,,,,,,,,,,,,,未検出,,,,,,,,,,,,,,,,,,,,
AEP,,,,,,,,,,,,,,,,,,,,,,,,,,,,,,,,,,,,,,,,,未検出,,,,,,,[Errno 22] Invalid argument,unknown,,,,,,,,,,,,
KDP,KDP,Keurig Dr Pepper Inc.,汎用,2008/5/7,,,,,,,,,,,,,,,,,,,,,,,,,,,,,,,,,,,,,未検出,,,,,,,,,,,,,,,,,,,,
FAST,FAST,Fastenal Company,汎用,1987/8/20,,,,,,,,,,,,,,,,,,,,,,,,,,,,,,,,,,,,,未検出,,,,,,,,,,,,,,,,,,,,
FANG,FANG,"Diamondback Energy, Inc.",汎用,2012/10/12,,,,,,,,,,,,,,,,,,,,,,,,,,,,,,,,,,,,,未検出,,,,,,,,,,,,,,,,,,,,
GEHC,GEHC,GE HealthCare Technologies Inc.,汎用,2022/12/15,,,,,,,,,,,,,,,,,,,,,,,,,,,,,,,,,,,,,未検出,,,,,,,,,,,,,,,,,,,,
TTWO,TTWO,"Take-Two Interactive Software, Inc.",汎用,1997/4/15,,,,,,,,,,,,,,,,,,,,,,,,,,,,,,,,,,,,,未検出,,,,,,,,,,,,,,,,,,,,
IDXX,IDXX,"IDEXX Laboratories, Inc.",汎用,1991/6/21,,,,,,,,,,,,,,,,,,,,,,,,,,,,,,,,,,,,,未検出,,,,,,,,,,,,,,,,,,,,
DDOG,DDOG,"Datadog, Inc.",汎用,2019/9/19,,,,,,,,,,,,,,,,,,,,,,,,,,,,,,,,,,,,,未検出,,,,,,,,,,,,,,,,,,,,
VRSK,VRSK,"Verisk Analytics, Inc.",汎用,2009/10/7,,,,,,,,,,,,,,,,,,,,,,,,,,,,,,,,,,,,,未検出,,,,,,,,,,,,,,,,,,,,
ZS,ZS,"Zscaler, Inc.",汎用,2018/3/16,,,,,,,,,,,,,,,,,,,,,,,,,,,,,,,,,,,,,未検出,,,,,,,,,,,,,,,,,,,,
LULU,LULU,lululemon athletica inc.,汎用,2007/7/27,,,,,,,,,,,,,,,,,,,,,,,,,,,,,,,,,,,,,未検出,,,,,,,,,,,,,,,,,,,,
MDB,MDB,"MongoDB, Inc.",汎用,2017/10/19,,,,,,,,,,,,,,,,,,,,,,,,,,,,,,,,,,,,,未検出,,,,,,,,,,,,,,,,,,,,
ANSS,,,,,,,,,,,,,,,,,,,,,,,,,,,,,,,,,,,,,,,,,未検出,,,,,,,銘柄が見つかりませんでした。上場廃止・コード変更・市場違いの可能性があります。（分類: not_found）,not_found,,,,,,,,,,,,
GFS,GFS,GLOBALFOUNDRIES Inc.,汎用,2021/10/28,,,,,,,,,,,,,,,,,,,,,,,,,,,,,,,,,,,,,未検出,,,,,,,,,,,,,,,,,,,,
CDW,CDW,CDW Corporation,汎用,2013/6/27,,,,,,,,,,,,,,,,,,,,,,,,,,,,,,,,,,,,,未検出,,,,,,,,,,,,,,,,,,,,
MRNA,MRNA,"Moderna, Inc.",汎用,2018/12/7,,,,,,,,,,,,,,,,,,,,,,,,,,,,,,,,,,,,,未検出,,,,,,,,,,,,,,,,,,,,
WBA,,,,,,,,,,,,,,,,,,,,,,,,,,,,,,,,,,,,,,,,,未検出,,,,,,,銘柄が見つかりませんでした。上場廃止・コード変更・市場違いの可能性があります。（分類: not_found）,not_found,,,,,,,,,,,,
SOXL|ETF,SOXL,Direxion Daily Semiconductor Bull 3X Shares,汎用,2010/3/11,,,,,,,,,,,,,,,,,,,,,,,,,,,,,,,,,,,,,未検出,,,,,,,,,,,,,,,,,,,,
SOXS|ETF,SOXS,Direxion Daily Semiconductor Bear 3X Shares,汎用,2010/3/11,,,,,,,,,,,,,,,,,,,,,,,,,,,,,,,,,,,,,未検出,,,,,,,,,,,,,,,,,,,,
MTSI,MTSI,"MACOM Technology Solutions Holdings, Inc.",汎用,2012/3/15,,,,,,,,,,,,,,,,,,,,,,,,,,,,,,,,,,,,,未検出,,,,,,,,,,,,,,,,,,,,
WOLF,WOLF,"Wolfspeed, Inc.",汎用,2025/9/29,,,,,,,,,,,,,,,,,,,,,,,,,,,,,,,,,,,,,未検出,,,,,,,,,,,,,,,,,,,,
ACMR,ACMR,"ACM Research, Inc.",汎用,2017/11/2,,,,,,,,,,,,,,,,,,,,,,,,,,,,,,,,,,,,,未検出,,,,,,,,,,,,,,,,,,,,
ALGM,ALGM,"Allegro MicroSystems, Inc.",汎用,2020/10/29,,,,,,,,,,,,,,,,,,,,,,,,,,,,,,,,,,,,,未検出,,,,,,,,,,,,,,,,,,,,
NVTS,NVTS,Navitas Semiconductor Corporation,汎用,2021/10/20,,,,,,,,,,,,,,,,,,,,,,,,,,,,,,,,,,,,,未検出,,,,,,,,,,,,,,,,,,,,
PI,PI,"Impinj, Inc.",汎用,2016/7/21,,,,,,,,,,,,,,,,,,,,,,,,,,,,,,,,,,,,,未検出,,,,,,,,,,,,,,,,,,,,
VOO|ETF,VOO,Vanguard S&P 500 ETF,汎用,2010/9/9,,,,,,,,,,,,,,,,,,,,,,,,,,,,,,,,,,,,,未検出,,,,,,,,,,,,,,,,,,,,
SPY|ETF,SPY,State Street SPDR S&P 500 ETF Trust,汎用,1993/1/29,,,,,,,,,,,,,,,,,,,,,,,,,,,,,,,,,,,,,未検出,,,,,,,,,,,,,,,,,,,,
IVV|ETF,IVV,iShares Core S&P 500 ETF,汎用,2000/5/19,,,,,,,,,,,,,,,,,,,,,,,,,,,,,,,,,,,,,未検出,,,,,,,,,,,,,,,,,,,,
DIA|ETF,DIA,State Street SPDR Dow Jones Industrial Average ETF Trust,汎用,1998/1/20,,,,,,,,,,,,,,,,,,,,,,,,,,,,,,,,,,,,,未検出,,,,,,,,,,,,,,,,,,,,
VTI|ETF,VTI,Vanguard Total Stock Market Index Fund ETF Shares,汎用,2001/6/15,,,,,,,,,,,,,,,,,,,,,,,,,,,,,,,,,,,,,未検出,,,,,,,,,,,,,,,,,,,,
VEA|ETF,VEA,Vanguard FTSE Developed Markets Index Fund ETF Shares,汎用,2007/7/26,,,,,,,,,,,,,,,,,,,,,,,,,,,,,,,,,,,,,未検出,,,,,,,,,,,,,,,,,,,,
VWO|ETF,VWO,Vanguard Emerging Markets Stock Index Fund,汎用,2005/3/10,,,,,,,,,,,,,,,,,,,,,,,,,,,,,,,,,,,,,未検出,,,,,,,,,,,,,,,,,,,,
XLK|ETF,XLK,State Street Technology Select Sector SPDR ETF,汎用,1998/12/22,,,,,,,,,,,,,,,,,,,,,,,,,,,,,,,,,,,,,未検出,,,,,,,,,,,,,,,,,,,,
XLY|ETF,XLY,State Street Consumer Discretionary Select Sector SPDR ETF,汎用,1998/12/22,,,,,,,,,,,,,,,,,,,,,,,,,,,,,,,,,,,,,未検出,,,,,,,,,,,,,,,,,,,,
XLC|ETF,XLC,State Street Communication Services Select Sector SPDR ETF,汎用,2018/6/19,,,,,,,,,,,,,,,,,,,,,,,,,,,,,,,,,,,,,未検出,,,,,,,,,,,,,,,,,,,,
XLV|ETF,XLV,State Street Health Care Select Sector SPDR ETF,汎用,1998/12/22,,,,,,,,,,,,,,,,,,,,,,,,,,,,,,,,,,,,,未検出,,,,,,,,,,,,,,,,,,,,
XLI|ETF,XLI,State Street Industrial Select Sector SPDR ETF,汎用,1998/12/22,,,,,,,,,,,,,,,,,,,,,,,,,,,,,,,,,,,,,未検出,,,,,,,,,,,,,,,,,,,,
XLP|ETF,XLP,State Street Consumer Staples Select Sector SPDR ETF,汎用,1998/12/22,,,,,,,,,,,,,,,,,,,,,,,,,,,,,,,,,,,,,未検出,,,,,,,,,,,,,,,,,,,,
XLRE|ETF,XLRE,State Street Real Estate Select Sector SPDR ETF,汎用,2015/10/8,,,,,,,,,,,,,,,,,,,,,,,,,,,,,,,,,,,,,未検出,,,,,,,,,,,,,,,,,,,,
IEF|ETF,IEF,iShares 7-10 Year Treasury Bond ETF,汎用,2002/7/30,,,,,,,,,,,,,,,,,,,,,,,,,,,,,,,,,,,,,未検出,,,,,,,,,,,,,,,,,,,,
SHY|ETF,SHY,iShares 1-3 Year Treasury Bond ETF,汎用,2002/7/30,,,,,,,,,,,,,,,,,,,,,,,,,,,,,,,,,,,,,未検出,,,,,,,,,,,,,,,,,,,,
HYG|ETF,HYG,iShares iBoxx $ High Yield Corporate Bond ETF,汎用,2007/4/11,,,,,,,,,,,,,,,,,,,,,,,,,,,,,,,,,,,,,未検出,,,,,,,,,,,,,,,,,,,,
LQD|ETF,LQD,iShares iBoxx $ Investment Grade Corporate Bond ETF,汎用,2002/7/30,,,,,,,,,,,,,,,,,,,,,,,,,,,,,,,,,,,,,未検出,,,,,,,,,,,,,,,,,,,,
TIP|ETF,TIP,iShares TIPS Bond ETF,汎用,2003/12/5,,,,,,,,,,,,,,,,,,,,,,,,,,,,,,,,,,,,,未検出,,,,,,,,,,,,,,,,,,,,
UUP|ETF,UUP,Invesco DB US Dollar Index Bullish Fund,汎用,2007/3/1,,,,,,,,,,,,,,,,,,,,,,,,,,,,,,,,,,,,,未検出,,,,,,,,,,,,,,,,,,,,
FXY|ETF,FXY,Invesco CurrencyShares Japanese Yen Trust,汎用,2007/2/13,,,,,,,,,,,,,,,,,,,,,,,,,,,,,,,,,,,,,未検出,,,,,,,,,,,,,,,,,,,,
FXE|ETF,FXE,Invesco CurrencyShares Euro Currency Trust,汎用,2005/12/12,,,,,,,,,,,,,,,,,,,,,,,,,,,,,,,,,,,,,未検出,,,,,,,,,,,,,,,,,,,,
FXB|ETF,FXB,Invesco CurrencyShares British Pound Sterling Trust,汎用,2006/6/26,,,,,,,,,,,,,,,,,,,,,,,,,,,,,,,,,,,,,未検出,,,,,,,,,,,,,,,,,,,,
FXA|ETF,FXA,Invesco CurrencyShares Australian Dollar Trust,汎用,2006/6/26,,,,,,,,,,,,,,,,,,,,,,,,,,,,,,,,,,,,,未検出,,,,,,,,,,,,,,,,,,,,
^GSPC|ETF,,,,,,,,,,,,,,,,,,,,,,,,,,,,,,,,,,,,,,,,,未検出,,,,,,,[Errno 22] Invalid argument,unknown,,,,,,,,,,,,
^IXIC|ETF,^IXIC,NASDAQ Composite,汎用,1971/2/5,,,,,,,,,,,,,,,,,,,,,,,,,,,,,,,,,,,,,未検出,,,,,,,,,,,,,,,,,,,,
^DJI|ETF,^DJI,Dow Jones Industrial Average,汎用,1992/1/2,,,,,,,,,,,,,,,,,,,,,,,,,,,,,,,,,,,,,未検出,,,,,,,,,,,,,,,,,,,,
^RUT|ETF,^RUT, Russell 2000 Index,汎用,1987/9/10,,,,,,,,,,,,,,,,,,,,,,,,,,,,,,,,,,,,,未検出,,,,,,,,,,,,,,,,,,,,
^SOX|ETF,^SOX,PHLX Semiconductor,汎用,1994/5/4,,,,,,,,,,,,,,,,,,,,,,,,,,,,,,,,,,,,,未検出,,,,,,,,,,,,,,,,,,,,
^N225|ETF,,,,,,,,,,,,,,,,,,,,,,,,,,,,,,,,,,,,,,,,,未検出,,,,,,,[Errno 22] Invalid argument,unknown,,,,,,,,,,,,
^TOPX|ETF,,,,,,,,,,,,,,,,,,,,,,,,,,,,,,,,,,,,,,,,,未検出,,,,,,,選択期間内に表示できる株価データがありません。,unknown,,,,,,,,,,,,
GC=F|ETF,GC=F,Gold Aug 26,汎用,2000/8/30,,,,,,,,,,,,,,,,,,,,,,,,,,,,,,,,,,,,,未検出,,,,,,,,,,,,,,,,,,,,
SI=F|ETF,SI=F,Silver Jul 26,汎用,2000/8/30,,,,,,,,,,,,,,,,,,,,,,,,,,,,,,,,,,,,,未検出,,,,,,,,,,,,,,,,,,,,
